pair_id,screen_id,left_file,right_file,final_choice,final_score,choice_trace,num_choice_changes,attention_check,timestamp_utc,uid,cid,orig_uid,rt_ms,client_w,client_h
10681::gpt_comp_s2w_10681_v1.png||gpt_comp_s2w_10681_v2.png,10681,gpt_comp_s2w_10681_v1.png,gpt_comp_s2w_10681_v2.png,A > B,-1,"2,2,2,2,2,2,3,3,4,4,1,2,2",4,no,2025-11-02T22:39:14.683374+00:00,T000000,10681::gpt_comp_s2w_10681_v1.png>>gpt_comp_s2w_10681_v2.png::T000000,,18125,2065,1029
10681::gpt_comp_s2w_10681_v1.png||gpt_comp_s2w_10681_v3.png,10681,gpt_comp_s2w_10681_v1.png,gpt_comp_s2w_10681_v3.png,A << B,2,4,0,no,2025-11-02T22:41:05.774346+00:00,T000001,10681::gpt_comp_s2w_10681_v1.png>>gpt_comp_s2w_10681_v3.png::T000001,,2631,2065,1029
10681::gpt_comp_s2w_10681_v1.png||gpt_comp_s2w_10681_v4.png,10681,gpt_comp_s2w_10681_v1.png,gpt_comp_s2w_10681_v4.png,A > B,-1,2,0,no,2025-11-02T22:40:54.524010+00:00,T000002,10681::gpt_comp_s2w_10681_v1.png>>gpt_comp_s2w_10681_v4.png::T000002,,16502,2065,1029
10681::gpt_comp_s2w_10681_v2.png||gpt_comp_s2w_10681_v3.png,10681,gpt_comp_s2w_10681_v2.png,gpt_comp_s2w_10681_v3.png,A < B,1,3,0,no,2025-11-02T22:40:34.664033+00:00,T000003,10681::gpt_comp_s2w_10681_v2.png>>gpt_comp_s2w_10681_v3.png::T000003,,12145,2065,1029
10681::gpt_comp_s2w_10681_v2.png||gpt_comp_s2w_10681_v4.png,10681,gpt_comp_s2w_10681_v2.png,gpt_comp_s2w_10681_v4.png,A > B,-1,2,0,no,2025-11-02T22:41:30.933542+00:00,T000004,10681::gpt_comp_s2w_10681_v2.png>>gpt_comp_s2w_10681_v4.png::T000004,,22756,2065,1029
10681::gpt_comp_s2w_10681_v3.png||gpt_comp_s2w_10681_v4.png,10681,gpt_comp_s2w_10681_v3.png,gpt_comp_s2w_10681_v4.png,A > B,-1,2,0,no,2025-11-02T22:40:04.975696+00:00,T000005,10681::gpt_comp_s2w_10681_v3.png>>gpt_comp_s2w_10681_v4.png::T000005,,17524,2065,1029
12842::gemini_comp_s2w_12842_v1.png||gemini_comp_s2w_12842_v2.png,12842,gemini_comp_s2w_12842_v1.png,gemini_comp_s2w_12842_v2.png,A >> B,-2,1,0,no,2025-11-02T22:42:44.684376+00:00,T000006,12842::gemini_comp_s2w_12842_v1.png>>gemini_comp_s2w_12842_v2.png::T000006,,2444,2065,1029
12842::gemini_comp_s2w_12842_v1.png||gemini_comp_s2w_12842_v3.png,12842,gemini_comp_s2w_12842_v1.png,gemini_comp_s2w_12842_v3.png,A < B,1,"3,2,3",2,no,2025-11-02T22:42:32.914493+00:00,T000007,12842::gemini_comp_s2w_12842_v1.png>>gemini_comp_s2w_12842_v3.png::T000007,,2575,2065,1029
12842::gemini_comp_s2w_12842_v1.png||gemini_comp_s2w_12842_v4.png,12842,gemini_comp_s2w_12842_v1.png,gemini_comp_s2w_12842_v4.png,A > B,-1,2,0,no,2025-11-02T22:42:38.434294+00:00,T000008,12842::gemini_comp_s2w_12842_v1.png>>gemini_comp_s2w_12842_v4.png::T000008,,3416,2065,1029
12842::gemini_comp_s2w_12842_v2.png||gemini_comp_s2w_12842_v3.png,12842,gemini_comp_s2w_12842_v2.png,gemini_comp_s2w_12842_v3.png,A << B,2,4,0,no,2025-11-02T22:41:48.945358+00:00,T000009,12842::gemini_comp_s2w_12842_v2.png>>gemini_comp_s2w_12842_v3.png::T000009,,6466,2065,1029
12842::gemini_comp_s2w_12842_v2.png||gemini_comp_s2w_12842_v4.png,12842,gemini_comp_s2w_12842_v2.png,gemini_comp_s2w_12842_v4.png,A << B,2,4,0,no,2025-11-02T22:41:40.240383+00:00,T000010,12842::gemini_comp_s2w_12842_v2.png>>gemini_comp_s2w_12842_v4.png::T000010,,5968,2065,1029
12842::gemini_comp_s2w_12842_v3.png||gemini_comp_s2w_12842_v4.png,12842,gemini_comp_s2w_12842_v3.png,gemini_comp_s2w_12842_v4.png,A > B,-1,2,0,no,2025-11-02T22:42:07.085112+00:00,T000011,12842::gemini_comp_s2w_12842_v3.png>>gemini_comp_s2w_12842_v4.png::T000011,,14899,2065,1029
13350::gemini_comp_s2w_13350_v1.png||gemini_comp_s2w_13350_v2.png,13350,gemini_comp_s2w_13350_v1.png,gemini_comp_s2w_13350_v2.png,A < B,1,"2,3",1,no,2025-11-02T22:43:13.556460+00:00,T000012,13350::gemini_comp_s2w_13350_v1.png>>gemini_comp_s2w_13350_v2.png::T000012,,5263,2065,1029
13350::gemini_comp_s2w_13350_v1.png||gemini_comp_s2w_13350_v3.png,13350,gemini_comp_s2w_13350_v1.png,gemini_comp_s2w_13350_v3.png,A > B,-1,2,0,no,2025-11-02T22:42:52.455092+00:00,T000013,13350::gemini_comp_s2w_13350_v1.png>>gemini_comp_s2w_13350_v3.png::T000013,,6314,2065,1029
13350::gemini_comp_s2w_13350_v1.png||gemini_comp_s2w_13350_v4.png,13350,gemini_comp_s2w_13350_v1.png,gemini_comp_s2w_13350_v4.png,A > B,-1,2,0,no,2025-11-02T22:43:27.225441+00:00,T000014,13350::gemini_comp_s2w_13350_v1.png>>gemini_comp_s2w_13350_v4.png::T000014,,3483,2065,1029
13350::gemini_comp_s2w_13350_v2.png||gemini_comp_s2w_13350_v3.png,13350,gemini_comp_s2w_13350_v2.png,gemini_comp_s2w_13350_v3.png,A >> B,-2,1,0,no,2025-11-02T22:43:21.274704+00:00,T000015,13350::gemini_comp_s2w_13350_v2.png>>gemini_comp_s2w_13350_v3.png::T000015,,2527,2065,1029
13350::gemini_comp_s2w_13350_v2.png||gemini_comp_s2w_13350_v4.png,13350,gemini_comp_s2w_13350_v2.png,gemini_comp_s2w_13350_v4.png,A > B,-1,2,0,no,2025-11-02T22:43:16.923212+00:00,T000016,13350::gemini_comp_s2w_13350_v2.png>>gemini_comp_s2w_13350_v4.png::T000016,,1823,2065,1029
13350::gemini_comp_s2w_13350_v3.png||gemini_comp_s2w_13350_v4.png,13350,gemini_comp_s2w_13350_v3.png,gemini_comp_s2w_13350_v4.png,A < B,1,3,0,no,2025-11-02T22:43:00.963905+00:00,T000017,13350::gemini_comp_s2w_13350_v3.png>>gemini_comp_s2w_13350_v4.png::T000017,,6256,2065,1029
13585::gemini_comp_s2w_13585_v1.png||gemini_comp_s2w_13585_v2.png,13585,gemini_comp_s2w_13585_v1.png,gemini_comp_s2w_13585_v2.png,A << B,2,4,0,no,2025-11-02T22:43:53.744074+00:00,T000018,13585::gemini_comp_s2w_13585_v1.png>>gemini_comp_s2w_13585_v2.png::T000018,,4187,2065,1029
13585::gemini_comp_s2w_13585_v1.png||gemini_comp_s2w_13585_v3.png,13585,gemini_comp_s2w_13585_v1.png,gemini_comp_s2w_13585_v3.png,A << B,2,"3,4",1,no,2025-11-02T22:43:39.034575+00:00,T000019,13585::gemini_comp_s2w_13585_v1.png>>gemini_comp_s2w_13585_v3.png::T000019,,2275,2065,1029
13585::gemini_comp_s2w_13585_v1.png||gemini_comp_s2w_13585_v4.png,13585,gemini_comp_s2w_13585_v1.png,gemini_comp_s2w_13585_v4.png,A << B,2,4,0,no,2025-11-02T22:44:05.803559+00:00,T000020,13585::gemini_comp_s2w_13585_v1.png>>gemini_comp_s2w_13585_v4.png::T000020,,4063,2065,1029
13585::gemini_comp_s2w_13585_v2.png||gemini_comp_s2w_13585_v3.png,13585,gemini_comp_s2w_13585_v2.png,gemini_comp_s2w_13585_v3.png,A < B,1,3,0,no,2025-11-02T22:44:15.701447+00:00,T000021,13585::gemini_comp_s2w_13585_v2.png>>gemini_comp_s2w_13585_v3.png::T000021,,7713,2065,1029
13585::gemini_comp_s2w_13585_v2.png||gemini_comp_s2w_13585_v4.png,13585,gemini_comp_s2w_13585_v2.png,gemini_comp_s2w_13585_v4.png,A << B,2,4,0,no,2025-11-02T22:43:46.886794+00:00,T000022,13585::gemini_comp_s2w_13585_v2.png>>gemini_comp_s2w_13585_v4.png::T000022,,5834,2065,1029
13585::gemini_comp_s2w_13585_v3.png||gemini_comp_s2w_13585_v4.png,13585,gemini_comp_s2w_13585_v3.png,gemini_comp_s2w_13585_v4.png,A << B,2,4,0,no,2025-11-02T22:43:59.604230+00:00,T000023,13585::gemini_comp_s2w_13585_v3.png>>gemini_comp_s2w_13585_v4.png::T000023,,3803,2065,1029
14289::gpt_comp_s2w_14289_v1.png||gpt_comp_s2w_14289_v2.png,14289,gpt_comp_s2w_14289_v1.png,gpt_comp_s2w_14289_v2.png,A > B,-1,2,0,no,2025-11-02T22:45:35.987378+00:00,T000024,14289::gpt_comp_s2w_14289_v1.png>>gpt_comp_s2w_14289_v2.png::T000024,,4270,2065,1029
14289::gpt_comp_s2w_14289_v1.png||gpt_comp_s2w_14289_v3.png,14289,gpt_comp_s2w_14289_v1.png,gpt_comp_s2w_14289_v3.png,A < B,1,3,0,no,2025-11-02T22:45:57.676166+00:00,T000025,14289::gpt_comp_s2w_14289_v1.png>>gpt_comp_s2w_14289_v3.png::T000025,,2470,2065,1029
14289::gpt_comp_s2w_14289_v1.png||gpt_comp_s2w_14289_v4.png,14289,gpt_comp_s2w_14289_v1.png,gpt_comp_s2w_14289_v4.png,A < B,1,3,0,no,2025-11-02T22:45:20.352302+00:00,T000026,14289::gpt_comp_s2w_14289_v1.png>>gpt_comp_s2w_14289_v4.png::T000026,,2416,2065,1029
14289::gpt_comp_s2w_14289_v2.png||gpt_comp_s2w_14289_v3.png,14289,gpt_comp_s2w_14289_v2.png,gpt_comp_s2w_14289_v3.png,A < B,1,"3,3",0,no,2025-11-02T22:45:12.785694+00:00,T000027,14289::gpt_comp_s2w_14289_v2.png>>gpt_comp_s2w_14289_v3.png::T000027,,20511,2065,1029
14289::gpt_comp_s2w_14289_v2.png||gpt_comp_s2w_14289_v4.png,14289,gpt_comp_s2w_14289_v2.png,gpt_comp_s2w_14289_v4.png,A < B,1,3,0,no,2025-11-02T22:45:40.373701+00:00,T000028,14289::gpt_comp_s2w_14289_v2.png>>gpt_comp_s2w_14289_v4.png::T000028,,2706,2065,1029
14289::gpt_comp_s2w_14289_v3.png||gpt_comp_s2w_14289_v4.png,14289,gpt_comp_s2w_14289_v3.png,gpt_comp_s2w_14289_v4.png,A > B,-1,2,0,no,2025-11-02T22:45:29.340347+00:00,T000029,14289::gpt_comp_s2w_14289_v3.png>>gpt_comp_s2w_14289_v4.png::T000029,,3731,2065,1029
15033::gpt_comp_s2w_15033_v1.png||gpt_comp_s2w_15033_v2.png,15033,gpt_comp_s2w_15033_v1.png,gpt_comp_s2w_15033_v2.png,A > B,-1,"3,2",1,no,2025-11-02T22:47:00.777307+00:00,T000030,15033::gpt_comp_s2w_15033_v1.png>>gpt_comp_s2w_15033_v2.png::T000030,,2147,2065,1029
15033::gpt_comp_s2w_15033_v1.png||gpt_comp_s2w_15033_v3.png,15033,gpt_comp_s2w_15033_v1.png,gpt_comp_s2w_15033_v3.png,A < B,1,3,0,no,2025-11-02T22:46:33.884585+00:00,T000031,15033::gpt_comp_s2w_15033_v1.png>>gpt_comp_s2w_15033_v3.png::T000031,,1706,2065,1029
15033::gpt_comp_s2w_15033_v1.png||gpt_comp_s2w_15033_v4.png,15033,gpt_comp_s2w_15033_v1.png,gpt_comp_s2w_15033_v4.png,A < B,1,"4,3,3",1,no,2025-11-02T22:46:15.126536+00:00,T000032,15033::gpt_comp_s2w_15033_v1.png>>gpt_comp_s2w_15033_v4.png::T000032,,346,2065,1029
15033::gpt_comp_s2w_15033_v2.png||gpt_comp_s2w_15033_v3.png,15033,gpt_comp_s2w_15033_v2.png,gpt_comp_s2w_15033_v3.png,A < B,1,3,0,no,2025-11-02T22:46:38.645846+00:00,T000033,15033::gpt_comp_s2w_15033_v2.png>>gpt_comp_s2w_15033_v3.png::T000033,,2363,2065,1029
15033::gpt_comp_s2w_15033_v2.png||gpt_comp_s2w_15033_v4.png,15033,gpt_comp_s2w_15033_v2.png,gpt_comp_s2w_15033_v4.png,A < B,1,3,0,no,2025-11-02T22:46:30.267404+00:00,T000034,15033::gpt_comp_s2w_15033_v2.png>>gpt_comp_s2w_15033_v4.png::T000034,,4282,2065,1029
15033::gpt_comp_s2w_15033_v3.png||gpt_comp_s2w_15033_v4.png,15033,gpt_comp_s2w_15033_v3.png,gpt_comp_s2w_15033_v4.png,A > B,-1,2,0,no,2025-11-02T22:46:23.835745+00:00,T000035,15033::gpt_comp_s2w_15033_v3.png>>gpt_comp_s2w_15033_v4.png::T000035,,7819,2065,1029
15366::gpt_comp_s2w_15366_v1.png||gpt_comp_s2w_15366_v2.png,15366,gpt_comp_s2w_15366_v1.png,gpt_comp_s2w_15366_v2.png,A < B,1,"2,3",1,no,2025-11-02T22:47:25.417507+00:00,T000036,15366::gpt_comp_s2w_15366_v1.png>>gpt_comp_s2w_15366_v2.png::T000036,,844,2065,1029
15366::gpt_comp_s2w_15366_v1.png||gpt_comp_s2w_15366_v3.png,15366,gpt_comp_s2w_15366_v1.png,gpt_comp_s2w_15366_v3.png,A > B,-1,"3,2",1,no,2025-11-02T22:47:16.174029+00:00,T000037,15366::gpt_comp_s2w_15366_v1.png>>gpt_comp_s2w_15366_v3.png::T000037,,5270,2065,1029
15366::gpt_comp_s2w_15366_v1.png||gpt_comp_s2w_15366_v4.png,15366,gpt_comp_s2w_15366_v1.png,gpt_comp_s2w_15366_v4.png,A > B,-1,2,0,no,2025-11-02T22:47:05.325095+00:00,T000038,15366::gpt_comp_s2w_15366_v1.png>>gpt_comp_s2w_15366_v4.png::T000038,,2896,2065,1029
15366::gpt_comp_s2w_15366_v2.png||gpt_comp_s2w_15366_v3.png,15366,gpt_comp_s2w_15366_v2.png,gpt_comp_s2w_15366_v3.png,A > B,-1,2,0,no,2025-11-02T22:47:38.307029+00:00,T000039,15366::gpt_comp_s2w_15366_v2.png>>gpt_comp_s2w_15366_v3.png::T000039,,2983,2065,1029
15366::gpt_comp_s2w_15366_v2.png||gpt_comp_s2w_15366_v4.png,15366,gpt_comp_s2w_15366_v2.png,gpt_comp_s2w_15366_v4.png,A > B,-1,2,0,no,2025-11-02T22:47:41.374700+00:00,T000040,15366::gpt_comp_s2w_15366_v2.png>>gpt_comp_s2w_15366_v4.png::T000040,,1481,2065,1029
15366::gpt_comp_s2w_15366_v3.png||gpt_comp_s2w_15366_v4.png,15366,gpt_comp_s2w_15366_v3.png,gpt_comp_s2w_15366_v4.png,A << B,2,"3,4",1,no,2025-11-02T22:47:33.927112+00:00,T000041,15366::gpt_comp_s2w_15366_v3.png>>gpt_comp_s2w_15366_v4.png::T000041,,3130,2065,1029
1555::gpt_comp_s2w_1555_v1.png||gpt_comp_s2w_1555_v2.png,1555,gpt_comp_s2w_1555_v1.png,gpt_comp_s2w_1555_v2.png,A > B,-1,2,0,no,2025-11-02T22:48:34.638920+00:00,T000042,1555::gpt_comp_s2w_1555_v1.png>>gpt_comp_s2w_1555_v2.png::T000042,,1727,2065,1029
1555::gpt_comp_s2w_1555_v1.png||gpt_comp_s2w_1555_v3.png,1555,gpt_comp_s2w_1555_v1.png,gpt_comp_s2w_1555_v3.png,A > B,-1,2,0,no,2025-11-02T22:48:25.742500+00:00,T000043,1555::gpt_comp_s2w_1555_v1.png>>gpt_comp_s2w_1555_v3.png::T000043,,1329,2065,1029
1555::gpt_comp_s2w_1555_v1.png||gpt_comp_s2w_1555_v4.png,1555,gpt_comp_s2w_1555_v1.png,gpt_comp_s2w_1555_v4.png,A > B,-1,2,0,no,2025-11-02T22:48:20.496888+00:00,T000044,1555::gpt_comp_s2w_1555_v1.png>>gpt_comp_s2w_1555_v4.png::T000044,,6230,2065,1029
1555::gpt_comp_s2w_1555_v2.png||gpt_comp_s2w_1555_v3.png,1555,gpt_comp_s2w_1555_v2.png,gpt_comp_s2w_1555_v3.png,A >> B,-2,"2,1",1,no,2025-11-02T22:47:53.534514+00:00,T000045,1555::gpt_comp_s2w_1555_v2.png>>gpt_comp_s2w_1555_v3.png::T000045,,2582,2065,1029
1555::gpt_comp_s2w_1555_v2.png||gpt_comp_s2w_1555_v4.png,1555,gpt_comp_s2w_1555_v2.png,gpt_comp_s2w_1555_v4.png,A < B,1,"3,2,3",2,no,2025-11-02T22:48:11.655127+00:00,T000046,1555::gpt_comp_s2w_1555_v2.png>>gpt_comp_s2w_1555_v4.png::T000046,,3907,2065,1029
1555::gpt_comp_s2w_1555_v3.png||gpt_comp_s2w_1555_v4.png,1555,gpt_comp_s2w_1555_v3.png,gpt_comp_s2w_1555_v4.png,A < B,1,3,0,no,2025-11-02T22:48:49.175923+00:00,T000047,1555::gpt_comp_s2w_1555_v3.png>>gpt_comp_s2w_1555_v4.png::T000047,,1533,2065,1029
16084::gemini_comp_s2w_16084_v1.png||gemini_comp_s2w_16084_v2.png,16084,gemini_comp_s2w_16084_v1.png,gemini_comp_s2w_16084_v2.png,A > B,-1,2,0,no,2025-11-02T22:49:03.637216+00:00,T000048,16084::gemini_comp_s2w_16084_v1.png>>gemini_comp_s2w_16084_v2.png::T000048,,12749,2065,1029
16084::gemini_comp_s2w_16084_v1.png||gemini_comp_s2w_16084_v3.png,16084,gemini_comp_s2w_16084_v1.png,gemini_comp_s2w_16084_v3.png,A > B,-1,2,0,no,2025-11-02T22:50:02.846248+00:00,T000049,16084::gemini_comp_s2w_16084_v1.png>>gemini_comp_s2w_16084_v3.png::T000049,,1692,2065,1029
16084::gemini_comp_s2w_16084_v1.png||gemini_comp_s2w_16084_v4.png,16084,gemini_comp_s2w_16084_v1.png,gemini_comp_s2w_16084_v4.png,A >> B,-2,1,0,no,2025-11-02T22:49:07.681753+00:00,T000050,16084::gemini_comp_s2w_16084_v1.png>>gemini_comp_s2w_16084_v4.png::T000050,,2210,2065,1029
16084::gemini_comp_s2w_16084_v2.png||gemini_comp_s2w_16084_v3.png,16084,gemini_comp_s2w_16084_v2.png,gemini_comp_s2w_16084_v3.png,A > B,-1,"2,2",0,no,2025-11-02T22:49:58.156467+00:00,T000051,16084::gemini_comp_s2w_16084_v2.png>>gemini_comp_s2w_16084_v3.png::T000051,,45622,2065,1029
16084::gemini_comp_s2w_16084_v2.png||gemini_comp_s2w_16084_v4.png,16084,gemini_comp_s2w_16084_v2.png,gemini_comp_s2w_16084_v4.png,A >> B,-2,1,0,no,2025-11-02T22:50:10.314515+00:00,T000052,16084::gemini_comp_s2w_16084_v2.png>>gemini_comp_s2w_16084_v4.png::T000052,,1962,2065,1029
16084::gemini_comp_s2w_16084_v3.png||gemini_comp_s2w_16084_v4.png,16084,gemini_comp_s2w_16084_v3.png,gemini_comp_s2w_16084_v4.png,A >> B,-2,"2,1",1,no,2025-11-02T22:50:06.746534+00:00,T000053,16084::gemini_comp_s2w_16084_v3.png>>gemini_comp_s2w_16084_v4.png::T000053,,298,2065,1029
16634::gemini_comp_s2w_16634_v1.png||gemini_comp_s2w_16634_v2.png,16634,gemini_comp_s2w_16634_v1.png,gemini_comp_s2w_16634_v2.png,A < B,1,3,0,no,2025-11-02T22:50:54.077963+00:00,T000054,16634::gemini_comp_s2w_16634_v1.png>>gemini_comp_s2w_16634_v2.png::T000054,,7387,2065,1029
16634::gemini_comp_s2w_16634_v1.png||gemini_comp_s2w_16634_v3.png,16634,gemini_comp_s2w_16634_v1.png,gemini_comp_s2w_16634_v3.png,A > B,-1,2,0,no,2025-11-02T22:50:18.636268+00:00,T000055,16634::gemini_comp_s2w_16634_v1.png>>gemini_comp_s2w_16634_v3.png::T000055,,6776,2065,1029
16634::gemini_comp_s2w_16634_v1.png||gemini_comp_s2w_16634_v4.png,16634,gemini_comp_s2w_16634_v1.png,gemini_comp_s2w_16634_v4.png,A > B,-1,"1,2",1,no,2025-11-02T22:50:36.648118+00:00,T000056,16634::gemini_comp_s2w_16634_v1.png>>gemini_comp_s2w_16634_v4.png::T000056,,2772,2065,1029
16634::gemini_comp_s2w_16634_v2.png||gemini_comp_s2w_16634_v3.png,16634,gemini_comp_s2w_16634_v2.png,gemini_comp_s2w_16634_v3.png,A > B,-1,2,0,no,2025-11-02T22:50:29.806320+00:00,T000057,16634::gemini_comp_s2w_16634_v2.png>>gemini_comp_s2w_16634_v3.png::T000057,,3708,2065,1029
16634::gemini_comp_s2w_16634_v2.png||gemini_comp_s2w_16634_v4.png,16634,gemini_comp_s2w_16634_v2.png,gemini_comp_s2w_16634_v4.png,A > B,-1,2,0,no,2025-11-02T22:50:24.265172+00:00,T000058,16634::gemini_comp_s2w_16634_v2.png>>gemini_comp_s2w_16634_v4.png::T000058,,3656,2065,1029
16634::gemini_comp_s2w_16634_v3.png||gemini_comp_s2w_16634_v4.png,16634,gemini_comp_s2w_16634_v3.png,gemini_comp_s2w_16634_v4.png,A > B,-1,2,0,no,2025-11-02T22:50:44.854908+00:00,T000059,16634::gemini_comp_s2w_16634_v3.png>>gemini_comp_s2w_16634_v4.png::T000059,,6502,2065,1029
16861::gpt_comp_s2w_16861_v1.png||gpt_comp_s2w_16861_v2.png,16861,gpt_comp_s2w_16861_v1.png,gpt_comp_s2w_16861_v2.png,A < B,1,3,0,no,2025-11-02T22:52:46.548962+00:00,T000060,16861::gpt_comp_s2w_16861_v1.png>>gpt_comp_s2w_16861_v2.png::T000060,,1622,2065,1029
16861::gpt_comp_s2w_16861_v1.png||gpt_comp_s2w_16861_v3.png,16861,gpt_comp_s2w_16861_v1.png,gpt_comp_s2w_16861_v3.png,A > B,-1,2,0,no,2025-11-02T22:52:43.344527+00:00,T000061,16861::gpt_comp_s2w_16861_v1.png>>gpt_comp_s2w_16861_v3.png::T000061,,3223,2065,1029
16861::gpt_comp_s2w_16861_v1.png||gpt_comp_s2w_16861_v4.png,16861,gpt_comp_s2w_16861_v1.png,gpt_comp_s2w_16861_v4.png,A > B,-1,2,0,no,2025-11-02T22:52:54.958816+00:00,T000062,16861::gpt_comp_s2w_16861_v1.png>>gpt_comp_s2w_16861_v4.png::T000062,,1746,2065,1029
16861::gpt_comp_s2w_16861_v2.png||gpt_comp_s2w_16861_v3.png,16861,gpt_comp_s2w_16861_v2.png,gpt_comp_s2w_16861_v3.png,A > B,-1,2,0,no,2025-11-02T22:52:33.453010+00:00,T000063,16861::gpt_comp_s2w_16861_v2.png>>gpt_comp_s2w_16861_v3.png::T000063,,96601,2065,1029
16861::gpt_comp_s2w_16861_v2.png||gpt_comp_s2w_16861_v4.png,16861,gpt_comp_s2w_16861_v2.png,gpt_comp_s2w_16861_v4.png,A > B,-1,2,0,no,2025-11-02T22:52:51.588942+00:00,T000064,16861::gpt_comp_s2w_16861_v2.png>>gpt_comp_s2w_16861_v4.png::T000064,,3661,2065,1029
16861::gpt_comp_s2w_16861_v3.png||gpt_comp_s2w_16861_v4.png,16861,gpt_comp_s2w_16861_v3.png,gpt_comp_s2w_16861_v4.png,A << B,2,4,0,no,2025-11-02T22:52:58.646467+00:00,T000065,16861::gpt_comp_s2w_16861_v3.png>>gpt_comp_s2w_16861_v4.png::T000065,,1936,2065,1029
17058::gpt_comp_s2w_17058_v1.png||gpt_comp_s2w_17058_v2.png,17058,gpt_comp_s2w_17058_v1.png,gpt_comp_s2w_17058_v2.png,A > B,-1,2,0,no,2025-11-02T22:53:17.240773+00:00,T000066,17058::gpt_comp_s2w_17058_v1.png>>gpt_comp_s2w_17058_v2.png::T000066,,4799,2065,1029
17058::gpt_comp_s2w_17058_v1.png||gpt_comp_s2w_17058_v3.png,17058,gpt_comp_s2w_17058_v1.png,gpt_comp_s2w_17058_v3.png,A < B,1,3,0,no,2025-11-02T22:53:32.456301+00:00,T000067,17058::gpt_comp_s2w_17058_v1.png>>gpt_comp_s2w_17058_v3.png::T000067,,2043,2065,1029
17058::gpt_comp_s2w_17058_v1.png||gpt_comp_s2w_17058_v4.png,17058,gpt_comp_s2w_17058_v1.png,gpt_comp_s2w_17058_v4.png,A < B,1,3,0,no,2025-11-02T22:53:10.094796+00:00,T000068,17058::gpt_comp_s2w_17058_v1.png>>gpt_comp_s2w_17058_v4.png::T000068,,4669,2065,1029
17058::gpt_comp_s2w_17058_v2.png||gpt_comp_s2w_17058_v3.png,17058,gpt_comp_s2w_17058_v2.png,gpt_comp_s2w_17058_v3.png,A < B,1,3,0,no,2025-11-02T22:53:20.355017+00:00,T000069,17058::gpt_comp_s2w_17058_v2.png>>gpt_comp_s2w_17058_v3.png::T000069,,1606,2065,1029
17058::gpt_comp_s2w_17058_v2.png||gpt_comp_s2w_17058_v4.png,17058,gpt_comp_s2w_17058_v2.png,gpt_comp_s2w_17058_v4.png,A < B,1,3,0,no,2025-11-02T22:53:25.355027+00:00,T000070,17058::gpt_comp_s2w_17058_v2.png>>gpt_comp_s2w_17058_v4.png::T000070,,3507,2065,1029
17058::gpt_comp_s2w_17058_v3.png||gpt_comp_s2w_17058_v4.png,17058,gpt_comp_s2w_17058_v3.png,gpt_comp_s2w_17058_v4.png,A > B,-1,2,0,no,2025-11-02T22:53:03.977197+00:00,T000071,17058::gpt_comp_s2w_17058_v3.png>>gpt_comp_s2w_17058_v4.png::T000071,,3075,2065,1029
17432::gpt_comp_s2w_17432_v1.png||gpt_comp_s2w_17432_v2.png,17432,gpt_comp_s2w_17432_v1.png,gpt_comp_s2w_17432_v2.png,A < B,1,"2,3",1,no,2025-11-02T22:54:09.585640+00:00,T000072,17432::gpt_comp_s2w_17432_v1.png>>gpt_comp_s2w_17432_v2.png::T000072,,1707,2065,1029
17432::gpt_comp_s2w_17432_v1.png||gpt_comp_s2w_17432_v3.png,17432,gpt_comp_s2w_17432_v1.png,gpt_comp_s2w_17432_v3.png,A << B,2,4,0,no,2025-11-02T22:53:49.390845+00:00,T000073,17432::gpt_comp_s2w_17432_v1.png>>gpt_comp_s2w_17432_v3.png::T000073,,1307,2065,1029
17432::gpt_comp_s2w_17432_v1.png||gpt_comp_s2w_17432_v4.png,17432,gpt_comp_s2w_17432_v1.png,gpt_comp_s2w_17432_v4.png,A < B,1,"3,3",0,no,2025-11-02T22:53:57.984833+00:00,T000074,17432::gpt_comp_s2w_17432_v1.png>>gpt_comp_s2w_17432_v4.png::T000074,,72,2065,1029
17432::gpt_comp_s2w_17432_v2.png||gpt_comp_s2w_17432_v3.png,17432,gpt_comp_s2w_17432_v2.png,gpt_comp_s2w_17432_v3.png,A << B,2,"3,4",1,no,2025-11-02T22:53:40.367358+00:00,T000075,17432::gpt_comp_s2w_17432_v2.png>>gpt_comp_s2w_17432_v3.png::T000075,,6239,2065,1029
17432::gpt_comp_s2w_17432_v2.png||gpt_comp_s2w_17432_v4.png,17432,gpt_comp_s2w_17432_v2.png,gpt_comp_s2w_17432_v4.png,A < B,1,3,0,no,2025-11-02T22:53:46.510115+00:00,T000076,17432::gpt_comp_s2w_17432_v2.png>>gpt_comp_s2w_17432_v4.png::T000076,,4436,2065,1029
17432::gpt_comp_s2w_17432_v3.png||gpt_comp_s2w_17432_v4.png,17432,gpt_comp_s2w_17432_v3.png,gpt_comp_s2w_17432_v4.png,A > B,-1,2,0,no,2025-11-02T22:53:53.365551+00:00,T000077,17432::gpt_comp_s2w_17432_v3.png>>gpt_comp_s2w_17432_v4.png::T000077,,2257,2065,1029
17501::gemini_comp_s2w_17501_v1.png||gemini_comp_s2w_17501_v2.png,17501,gemini_comp_s2w_17501_v1.png,gemini_comp_s2w_17501_v2.png,A > B,-1,2,0,no,2025-11-02T22:54:46.887338+00:00,T000078,17501::gemini_comp_s2w_17501_v1.png>>gemini_comp_s2w_17501_v2.png::T000078,,1174,2065,1029
17501::gemini_comp_s2w_17501_v1.png||gemini_comp_s2w_17501_v3.png,17501,gemini_comp_s2w_17501_v1.png,gemini_comp_s2w_17501_v3.png,A > B,-1,2,0,no,2025-11-02T22:55:11.894347+00:00,T000079,17501::gemini_comp_s2w_17501_v1.png>>gemini_comp_s2w_17501_v3.png::T000079,,23476,2065,1029
17501::gemini_comp_s2w_17501_v1.png||gemini_comp_s2w_17501_v4.png,17501,gemini_comp_s2w_17501_v1.png,gemini_comp_s2w_17501_v4.png,A > B,-1,2,0,no,2025-11-02T22:54:40.713743+00:00,T000080,17501::gemini_comp_s2w_17501_v1.png>>gemini_comp_s2w_17501_v4.png::T000080,,4980,2065,1029
17501::gemini_comp_s2w_17501_v2.png||gemini_comp_s2w_17501_v3.png,17501,gemini_comp_s2w_17501_v2.png,gemini_comp_s2w_17501_v3.png,A < B,1,3,0,no,2025-11-02T22:54:34.066441+00:00,T000081,17501::gemini_comp_s2w_17501_v2.png>>gemini_comp_s2w_17501_v3.png::T000081,,3728,2065,1029
17501::gemini_comp_s2w_17501_v2.png||gemini_comp_s2w_17501_v4.png,17501,gemini_comp_s2w_17501_v2.png,gemini_comp_s2w_17501_v4.png,A > B,-1,2,0,no,2025-11-02T22:54:43.709091+00:00,T000082,17501::gemini_comp_s2w_17501_v2.png>>gemini_comp_s2w_17501_v4.png::T000082,,1566,2065,1029
17501::gemini_comp_s2w_17501_v3.png||gemini_comp_s2w_17501_v4.png,17501,gemini_comp_s2w_17501_v3.png,gemini_comp_s2w_17501_v4.png,A > B,-1,2,0,no,2025-11-02T22:54:14.997106+00:00,T000083,17501::gemini_comp_s2w_17501_v3.png>>gemini_comp_s2w_17501_v4.png::T000083,,3756,2065,1029
18056::gemini_comp_s2w_18056_v1.png||gemini_comp_s2w_18056_v2.png,18056,gemini_comp_s2w_18056_v1.png,gemini_comp_s2w_18056_v2.png,A > B,-1,2,0,no,2025-11-02T22:55:48.437929+00:00,T000084,18056::gemini_comp_s2w_18056_v1.png>>gemini_comp_s2w_18056_v2.png::T000084,,6893,2065,1029
18056::gemini_comp_s2w_18056_v1.png||gemini_comp_s2w_18056_v3.png,18056,gemini_comp_s2w_18056_v1.png,gemini_comp_s2w_18056_v3.png,A >> B,-2,1,0,no,2025-11-02T22:55:52.442775+00:00,T000085,18056::gemini_comp_s2w_18056_v1.png>>gemini_comp_s2w_18056_v3.png::T000085,,2342,2065,1029
18056::gemini_comp_s2w_18056_v1.png||gemini_comp_s2w_18056_v4.png,18056,gemini_comp_s2w_18056_v1.png,gemini_comp_s2w_18056_v4.png,A > B,-1,2,0,no,2025-11-02T22:56:44.658874+00:00,T000086,18056::gemini_comp_s2w_18056_v1.png>>gemini_comp_s2w_18056_v4.png::T000086,,948,2065,1029
18056::gemini_comp_s2w_18056_v2.png||gemini_comp_s2w_18056_v3.png,18056,gemini_comp_s2w_18056_v2.png,gemini_comp_s2w_18056_v3.png,A > B,-1,2,0,no,2025-11-02T22:55:39.903366+00:00,T000087,18056::gemini_comp_s2w_18056_v2.png>>gemini_comp_s2w_18056_v3.png::T000087,,2555,2065,1029
18056::gemini_comp_s2w_18056_v2.png||gemini_comp_s2w_18056_v4.png,18056,gemini_comp_s2w_18056_v2.png,gemini_comp_s2w_18056_v4.png,A > B,-1,2,0,no,2025-11-02T22:56:00.626825+00:00,T000088,18056::gemini_comp_s2w_18056_v2.png>>gemini_comp_s2w_18056_v4.png::T000088,,5904,2065,1029
18056::gemini_comp_s2w_18056_v3.png||gemini_comp_s2w_18056_v4.png,18056,gemini_comp_s2w_18056_v3.png,gemini_comp_s2w_18056_v4.png,A < B,1,3,0,no,2025-11-02T22:55:22.640705+00:00,T000089,18056::gemini_comp_s2w_18056_v3.png>>gemini_comp_s2w_18056_v4.png::T000089,,9034,2065,1029
1897::gemini_comp_s2w_1897_v1.png||gemini_comp_s2w_1897_v2.png,1897,gemini_comp_s2w_1897_v1.png,gemini_comp_s2w_1897_v2.png,A < B,1,3,0,no,2025-11-02T22:57:02.817699+00:00,T000090,1897::gemini_comp_s2w_1897_v1.png>>gemini_comp_s2w_1897_v2.png::T000090,,2056,2065,1029
1897::gemini_comp_s2w_1897_v1.png||gemini_comp_s2w_1897_v3.png,1897,gemini_comp_s2w_1897_v1.png,gemini_comp_s2w_1897_v3.png,A > B,-1,2,0,no,2025-11-02T22:57:18.336391+00:00,T000091,1897::gemini_comp_s2w_1897_v1.png>>gemini_comp_s2w_1897_v3.png::T000091,,4488,2065,1029
1897::gemini_comp_s2w_1897_v1.png||gemini_comp_s2w_1897_v4.png,1897,gemini_comp_s2w_1897_v1.png,gemini_comp_s2w_1897_v4.png,A << B,2,4,0,no,2025-11-02T22:57:23.105196+00:00,T000092,1897::gemini_comp_s2w_1897_v1.png>>gemini_comp_s2w_1897_v4.png::T000092,,2998,2065,1029
1897::gemini_comp_s2w_1897_v2.png||gemini_comp_s2w_1897_v3.png,1897,gemini_comp_s2w_1897_v2.png,gemini_comp_s2w_1897_v3.png,A > B,-1,2,0,no,2025-11-02T22:57:12.308310+00:00,T000093,1897::gemini_comp_s2w_1897_v2.png>>gemini_comp_s2w_1897_v3.png::T000093,,1971,2065,1029
1897::gemini_comp_s2w_1897_v2.png||gemini_comp_s2w_1897_v4.png,1897,gemini_comp_s2w_1897_v2.png,gemini_comp_s2w_1897_v4.png,A > B,-1,2,0,no,2025-11-02T22:56:58.919234+00:00,T000094,1897::gemini_comp_s2w_1897_v2.png>>gemini_comp_s2w_1897_v4.png::T000094,,3021,2065,1029
1897::gemini_comp_s2w_1897_v3.png||gemini_comp_s2w_1897_v4.png,1897,gemini_comp_s2w_1897_v3.png,gemini_comp_s2w_1897_v4.png,A < B,1,3,0,no,2025-11-02T22:57:08.424965+00:00,T000095,1897::gemini_comp_s2w_1897_v3.png>>gemini_comp_s2w_1897_v4.png::T000095,,2762,2065,1029
19961::gemini_comp_s2w_19961_v1.png||gemini_comp_s2w_19961_v2.png,19961,gemini_comp_s2w_19961_v1.png,gemini_comp_s2w_19961_v2.png,A < B,1,3,0,no,2025-11-02T22:58:10.757906+00:00,T000096,19961::gemini_comp_s2w_19961_v1.png>>gemini_comp_s2w_19961_v2.png::T000096,,3337,2065,1029
19961::gemini_comp_s2w_19961_v1.png||gemini_comp_s2w_19961_v3.png,19961,gemini_comp_s2w_19961_v1.png,gemini_comp_s2w_19961_v3.png,A < B,1,3,0,no,2025-11-02T22:58:05.885134+00:00,T000097,19961::gemini_comp_s2w_19961_v1.png>>gemini_comp_s2w_19961_v3.png::T000097,,2620,2065,1029
19961::gemini_comp_s2w_19961_v1.png||gemini_comp_s2w_19961_v4.png,19961,gemini_comp_s2w_19961_v1.png,gemini_comp_s2w_19961_v4.png,A < B,1,"2,3",1,no,2025-11-02T22:57:37.874055+00:00,T000098,19961::gemini_comp_s2w_19961_v1.png>>gemini_comp_s2w_19961_v4.png::T000098,,7774,2065,1029
19961::gemini_comp_s2w_19961_v2.png||gemini_comp_s2w_19961_v3.png,19961,gemini_comp_s2w_19961_v2.png,gemini_comp_s2w_19961_v3.png,A < B,1,"2,3",1,no,2025-11-02T22:57:56.374449+00:00,T000099,19961::gemini_comp_s2w_19961_v2.png>>gemini_comp_s2w_19961_v3.png::T000099,,1334,2065,1029
19961::gemini_comp_s2w_19961_v2.png||gemini_comp_s2w_19961_v4.png,19961,gemini_comp_s2w_19961_v2.png,gemini_comp_s2w_19961_v4.png,A < B,1,3,0,no,2025-11-02T22:57:42.175129+00:00,T000100,19961::gemini_comp_s2w_19961_v2.png>>gemini_comp_s2w_19961_v4.png::T000100,,2134,2065,1029
19961::gemini_comp_s2w_19961_v3.png||gemini_comp_s2w_19961_v4.png,19961,gemini_comp_s2w_19961_v3.png,gemini_comp_s2w_19961_v4.png,A << B,2,"3,4",1,no,2025-11-02T22:58:01.530377+00:00,T000101,19961::gemini_comp_s2w_19961_v3.png>>gemini_comp_s2w_19961_v4.png::T000101,,464,2065,1029
22170::gpt_comp_s2w_22170_v1.png||gpt_comp_s2w_22170_v2.png,22170,gpt_comp_s2w_22170_v1.png,gpt_comp_s2w_22170_v2.png,A < B,1,3,0,no,2025-11-02T22:58:39.434362+00:00,T000102,22170::gpt_comp_s2w_22170_v1.png>>gpt_comp_s2w_22170_v2.png::T000102,,2361,2065,1029
22170::gpt_comp_s2w_22170_v1.png||gpt_comp_s2w_22170_v3.png,22170,gpt_comp_s2w_22170_v1.png,gpt_comp_s2w_22170_v3.png,A > B,-1,2,0,no,2025-11-02T22:58:32.023103+00:00,T000103,22170::gpt_comp_s2w_22170_v1.png>>gpt_comp_s2w_22170_v3.png::T000103,,2004,2065,1029
22170::gpt_comp_s2w_22170_v1.png||gpt_comp_s2w_22170_v4.png,22170,gpt_comp_s2w_22170_v1.png,gpt_comp_s2w_22170_v4.png,A > B,-1,2,0,no,2025-11-02T22:58:44.456945+00:00,T000104,22170::gpt_comp_s2w_22170_v1.png>>gpt_comp_s2w_22170_v4.png::T000104,,3469,2065,1029
22170::gpt_comp_s2w_22170_v2.png||gpt_comp_s2w_22170_v3.png,22170,gpt_comp_s2w_22170_v2.png,gpt_comp_s2w_22170_v3.png,A > B,-1,"2,3,2",2,no,2025-11-02T22:58:28.316706+00:00,T000105,22170::gpt_comp_s2w_22170_v2.png>>gpt_comp_s2w_22170_v3.png::T000105,,494,2065,1029
22170::gpt_comp_s2w_22170_v2.png||gpt_comp_s2w_22170_v4.png,22170,gpt_comp_s2w_22170_v2.png,gpt_comp_s2w_22170_v4.png,A > B,-1,2,0,no,2025-11-02T22:58:35.349160+00:00,T000106,22170::gpt_comp_s2w_22170_v2.png>>gpt_comp_s2w_22170_v4.png::T000106,,1902,2065,1029
22170::gpt_comp_s2w_22170_v3.png||gpt_comp_s2w_22170_v4.png,22170,gpt_comp_s2w_22170_v3.png,gpt_comp_s2w_22170_v4.png,A > B,-1,2,0,no,2025-11-02T22:58:47.758086+00:00,T000107,22170::gpt_comp_s2w_22170_v3.png>>gpt_comp_s2w_22170_v4.png::T000107,,1643,2065,1029
22437::gpt_comp_s2w_22437_v1.png||gpt_comp_s2w_22437_v2.png,22437,gpt_comp_s2w_22437_v1.png,gpt_comp_s2w_22437_v2.png,A < B,1,3,0,no,2025-11-02T23:00:23.287426+00:00,T000108,22437::gpt_comp_s2w_22437_v1.png>>gpt_comp_s2w_22437_v2.png::T000108,,6935,2065,1029
22437::gpt_comp_s2w_22437_v1.png||gpt_comp_s2w_22437_v3.png,22437,gpt_comp_s2w_22437_v1.png,gpt_comp_s2w_22437_v3.png,A < B,1,3,0,no,2025-11-02T23:00:09.086283+00:00,T000109,22437::gpt_comp_s2w_22437_v1.png>>gpt_comp_s2w_22437_v3.png::T000109,,3241,2065,1029
22437::gpt_comp_s2w_22437_v1.png||gpt_comp_s2w_22437_v4.png,22437,gpt_comp_s2w_22437_v1.png,gpt_comp_s2w_22437_v4.png,A < B,1,3,0,no,2025-11-02T23:00:26.340901+00:00,T000110,22437::gpt_comp_s2w_22437_v1.png>>gpt_comp_s2w_22437_v4.png::T000110,,1375,2065,1029
22437::gpt_comp_s2w_22437_v2.png||gpt_comp_s2w_22437_v3.png,22437,gpt_comp_s2w_22437_v2.png,gpt_comp_s2w_22437_v3.png,A >> B,-2,1,0,no,2025-11-02T23:00:14.789435+00:00,T000111,22437::gpt_comp_s2w_22437_v2.png>>gpt_comp_s2w_22437_v3.png::T000111,,4197,2065,1029
22437::gpt_comp_s2w_22437_v2.png||gpt_comp_s2w_22437_v4.png,22437,gpt_comp_s2w_22437_v2.png,gpt_comp_s2w_22437_v4.png,A < B,1,3,0,no,2025-11-02T22:58:54.815227+00:00,T000112,22437::gpt_comp_s2w_22437_v2.png>>gpt_comp_s2w_22437_v4.png::T000112,,5170,2065,1029
22437::gpt_comp_s2w_22437_v3.png||gpt_comp_s2w_22437_v4.png,22437,gpt_comp_s2w_22437_v3.png,gpt_comp_s2w_22437_v4.png,A < B,1,3,0,no,2025-11-02T23:00:03.959302+00:00,T000113,22437::gpt_comp_s2w_22437_v3.png>>gpt_comp_s2w_22437_v4.png::T000113,,67649,2065,1029
24695::gemini_comp_s2w_24695_v1.png||gemini_comp_s2w_24695_v2.png,24695,gemini_comp_s2w_24695_v1.png,gemini_comp_s2w_24695_v2.png,A < B,1,3,0,no,2025-11-02T23:01:34.746063+00:00,T000114,24695::gemini_comp_s2w_24695_v1.png>>gemini_comp_s2w_24695_v2.png::T000114,,743,2065,1029
24695::gemini_comp_s2w_24695_v1.png||gemini_comp_s2w_24695_v3.png,24695,gemini_comp_s2w_24695_v1.png,gemini_comp_s2w_24695_v3.png,A >> B,-2,1,0,no,2025-11-02T23:01:40.578567+00:00,T000115,24695::gemini_comp_s2w_24695_v1.png>>gemini_comp_s2w_24695_v3.png::T000115,,1228,2065,1029
24695::gemini_comp_s2w_24695_v1.png||gemini_comp_s2w_24695_v4.png,24695,gemini_comp_s2w_24695_v1.png,gemini_comp_s2w_24695_v4.png,A >> B,-2,1,0,no,2025-11-02T23:01:43.529995+00:00,T000116,24695::gemini_comp_s2w_24695_v1.png>>gemini_comp_s2w_24695_v4.png::T000116,,1609,2065,1029
24695::gemini_comp_s2w_24695_v2.png||gemini_comp_s2w_24695_v3.png,24695,gemini_comp_s2w_24695_v2.png,gemini_comp_s2w_24695_v3.png,A > B,-1,2,0,no,2025-11-02T23:01:21.098995+00:00,T000117,24695::gemini_comp_s2w_24695_v2.png>>gemini_comp_s2w_24695_v3.png::T000117,,39928,2065,1029
24695::gemini_comp_s2w_24695_v2.png||gemini_comp_s2w_24695_v4.png,24695,gemini_comp_s2w_24695_v2.png,gemini_comp_s2w_24695_v4.png,A > B,-1,2,0,no,2025-11-02T23:01:37.337919+00:00,T000118,24695::gemini_comp_s2w_24695_v2.png>>gemini_comp_s2w_24695_v4.png::T000118,,1053,2065,1029
24695::gemini_comp_s2w_24695_v3.png||gemini_comp_s2w_24695_v4.png,24695,gemini_comp_s2w_24695_v3.png,gemini_comp_s2w_24695_v4.png,A > B,-1,"3,2,3,2",3,no,2025-11-02T23:00:39.417170+00:00,T000119,24695::gemini_comp_s2w_24695_v3.png>>gemini_comp_s2w_24695_v4.png::T000119,,2108,2065,1029
25181::gemini_comp_s2w_25181_v1.png||gemini_comp_s2w_25181_v2.png,25181,gemini_comp_s2w_25181_v1.png,gemini_comp_s2w_25181_v2.png,A > B,-1,2,0,no,2025-11-02T23:02:04.445975+00:00,T000120,25181::gemini_comp_s2w_25181_v1.png>>gemini_comp_s2w_25181_v2.png::T000120,,1146,2065,1029
25181::gemini_comp_s2w_25181_v1.png||gemini_comp_s2w_25181_v3.png,25181,gemini_comp_s2w_25181_v1.png,gemini_comp_s2w_25181_v3.png,A > B,-1,2,0,no,2025-11-02T23:01:54.538631+00:00,T000121,25181::gemini_comp_s2w_25181_v1.png>>gemini_comp_s2w_25181_v3.png::T000121,,2777,2065,1029
25181::gemini_comp_s2w_25181_v1.png||gemini_comp_s2w_25181_v4.png,25181,gemini_comp_s2w_25181_v1.png,gemini_comp_s2w_25181_v4.png,A < B,1,3,0,no,2025-11-02T23:02:01.275446+00:00,T000122,25181::gemini_comp_s2w_25181_v1.png>>gemini_comp_s2w_25181_v4.png::T000122,,2158,2065,1029
25181::gemini_comp_s2w_25181_v2.png||gemini_comp_s2w_25181_v3.png,25181,gemini_comp_s2w_25181_v2.png,gemini_comp_s2w_25181_v3.png,A > B,-1,2,0,no,2025-11-02T23:01:57.486914+00:00,T000123,25181::gemini_comp_s2w_25181_v2.png>>gemini_comp_s2w_25181_v3.png::T000123,,1494,2065,1029
25181::gemini_comp_s2w_25181_v2.png||gemini_comp_s2w_25181_v4.png,25181,gemini_comp_s2w_25181_v2.png,gemini_comp_s2w_25181_v4.png,A < B,1,3,0,no,2025-11-02T23:01:47.007487+00:00,T000124,25181::gemini_comp_s2w_25181_v2.png>>gemini_comp_s2w_25181_v4.png::T000124,,2044,2065,1029
25181::gemini_comp_s2w_25181_v3.png||gemini_comp_s2w_25181_v4.png,25181,gemini_comp_s2w_25181_v3.png,gemini_comp_s2w_25181_v4.png,A < B,1,3,0,no,2025-11-02T23:01:50.485344+00:00,T000125,25181::gemini_comp_s2w_25181_v3.png>>gemini_comp_s2w_25181_v4.png::T000125,,1478,2065,1029
25572::gpt_comp_s2w_25572_v1.png||gpt_comp_s2w_25572_v2.png,25572,gpt_comp_s2w_25572_v1.png,gpt_comp_s2w_25572_v2.png,A < B,1,3,0,no,2025-11-02T23:02:58.127783+00:00,T000126,25572::gpt_comp_s2w_25572_v1.png>>gpt_comp_s2w_25572_v2.png::T000126,,2982,2065,1029
25572::gpt_comp_s2w_25572_v1.png||gpt_comp_s2w_25572_v3.png,25572,gpt_comp_s2w_25572_v1.png,gpt_comp_s2w_25572_v3.png,A < B,1,3,0,no,2025-11-02T23:02:43.160095+00:00,T000127,25572::gpt_comp_s2w_25572_v1.png>>gpt_comp_s2w_25572_v3.png::T000127,,24176,2065,1029
25572::gpt_comp_s2w_25572_v1.png||gpt_comp_s2w_25572_v4.png,25572,gpt_comp_s2w_25572_v1.png,gpt_comp_s2w_25572_v4.png,A < B,1,3,0,no,2025-11-02T23:03:01.841967+00:00,T000128,25572::gpt_comp_s2w_25572_v1.png>>gpt_comp_s2w_25572_v4.png::T000128,,2316,2065,1029
25572::gpt_comp_s2w_25572_v2.png||gpt_comp_s2w_25572_v3.png,25572,gpt_comp_s2w_25572_v2.png,gpt_comp_s2w_25572_v3.png,A > B,-1,2,0,no,2025-11-02T23:02:10.289292+00:00,T000129,25572::gpt_comp_s2w_25572_v2.png>>gpt_comp_s2w_25572_v3.png::T000129,,2762,2065,1029
25572::gpt_comp_s2w_25572_v2.png||gpt_comp_s2w_25572_v4.png,25572,gpt_comp_s2w_25572_v2.png,gpt_comp_s2w_25572_v4.png,A > B,-1,2,0,no,2025-11-02T23:03:34.158215+00:00,T000130,25572::gpt_comp_s2w_25572_v2.png>>gpt_comp_s2w_25572_v4.png::T000130,,8073,2065,1029
25572::gpt_comp_s2w_25572_v3.png||gpt_comp_s2w_25572_v4.png,25572,gpt_comp_s2w_25572_v3.png,gpt_comp_s2w_25572_v4.png,A < B,1,3,0,no,2025-11-02T23:03:24.419547+00:00,T000131,25572::gpt_comp_s2w_25572_v3.png>>gpt_comp_s2w_25572_v4.png::T000131,,20668,2065,1029
25792::gemini_comp_s2w_25792_v1.png||gemini_comp_s2w_25792_v2.png,25792,gemini_comp_s2w_25792_v1.png,gemini_comp_s2w_25792_v2.png,A > B,-1,"3,2",1,no,2025-11-02T23:03:49.779881+00:00,T000132,25792::gemini_comp_s2w_25792_v1.png>>gemini_comp_s2w_25792_v2.png::T000132,,3121,2065,1029
25792::gemini_comp_s2w_25792_v1.png||gemini_comp_s2w_25792_v3.png,25792,gemini_comp_s2w_25792_v1.png,gemini_comp_s2w_25792_v3.png,A > B,-1,2,0,no,2025-11-02T23:04:09.421280+00:00,T000133,25792::gemini_comp_s2w_25792_v1.png>>gemini_comp_s2w_25792_v3.png::T000133,,1671,2065,1029
25792::gemini_comp_s2w_25792_v1.png||gemini_comp_s2w_25792_v4.png,25792,gemini_comp_s2w_25792_v1.png,gemini_comp_s2w_25792_v4.png,A > B,-1,2,0,no,2025-11-02T23:03:37.655948+00:00,T000134,25792::gemini_comp_s2w_25792_v1.png>>gemini_comp_s2w_25792_v4.png::T000134,,2071,2065,1029
25792::gemini_comp_s2w_25792_v2.png||gemini_comp_s2w_25792_v3.png,25792,gemini_comp_s2w_25792_v2.png,gemini_comp_s2w_25792_v3.png,A > B,-1,2,0,no,2025-11-02T23:04:14.174021+00:00,T000135,25792::gemini_comp_s2w_25792_v2.png>>gemini_comp_s2w_25792_v3.png::T000135,,3342,2065,1029
25792::gemini_comp_s2w_25792_v2.png||gemini_comp_s2w_25792_v4.png,25792,gemini_comp_s2w_25792_v2.png,gemini_comp_s2w_25792_v4.png,A < B,1,3,0,no,2025-11-02T23:04:17.953397+00:00,T000136,25792::gemini_comp_s2w_25792_v2.png>>gemini_comp_s2w_25792_v4.png::T000136,,1754,2065,1029
25792::gemini_comp_s2w_25792_v3.png||gemini_comp_s2w_25792_v4.png,25792,gemini_comp_s2w_25792_v3.png,gemini_comp_s2w_25792_v4.png,A < B,1,"2,3,2,3,3",3,no,2025-11-02T23:04:07.004942+00:00,T000137,25792::gemini_comp_s2w_25792_v3.png>>gemini_comp_s2w_25792_v4.png::T000137,,276,2065,1029
26367::gpt_comp_s2w_26367_v1.png||gpt_comp_s2w_26367_v2.png,26367,gpt_comp_s2w_26367_v1.png,gpt_comp_s2w_26367_v2.png,A < B,1,3,0,no,2025-11-02T23:04:43.258996+00:00,T000138,26367::gpt_comp_s2w_26367_v1.png>>gpt_comp_s2w_26367_v2.png::T000138,,4811,2065,1029
26367::gpt_comp_s2w_26367_v1.png||gpt_comp_s2w_26367_v3.png,26367,gpt_comp_s2w_26367_v1.png,gpt_comp_s2w_26367_v3.png,A > B,-1,2,0,no,2025-11-02T23:04:54.866994+00:00,T000139,26367::gpt_comp_s2w_26367_v1.png>>gpt_comp_s2w_26367_v3.png::T000139,,4795,2065,1029
26367::gpt_comp_s2w_26367_v1.png||gpt_comp_s2w_26367_v4.png,26367,gpt_comp_s2w_26367_v1.png,gpt_comp_s2w_26367_v4.png,A < B,1,"2,3",1,no,2025-11-02T23:04:36.908958+00:00,T000140,26367::gpt_comp_s2w_26367_v1.png>>gpt_comp_s2w_26367_v4.png::T000140,,643,2065,1029
26367::gpt_comp_s2w_26367_v2.png||gpt_comp_s2w_26367_v3.png,26367,gpt_comp_s2w_26367_v2.png,gpt_comp_s2w_26367_v3.png,A > B,-1,2,0,no,2025-11-02T23:04:27.662237+00:00,T000141,26367::gpt_comp_s2w_26367_v2.png>>gpt_comp_s2w_26367_v3.png::T000141,,1992,2065,1029
26367::gpt_comp_s2w_26367_v2.png||gpt_comp_s2w_26367_v4.png,26367,gpt_comp_s2w_26367_v2.png,gpt_comp_s2w_26367_v4.png,A > B,-1,"3,2",1,no,2025-11-02T23:04:23.725656+00:00,T000142,26367::gpt_comp_s2w_26367_v2.png>>gpt_comp_s2w_26367_v4.png::T000142,,500,2065,1029
26367::gpt_comp_s2w_26367_v3.png||gpt_comp_s2w_26367_v4.png,26367,gpt_comp_s2w_26367_v3.png,gpt_comp_s2w_26367_v4.png,A < B,1,3,0,no,2025-11-02T23:04:58.034795+00:00,T000143,26367::gpt_comp_s2w_26367_v3.png>>gpt_comp_s2w_26367_v4.png::T000143,,1636,2065,1029
26818::gemini_comp_s2w_26818_v1.png||gemini_comp_s2w_26818_v2.png,26818,gemini_comp_s2w_26818_v1.png,gemini_comp_s2w_26818_v2.png,A > B,-1,"3,2",1,no,2025-11-02T23:05:26.509154+00:00,T000144,26818::gemini_comp_s2w_26818_v1.png>>gemini_comp_s2w_26818_v2.png::T000144,,325,2065,1029
26818::gemini_comp_s2w_26818_v1.png||gemini_comp_s2w_26818_v3.png,26818,gemini_comp_s2w_26818_v1.png,gemini_comp_s2w_26818_v3.png,A << B,2,4,0,no,2025-11-02T23:05:03.109638+00:00,T000145,26818::gemini_comp_s2w_26818_v1.png>>gemini_comp_s2w_26818_v3.png::T000145,,3547,2065,1029
26818::gemini_comp_s2w_26818_v1.png||gemini_comp_s2w_26818_v4.png,26818,gemini_comp_s2w_26818_v1.png,gemini_comp_s2w_26818_v4.png,A < B,1,3,0,no,2025-11-02T23:05:21.788793+00:00,T000146,26818::gemini_comp_s2w_26818_v1.png>>gemini_comp_s2w_26818_v4.png::T000146,,1548,2065,1029
26818::gemini_comp_s2w_26818_v2.png||gemini_comp_s2w_26818_v3.png,26818,gemini_comp_s2w_26818_v2.png,gemini_comp_s2w_26818_v3.png,A << B,2,"3,4",1,no,2025-11-02T23:05:18.846271+00:00,T000147,26818::gemini_comp_s2w_26818_v2.png>>gemini_comp_s2w_26818_v3.png::T000147,,1578,2065,1029
26818::gemini_comp_s2w_26818_v2.png||gemini_comp_s2w_26818_v4.png,26818,gemini_comp_s2w_26818_v2.png,gemini_comp_s2w_26818_v4.png,A << B,2,4,0,no,2025-11-02T23:05:07.267931+00:00,T000148,26818::gemini_comp_s2w_26818_v2.png>>gemini_comp_s2w_26818_v4.png::T000148,,2531,2065,1029
26818::gemini_comp_s2w_26818_v3.png||gemini_comp_s2w_26818_v4.png,26818,gemini_comp_s2w_26818_v3.png,gemini_comp_s2w_26818_v4.png,A > B,-1,"2,3,2",2,no,2025-11-02T23:05:13.587928+00:00,T000149,26818::gemini_comp_s2w_26818_v3.png>>gemini_comp_s2w_26818_v4.png::T000149,,258,2065,1029
27282::gemini_comp_s2w_27282_v1.png||gemini_comp_s2w_27282_v2.png,27282,gemini_comp_s2w_27282_v1.png,gemini_comp_s2w_27282_v2.png,A < B,1,3,0,no,2025-11-02T23:06:02.480952+00:00,T000150,27282::gemini_comp_s2w_27282_v1.png>>gemini_comp_s2w_27282_v2.png::T000150,,2156,2065,1029
27282::gemini_comp_s2w_27282_v1.png||gemini_comp_s2w_27282_v3.png,27282,gemini_comp_s2w_27282_v1.png,gemini_comp_s2w_27282_v3.png,A < B,1,"2,3",1,no,2025-11-02T23:05:44.256152+00:00,T000151,27282::gemini_comp_s2w_27282_v1.png>>gemini_comp_s2w_27282_v3.png::T000151,,6708,2065,1029
27282::gemini_comp_s2w_27282_v1.png||gemini_comp_s2w_27282_v4.png,27282,gemini_comp_s2w_27282_v1.png,gemini_comp_s2w_27282_v4.png,A < B,1,3,0,no,2025-11-02T23:05:49.260393+00:00,T000152,27282::gemini_comp_s2w_27282_v1.png>>gemini_comp_s2w_27282_v4.png::T000152,,1036,2065,1029
27282::gemini_comp_s2w_27282_v2.png||gemini_comp_s2w_27282_v3.png,27282,gemini_comp_s2w_27282_v2.png,gemini_comp_s2w_27282_v3.png,A > B,-1,2,0,no,2025-11-02T23:05:56.029125+00:00,T000153,27282::gemini_comp_s2w_27282_v2.png>>gemini_comp_s2w_27282_v3.png::T000153,,1564,2065,1029
27282::gemini_comp_s2w_27282_v2.png||gemini_comp_s2w_27282_v4.png,27282,gemini_comp_s2w_27282_v2.png,gemini_comp_s2w_27282_v4.png,A < B,1,3,0,no,2025-11-02T23:05:53.048451+00:00,T000154,27282::gemini_comp_s2w_27282_v2.png>>gemini_comp_s2w_27282_v4.png::T000154,,2291,2065,1029
27282::gemini_comp_s2w_27282_v3.png||gemini_comp_s2w_27282_v4.png,27282,gemini_comp_s2w_27282_v3.png,gemini_comp_s2w_27282_v4.png,A < B,1,3,0,no,2025-11-02T23:06:13.579113+00:00,T000155,27282::gemini_comp_s2w_27282_v3.png>>gemini_comp_s2w_27282_v4.png::T000155,,6486,2065,1029
27502::gemini_comp_s2w_27502_v1.png||gemini_comp_s2w_27502_v2.png,27502,gemini_comp_s2w_27502_v1.png,gemini_comp_s2w_27502_v2.png,A < B,1,"2,3,2,3",3,no,2025-11-02T23:07:25.187864+00:00,T000156,27502::gemini_comp_s2w_27502_v1.png>>gemini_comp_s2w_27502_v2.png::T000156,,1382,2065,1029
27502::gemini_comp_s2w_27502_v1.png||gemini_comp_s2w_27502_v3.png,27502,gemini_comp_s2w_27502_v1.png,gemini_comp_s2w_27502_v3.png,A > B,-1,"3,2",1,no,2025-11-02T23:06:19.609680+00:00,T000157,27502::gemini_comp_s2w_27502_v1.png>>gemini_comp_s2w_27502_v3.png::T000157,,1249,2065,1029
27502::gemini_comp_s2w_27502_v1.png||gemini_comp_s2w_27502_v4.png,27502,gemini_comp_s2w_27502_v1.png,gemini_comp_s2w_27502_v4.png,A > B,-1,2,0,no,2025-11-02T23:07:12.089719+00:00,T000158,27502::gemini_comp_s2w_27502_v1.png>>gemini_comp_s2w_27502_v4.png::T000158,,2307,2065,1029
27502::gemini_comp_s2w_27502_v2.png||gemini_comp_s2w_27502_v3.png,27502,gemini_comp_s2w_27502_v2.png,gemini_comp_s2w_27502_v3.png,A > B,-1,2,0,no,2025-11-02T23:06:54.317430+00:00,T000159,27502::gemini_comp_s2w_27502_v2.png>>gemini_comp_s2w_27502_v3.png::T000159,,32895,2065,1029
27502::gemini_comp_s2w_27502_v2.png||gemini_comp_s2w_27502_v4.png,27502,gemini_comp_s2w_27502_v2.png,gemini_comp_s2w_27502_v4.png,A < B,1,"3,4,3",2,no,2025-11-02T23:07:02.632139+00:00,T000160,27502::gemini_comp_s2w_27502_v2.png>>gemini_comp_s2w_27502_v4.png::T000160,,808,2065,1029
27502::gemini_comp_s2w_27502_v3.png||gemini_comp_s2w_27502_v4.png,27502,gemini_comp_s2w_27502_v3.png,gemini_comp_s2w_27502_v4.png,A << B,2,4,0,no,2025-11-02T23:07:08.039225+00:00,T000161,27502::gemini_comp_s2w_27502_v3.png>>gemini_comp_s2w_27502_v4.png::T000161,,3613,2065,1029
28040::gemini_comp_s2w_28040_v1.png||gemini_comp_s2w_28040_v2.png,28040,gemini_comp_s2w_28040_v1.png,gemini_comp_s2w_28040_v2.png,A > B,-1,2,0,no,2025-11-02T23:07:34.178701+00:00,T000162,28040::gemini_comp_s2w_28040_v1.png>>gemini_comp_s2w_28040_v2.png::T000162,,1628,2065,1029
28040::gemini_comp_s2w_28040_v1.png||gemini_comp_s2w_28040_v3.png,28040,gemini_comp_s2w_28040_v1.png,gemini_comp_s2w_28040_v3.png,A < B,1,3,0,no,2025-11-02T23:07:39.540368+00:00,T000163,28040::gemini_comp_s2w_28040_v1.png>>gemini_comp_s2w_28040_v3.png::T000163,,3496,2065,1029
28040::gemini_comp_s2w_28040_v1.png||gemini_comp_s2w_28040_v4.png,28040,gemini_comp_s2w_28040_v1.png,gemini_comp_s2w_28040_v4.png,A > B,-1,2,0,no,2025-11-02T23:07:47.308320+00:00,T000164,28040::gemini_comp_s2w_28040_v1.png>>gemini_comp_s2w_28040_v4.png::T000164,,2559,2065,1029
28040::gemini_comp_s2w_28040_v2.png||gemini_comp_s2w_28040_v3.png,28040,gemini_comp_s2w_28040_v2.png,gemini_comp_s2w_28040_v3.png,A < B,1,3,0,no,2025-11-02T23:07:43.341713+00:00,T000165,28040::gemini_comp_s2w_28040_v2.png>>gemini_comp_s2w_28040_v3.png::T000165,,2179,2065,1029
28040::gemini_comp_s2w_28040_v2.png||gemini_comp_s2w_28040_v4.png,28040,gemini_comp_s2w_28040_v2.png,gemini_comp_s2w_28040_v4.png,A < B,1,"2,3",1,no,2025-11-02T23:07:59.669094+00:00,T000166,28040::gemini_comp_s2w_28040_v2.png>>gemini_comp_s2w_28040_v4.png::T000166,,2370,2065,1029
28040::gemini_comp_s2w_28040_v3.png||gemini_comp_s2w_28040_v4.png,28040,gemini_comp_s2w_28040_v3.png,gemini_comp_s2w_28040_v4.png,A > B,-1,2,0,no,2025-11-02T23:07:30.729959+00:00,T000167,28040::gemini_comp_s2w_28040_v3.png>>gemini_comp_s2w_28040_v4.png::T000167,,3651,2065,1029
28349::gemini_comp_s2w_28349_v1.png||gemini_comp_s2w_28349_v2.png,28349,gemini_comp_s2w_28349_v1.png,gemini_comp_s2w_28349_v2.png,A < B,1,3,0,no,2025-11-02T23:08:17.110314+00:00,T000168,28349::gemini_comp_s2w_28349_v1.png>>gemini_comp_s2w_28349_v2.png::T000168,,2575,2065,1029
28349::gemini_comp_s2w_28349_v1.png||gemini_comp_s2w_28349_v3.png,28349,gemini_comp_s2w_28349_v1.png,gemini_comp_s2w_28349_v3.png,A << B,2,4,0,no,2025-11-02T23:08:02.825658+00:00,T000169,28349::gemini_comp_s2w_28349_v1.png>>gemini_comp_s2w_28349_v3.png::T000169,,1732,2065,1029
28349::gemini_comp_s2w_28349_v1.png||gemini_comp_s2w_28349_v4.png,28349,gemini_comp_s2w_28349_v1.png,gemini_comp_s2w_28349_v4.png,A < B,1,3,0,no,2025-11-02T23:08:13.018479+00:00,T000170,28349::gemini_comp_s2w_28349_v1.png>>gemini_comp_s2w_28349_v4.png::T000170,,3558,2065,1029
28349::gemini_comp_s2w_28349_v2.png||gemini_comp_s2w_28349_v3.png,28349,gemini_comp_s2w_28349_v2.png,gemini_comp_s2w_28349_v3.png,A < B,1,3,0,no,2025-11-02T23:08:31.928844+00:00,T000171,28349::gemini_comp_s2w_28349_v2.png>>gemini_comp_s2w_28349_v3.png::T000171,,2458,2065,1029
28349::gemini_comp_s2w_28349_v2.png||gemini_comp_s2w_28349_v4.png,28349,gemini_comp_s2w_28349_v2.png,gemini_comp_s2w_28349_v4.png,A < B,1,"3,2,3",2,no,2025-11-02T23:08:28.069295+00:00,T000172,28349::gemini_comp_s2w_28349_v2.png>>gemini_comp_s2w_28349_v4.png::T000172,,1787,2065,1029
28349::gemini_comp_s2w_28349_v3.png||gemini_comp_s2w_28349_v4.png,28349,gemini_comp_s2w_28349_v3.png,gemini_comp_s2w_28349_v4.png,A > B,-1,2,0,no,2025-11-02T23:08:08.108558+00:00,T000173,28349::gemini_comp_s2w_28349_v3.png>>gemini_comp_s2w_28349_v4.png::T000173,,3544,2065,1029
28792::gpt_comp_s2w_28792_v1.png||gpt_comp_s2w_28792_v2.png,28792,gpt_comp_s2w_28792_v1.png,gpt_comp_s2w_28792_v2.png,A > B,-1,2,0,no,2025-11-02T23:08:52.030232+00:00,T000174,28792::gpt_comp_s2w_28792_v1.png>>gpt_comp_s2w_28792_v2.png::T000174,,2116,2065,1029
28792::gpt_comp_s2w_28792_v1.png||gpt_comp_s2w_28792_v3.png,28792,gpt_comp_s2w_28792_v1.png,gpt_comp_s2w_28792_v3.png,A > B,-1,"3,2",1,no,2025-11-03T00:01:56.457763+00:00,T000175,28792::gpt_comp_s2w_28792_v1.png>>gpt_comp_s2w_28792_v3.png::T000175,,2117,2065,1029
28792::gpt_comp_s2w_28792_v1.png||gpt_comp_s2w_28792_v4.png,28792,gpt_comp_s2w_28792_v1.png,gpt_comp_s2w_28792_v4.png,A > B,-1,2,0,no,2025-11-02T23:08:59.280632+00:00,T000176,28792::gpt_comp_s2w_28792_v1.png>>gpt_comp_s2w_28792_v4.png::T000176,,2108,2065,1029
28792::gpt_comp_s2w_28792_v2.png||gpt_comp_s2w_28792_v3.png,28792,gpt_comp_s2w_28792_v2.png,gpt_comp_s2w_28792_v3.png,A < B,1,3,0,no,2025-11-02T23:08:48.172302+00:00,T000177,28792::gpt_comp_s2w_28792_v2.png>>gpt_comp_s2w_28792_v3.png::T000177,,1559,2065,1029
28792::gpt_comp_s2w_28792_v2.png||gpt_comp_s2w_28792_v4.png,28792,gpt_comp_s2w_28792_v2.png,gpt_comp_s2w_28792_v4.png,A < B,1,"3,3,3,3",0,no,2025-11-02T23:08:45.822301+00:00,T000178,28792::gpt_comp_s2w_28792_v2.png>>gpt_comp_s2w_28792_v4.png::T000178,,1292,2065,1029
28792::gpt_comp_s2w_28792_v3.png||gpt_comp_s2w_28792_v4.png,28792,gpt_comp_s2w_28792_v3.png,gpt_comp_s2w_28792_v4.png,A > B,-1,2,0,no,2025-11-02T23:08:55.117388+00:00,T000179,28792::gpt_comp_s2w_28792_v3.png>>gpt_comp_s2w_28792_v4.png::T000179,,1304,2065,1029
28902::gpt_comp_s2w_28902_v1.png||gpt_comp_s2w_28902_v2.png,28902,gpt_comp_s2w_28902_v1.png,gpt_comp_s2w_28902_v2.png,A << B,2,4,0,no,2025-11-02T23:09:03.049349+00:00,T000180,28902::gpt_comp_s2w_28902_v1.png>>gpt_comp_s2w_28902_v2.png::T000180,,2329,2065,1029
28902::gpt_comp_s2w_28902_v1.png||gpt_comp_s2w_28902_v3.png,28902,gpt_comp_s2w_28902_v1.png,gpt_comp_s2w_28902_v3.png,A << B,2,4,0,no,2025-11-02T23:09:09.734740+00:00,T000181,28902::gpt_comp_s2w_28902_v1.png>>gpt_comp_s2w_28902_v3.png::T000181,,1845,2065,1029
28902::gpt_comp_s2w_28902_v1.png||gpt_comp_s2w_28902_v4.png,28902,gpt_comp_s2w_28902_v1.png,gpt_comp_s2w_28902_v4.png,A << B,2,4,0,no,2025-11-02T23:09:06.320283+00:00,T000182,28902::gpt_comp_s2w_28902_v1.png>>gpt_comp_s2w_28902_v4.png::T000182,,1835,2065,1029
28902::gpt_comp_s2w_28902_v2.png||gpt_comp_s2w_28902_v3.png,28902,gpt_comp_s2w_28902_v2.png,gpt_comp_s2w_28902_v3.png,A < B,1,3,0,no,2025-11-02T23:09:23.135921+00:00,T000183,28902::gpt_comp_s2w_28902_v2.png>>gpt_comp_s2w_28902_v3.png::T000183,,2264,2065,1029
28902::gpt_comp_s2w_28902_v2.png||gpt_comp_s2w_28902_v4.png,28902,gpt_comp_s2w_28902_v2.png,gpt_comp_s2w_28902_v4.png,A < B,1,3,0,no,2025-11-02T23:09:14.178274+00:00,T000184,28902::gpt_comp_s2w_28902_v2.png>>gpt_comp_s2w_28902_v4.png::T000184,,2823,2065,1029
28902::gpt_comp_s2w_28902_v3.png||gpt_comp_s2w_28902_v4.png,28902,gpt_comp_s2w_28902_v3.png,gpt_comp_s2w_28902_v4.png,A > B,-1,2,0,no,2025-11-02T23:09:19.300786+00:00,T000185,28902::gpt_comp_s2w_28902_v3.png>>gpt_comp_s2w_28902_v4.png::T000185,,3509,2065,1029
29179::gemini_comp_s2w_29179_v1.png||gemini_comp_s2w_29179_v2.png,29179,gemini_comp_s2w_29179_v1.png,gemini_comp_s2w_29179_v2.png,A < B,1,3,0,no,2025-11-02T23:09:46.689630+00:00,T000186,29179::gemini_comp_s2w_29179_v1.png>>gemini_comp_s2w_29179_v2.png::T000186,,3380,2065,1029
29179::gemini_comp_s2w_29179_v1.png||gemini_comp_s2w_29179_v3.png,29179,gemini_comp_s2w_29179_v1.png,gemini_comp_s2w_29179_v3.png,A > B,-1,2,0,no,2025-11-02T23:09:49.892571+00:00,T000187,29179::gemini_comp_s2w_29179_v1.png>>gemini_comp_s2w_29179_v3.png::T000187,,1758,2065,1029
29179::gemini_comp_s2w_29179_v1.png||gemini_comp_s2w_29179_v4.png,29179,gemini_comp_s2w_29179_v1.png,gemini_comp_s2w_29179_v4.png,A > B,-1,2,0,no,2025-11-02T23:09:52.929665+00:00,T000188,29179::gemini_comp_s2w_29179_v1.png>>gemini_comp_s2w_29179_v4.png::T000188,,1454,2065,1029
29179::gemini_comp_s2w_29179_v2.png||gemini_comp_s2w_29179_v3.png,29179,gemini_comp_s2w_29179_v2.png,gemini_comp_s2w_29179_v3.png,A > B,-1,"3,2",1,no,2025-11-02T23:09:31.387130+00:00,T000189,29179::gemini_comp_s2w_29179_v2.png>>gemini_comp_s2w_29179_v3.png::T000189,,2184,2065,1029
29179::gemini_comp_s2w_29179_v2.png||gemini_comp_s2w_29179_v4.png,29179,gemini_comp_s2w_29179_v2.png,gemini_comp_s2w_29179_v4.png,A > B,-1,2,0,no,2025-11-02T23:09:41.578048+00:00,T000190,29179::gemini_comp_s2w_29179_v2.png>>gemini_comp_s2w_29179_v4.png::T000190,,1459,2065,1029
29179::gemini_comp_s2w_29179_v3.png||gemini_comp_s2w_29179_v4.png,29179,gemini_comp_s2w_29179_v3.png,gemini_comp_s2w_29179_v4.png,A < B,1,3,0,no,2025-11-02T23:09:34.534146+00:00,T000191,29179::gemini_comp_s2w_29179_v3.png>>gemini_comp_s2w_29179_v4.png::T000191,,1709,2065,1029
2962::gpt_comp_s2w_2962_v1.png||gpt_comp_s2w_2962_v2.png,2962,gpt_comp_s2w_2962_v1.png,gpt_comp_s2w_2962_v2.png,A < B,1,3,0,no,2025-11-02T23:09:59.911958+00:00,T000192,2962::gpt_comp_s2w_2962_v1.png>>gpt_comp_s2w_2962_v2.png::T000192,,1213,2065,1029
2962::gpt_comp_s2w_2962_v1.png||gpt_comp_s2w_2962_v3.png,2962,gpt_comp_s2w_2962_v1.png,gpt_comp_s2w_2962_v3.png,A > B,-1,2,0,no,2025-11-02T23:10:42.482174+00:00,T000193,2962::gpt_comp_s2w_2962_v1.png>>gpt_comp_s2w_2962_v3.png::T000193,,19101,2065,1029
2962::gpt_comp_s2w_2962_v1.png||gpt_comp_s2w_2962_v4.png,2962,gpt_comp_s2w_2962_v1.png,gpt_comp_s2w_2962_v4.png,A < B,1,3,0,no,2025-11-02T23:09:56.920783+00:00,T000194,2962::gpt_comp_s2w_2962_v1.png>>gpt_comp_s2w_2962_v4.png::T000194,,2592,2065,1029
2962::gpt_comp_s2w_2962_v2.png||gpt_comp_s2w_2962_v3.png,2962,gpt_comp_s2w_2962_v2.png,gpt_comp_s2w_2962_v3.png,A < B,1,3,0,no,2025-11-02T23:10:18.692235+00:00,T000195,2962::gpt_comp_s2w_2962_v2.png>>gpt_comp_s2w_2962_v3.png::T000195,,16173,2065,1029
2962::gpt_comp_s2w_2962_v2.png||gpt_comp_s2w_2962_v4.png,2962,gpt_comp_s2w_2962_v2.png,gpt_comp_s2w_2962_v4.png,A < B,1,3,0,no,2025-11-02T23:10:21.962013+00:00,T000196,2962::gpt_comp_s2w_2962_v2.png>>gpt_comp_s2w_2962_v4.png::T000196,,933,2065,1029
2962::gpt_comp_s2w_2962_v3.png||gpt_comp_s2w_2962_v4.png,2962,gpt_comp_s2w_2962_v3.png,gpt_comp_s2w_2962_v4.png,A < B,1,3,0,no,2025-11-02T23:10:54.516114+00:00,T000197,2962::gpt_comp_s2w_2962_v3.png>>gpt_comp_s2w_2962_v4.png::T000197,,10573,2065,1029
30987::gemini_comp_s2w_30987_v1.png||gemini_comp_s2w_30987_v2.png,30987,gemini_comp_s2w_30987_v1.png,gemini_comp_s2w_30987_v2.png,A << B,2,4,0,no,2025-11-02T23:11:29.224229+00:00,T000198,30987::gemini_comp_s2w_30987_v1.png>>gemini_comp_s2w_30987_v2.png::T000198,,1190,2065,1029
30987::gemini_comp_s2w_30987_v1.png||gemini_comp_s2w_30987_v3.png,30987,gemini_comp_s2w_30987_v1.png,gemini_comp_s2w_30987_v3.png,A << B,2,4,0,no,2025-11-02T23:11:11.791549+00:00,T000199,30987::gemini_comp_s2w_30987_v1.png>>gemini_comp_s2w_30987_v3.png::T000199,,1473,2065,1029
30987::gemini_comp_s2w_30987_v1.png||gemini_comp_s2w_30987_v4.png,30987,gemini_comp_s2w_30987_v1.png,gemini_comp_s2w_30987_v4.png,A << B,2,"3,4",1,no,2025-11-02T23:11:01.394322+00:00,T000200,30987::gemini_comp_s2w_30987_v1.png>>gemini_comp_s2w_30987_v4.png::T000200,,945,2065,1029
30987::gemini_comp_s2w_30987_v2.png||gemini_comp_s2w_30987_v3.png,30987,gemini_comp_s2w_30987_v2.png,gemini_comp_s2w_30987_v3.png,A > B,-1,2,0,no,2025-11-02T23:11:07.471865+00:00,T000201,30987::gemini_comp_s2w_30987_v2.png>>gemini_comp_s2w_30987_v3.png::T000201,,4435,2065,1029
30987::gemini_comp_s2w_30987_v2.png||gemini_comp_s2w_30987_v4.png,30987,gemini_comp_s2w_30987_v2.png,gemini_comp_s2w_30987_v4.png,A > B,-1,2,0,no,2025-11-02T23:11:36.648585+00:00,T000202,30987::gemini_comp_s2w_30987_v2.png>>gemini_comp_s2w_30987_v4.png::T000202,,4520,2065,1029
30987::gemini_comp_s2w_30987_v3.png||gemini_comp_s2w_30987_v4.png,30987,gemini_comp_s2w_30987_v3.png,gemini_comp_s2w_30987_v4.png,A < B,1,"2,3",1,no,2025-11-02T23:11:47.764363+00:00,T000203,30987::gemini_comp_s2w_30987_v3.png>>gemini_comp_s2w_30987_v4.png::T000203,,136,2065,1029
31780::gemini_comp_s2w_31780_v1.png||gemini_comp_s2w_31780_v2.png,31780,gemini_comp_s2w_31780_v1.png,gemini_comp_s2w_31780_v2.png,A << B,2,"3,4",1,no,2025-11-02T23:11:56.501285+00:00,T000204,31780::gemini_comp_s2w_31780_v1.png>>gemini_comp_s2w_31780_v2.png::T000204,,122,2065,1029
31780::gemini_comp_s2w_31780_v1.png||gemini_comp_s2w_31780_v3.png,31780,gemini_comp_s2w_31780_v1.png,gemini_comp_s2w_31780_v3.png,A > B,-1,2,0,no,2025-11-02T23:12:46.132266+00:00,T000205,31780::gemini_comp_s2w_31780_v1.png>>gemini_comp_s2w_31780_v3.png::T000205,,13011,2065,1029
31780::gemini_comp_s2w_31780_v1.png||gemini_comp_s2w_31780_v4.png,31780,gemini_comp_s2w_31780_v1.png,gemini_comp_s2w_31780_v4.png,A > B,-1,2,0,no,2025-11-02T23:13:03.884399+00:00,T000206,31780::gemini_comp_s2w_31780_v1.png>>gemini_comp_s2w_31780_v4.png::T000206,,2675,2065,1029
31780::gemini_comp_s2w_31780_v2.png||gemini_comp_s2w_31780_v3.png,31780,gemini_comp_s2w_31780_v2.png,gemini_comp_s2w_31780_v3.png,A >> B,-2,"3,2,1",2,no,2025-11-02T23:12:14.335628+00:00,T000207,31780::gemini_comp_s2w_31780_v2.png>>gemini_comp_s2w_31780_v3.png::T000207,,4638,2065,1029
31780::gemini_comp_s2w_31780_v2.png||gemini_comp_s2w_31780_v4.png,31780,gemini_comp_s2w_31780_v2.png,gemini_comp_s2w_31780_v4.png,A > B,-1,2,0,no,2025-11-02T23:12:52.992256+00:00,T000208,31780::gemini_comp_s2w_31780_v2.png>>gemini_comp_s2w_31780_v4.png::T000208,,1346,2065,1029
31780::gemini_comp_s2w_31780_v3.png||gemini_comp_s2w_31780_v4.png,31780,gemini_comp_s2w_31780_v3.png,gemini_comp_s2w_31780_v4.png,A > B,-1,2,0,no,2025-11-02T23:12:57.005082+00:00,T000209,31780::gemini_comp_s2w_31780_v3.png>>gemini_comp_s2w_31780_v4.png::T000209,,2396,2065,1029
32234::gemini_comp_s2w_32234_v1.png||gemini_comp_s2w_32234_v2.png,32234,gemini_comp_s2w_32234_v1.png,gemini_comp_s2w_32234_v2.png,A > B,-1,2,0,no,2025-11-02T23:14:24.813110+00:00,T000210,32234::gemini_comp_s2w_32234_v1.png>>gemini_comp_s2w_32234_v2.png::T000210,,1748,2065,1029
32234::gemini_comp_s2w_32234_v1.png||gemini_comp_s2w_32234_v3.png,32234,gemini_comp_s2w_32234_v1.png,gemini_comp_s2w_32234_v3.png,A > B,-1,"3,2",1,no,2025-11-02T23:13:20.226346+00:00,T000211,32234::gemini_comp_s2w_32234_v1.png>>gemini_comp_s2w_32234_v3.png::T000211,,1489,2065,1029
32234::gemini_comp_s2w_32234_v1.png||gemini_comp_s2w_32234_v4.png,32234,gemini_comp_s2w_32234_v1.png,gemini_comp_s2w_32234_v4.png,A > B,-1,2,0,no,2025-11-02T23:13:48.517187+00:00,T000212,32234::gemini_comp_s2w_32234_v1.png>>gemini_comp_s2w_32234_v4.png::T000212,,2249,2065,1029
32234::gemini_comp_s2w_32234_v2.png||gemini_comp_s2w_32234_v3.png,32234,gemini_comp_s2w_32234_v2.png,gemini_comp_s2w_32234_v3.png,A < B,1,3,0,no,2025-11-02T23:13:13.458041+00:00,T000213,32234::gemini_comp_s2w_32234_v2.png>>gemini_comp_s2w_32234_v3.png::T000213,,1689,2065,1029
32234::gemini_comp_s2w_32234_v2.png||gemini_comp_s2w_32234_v4.png,32234,gemini_comp_s2w_32234_v2.png,gemini_comp_s2w_32234_v4.png,A < B,1,3,0,no,2025-11-02T23:13:10.185769+00:00,T000214,32234::gemini_comp_s2w_32234_v2.png>>gemini_comp_s2w_32234_v4.png::T000214,,4859,2065,1029
32234::gemini_comp_s2w_32234_v3.png||gemini_comp_s2w_32234_v4.png,32234,gemini_comp_s2w_32234_v3.png,gemini_comp_s2w_32234_v4.png,A < B,1,3,0,no,2025-11-02T23:14:43.853220+00:00,T000215,32234::gemini_comp_s2w_32234_v3.png>>gemini_comp_s2w_32234_v4.png::T000215,,1865,2065,1029
32828::gpt_comp_s2w_32828_v1.png||gpt_comp_s2w_32828_v2.png,32828,gpt_comp_s2w_32828_v1.png,gpt_comp_s2w_32828_v2.png,A < B,1,"2,3",1,no,2025-11-02T23:15:02.509987+00:00,T000216,32828::gpt_comp_s2w_32828_v1.png>>gpt_comp_s2w_32828_v2.png::T000216,,1279,2065,1029
32828::gpt_comp_s2w_32828_v1.png||gpt_comp_s2w_32828_v3.png,32828,gpt_comp_s2w_32828_v1.png,gpt_comp_s2w_32828_v3.png,A < B,1,3,0,no,2025-11-02T23:15:06.684631+00:00,T000217,32828::gpt_comp_s2w_32828_v1.png>>gpt_comp_s2w_32828_v3.png::T000217,,2687,2065,1029
32828::gpt_comp_s2w_32828_v1.png||gpt_comp_s2w_32828_v4.png,32828,gpt_comp_s2w_32828_v1.png,gpt_comp_s2w_32828_v4.png,A > B,-1,2,0,no,2025-11-02T23:15:20.211174+00:00,T000218,32828::gpt_comp_s2w_32828_v1.png>>gpt_comp_s2w_32828_v4.png::T000218,,3319,2065,1029
32828::gpt_comp_s2w_32828_v2.png||gpt_comp_s2w_32828_v3.png,32828,gpt_comp_s2w_32828_v2.png,gpt_comp_s2w_32828_v3.png,A < B,1,"2,3",1,no,2025-11-02T23:14:51.003460+00:00,T000219,32828::gpt_comp_s2w_32828_v2.png>>gpt_comp_s2w_32828_v3.png::T000219,,3012,2065,1029
32828::gpt_comp_s2w_32828_v2.png||gpt_comp_s2w_32828_v4.png,32828,gpt_comp_s2w_32828_v2.png,gpt_comp_s2w_32828_v4.png,A > B,-1,2,0,no,2025-11-02T23:15:23.917358+00:00,T000220,32828::gpt_comp_s2w_32828_v2.png>>gpt_comp_s2w_32828_v4.png::T000220,,2150,2065,1029
32828::gpt_comp_s2w_32828_v3.png||gpt_comp_s2w_32828_v4.png,32828,gpt_comp_s2w_32828_v3.png,gpt_comp_s2w_32828_v4.png,A >> B,-2,1,0,no,2025-11-02T23:15:15.162918+00:00,T000221,32828::gpt_comp_s2w_32828_v3.png>>gpt_comp_s2w_32828_v4.png::T000221,,2017,2065,1029
33330::gpt_comp_s2w_33330_v1.png||gpt_comp_s2w_33330_v2.png,33330,gpt_comp_s2w_33330_v1.png,gpt_comp_s2w_33330_v2.png,A < B,1,3,0,no,2025-11-02T23:15:29.565215+00:00,T000222,33330::gpt_comp_s2w_33330_v1.png>>gpt_comp_s2w_33330_v2.png::T000222,,4100,2065,1029
33330::gpt_comp_s2w_33330_v1.png||gpt_comp_s2w_33330_v3.png,33330,gpt_comp_s2w_33330_v1.png,gpt_comp_s2w_33330_v3.png,A < B,1,3,0,no,2025-11-02T23:15:58.980372+00:00,T000223,33330::gpt_comp_s2w_33330_v1.png>>gpt_comp_s2w_33330_v3.png::T000223,,2352,2065,1029
33330::gpt_comp_s2w_33330_v1.png||gpt_comp_s2w_33330_v4.png,33330,gpt_comp_s2w_33330_v1.png,gpt_comp_s2w_33330_v4.png,A > B,-1,2,0,no,2025-11-02T23:15:48.132465+00:00,T000224,33330::gpt_comp_s2w_33330_v1.png>>gpt_comp_s2w_33330_v4.png::T000224,,2120,2065,1029
33330::gpt_comp_s2w_33330_v2.png||gpt_comp_s2w_33330_v3.png,33330,gpt_comp_s2w_33330_v2.png,gpt_comp_s2w_33330_v3.png,A > B,-1,2,0,no,2025-11-02T23:15:54.862837+00:00,T000225,33330::gpt_comp_s2w_33330_v2.png>>gpt_comp_s2w_33330_v3.png::T000225,,4803,2065,1029
33330::gpt_comp_s2w_33330_v2.png||gpt_comp_s2w_33330_v4.png,33330,gpt_comp_s2w_33330_v2.png,gpt_comp_s2w_33330_v4.png,A >> B,-2,1,0,no,2025-11-02T23:15:40.073888+00:00,T000226,33330::gpt_comp_s2w_33330_v2.png>>gpt_comp_s2w_33330_v4.png::T000226,,4446,2065,1029
33330::gpt_comp_s2w_33330_v3.png||gpt_comp_s2w_33330_v4.png,33330,gpt_comp_s2w_33330_v3.png,gpt_comp_s2w_33330_v4.png,A >> B,-2,1,0,no,2025-11-02T23:15:33.977299+00:00,T000227,33330::gpt_comp_s2w_33330_v3.png>>gpt_comp_s2w_33330_v4.png::T000227,,3139,2065,1029
33934::gpt_comp_s2w_33934_v1.png||gpt_comp_s2w_33934_v2.png,33934,gpt_comp_s2w_33934_v1.png,gpt_comp_s2w_33934_v2.png,A > B,-1,2,0,no,2025-11-02T23:16:04.644674+00:00,T000228,33934::gpt_comp_s2w_33934_v1.png>>gpt_comp_s2w_33934_v2.png::T000228,,4196,2065,1029
33934::gpt_comp_s2w_33934_v1.png||gpt_comp_s2w_33934_v3.png,33934,gpt_comp_s2w_33934_v1.png,gpt_comp_s2w_33934_v3.png,A > B,-1,2,0,no,2025-11-02T23:16:25.252250+00:00,T000229,33934::gpt_comp_s2w_33934_v1.png>>gpt_comp_s2w_33934_v3.png::T000229,,1156,2065,1029
33934::gpt_comp_s2w_33934_v1.png||gpt_comp_s2w_33934_v4.png,33934,gpt_comp_s2w_33934_v1.png,gpt_comp_s2w_33934_v4.png,A > B,-1,2,0,no,2025-11-02T23:16:18.843731+00:00,T000230,33934::gpt_comp_s2w_33934_v1.png>>gpt_comp_s2w_33934_v4.png::T000230,,1063,2065,1029
33934::gpt_comp_s2w_33934_v2.png||gpt_comp_s2w_33934_v3.png,33934,gpt_comp_s2w_33934_v2.png,gpt_comp_s2w_33934_v3.png,A > B,-1,2,0,no,2025-11-02T23:16:27.510351+00:00,T000231,33934::gpt_comp_s2w_33934_v2.png>>gpt_comp_s2w_33934_v3.png::T000231,,1039,2065,1029
33934::gpt_comp_s2w_33934_v2.png||gpt_comp_s2w_33934_v4.png,33934,gpt_comp_s2w_33934_v2.png,gpt_comp_s2w_33934_v4.png,A < B,1,3,0,no,2025-11-02T23:16:22.436960+00:00,T000232,33934::gpt_comp_s2w_33934_v2.png>>gpt_comp_s2w_33934_v4.png::T000232,,2344,2065,1029
33934::gpt_comp_s2w_33934_v3.png||gpt_comp_s2w_33934_v4.png,33934,gpt_comp_s2w_33934_v3.png,gpt_comp_s2w_33934_v4.png,A > B,-1,2,0,no,2025-11-02T23:16:10.714862+00:00,T000233,33934::gpt_comp_s2w_33934_v3.png>>gpt_comp_s2w_33934_v4.png::T000233,,3770,2065,1029
3498::gemini_comp_s2w_3498_v1.png||gemini_comp_s2w_3498_v2.png,3498,gemini_comp_s2w_3498_v1.png,gemini_comp_s2w_3498_v2.png,A > B,-1,"3,2",1,no,2025-11-02T23:17:15.835144+00:00,T000234,3498::gemini_comp_s2w_3498_v1.png>>gemini_comp_s2w_3498_v2.png::T000234,,620,2065,1029
3498::gemini_comp_s2w_3498_v1.png||gemini_comp_s2w_3498_v3.png,3498,gemini_comp_s2w_3498_v1.png,gemini_comp_s2w_3498_v3.png,A < B,1,3,0,no,2025-11-02T23:16:45.466864+00:00,T000235,3498::gemini_comp_s2w_3498_v1.png>>gemini_comp_s2w_3498_v3.png::T000235,,992,2065,1029
3498::gemini_comp_s2w_3498_v1.png||gemini_comp_s2w_3498_v4.png,3498,gemini_comp_s2w_3498_v1.png,gemini_comp_s2w_3498_v4.png,A > B,-1,2,0,no,2025-11-02T23:17:21.085511+00:00,T000236,3498::gemini_comp_s2w_3498_v1.png>>gemini_comp_s2w_3498_v4.png::T000236,,3367,2065,1029
3498::gemini_comp_s2w_3498_v2.png||gemini_comp_s2w_3498_v3.png,3498,gemini_comp_s2w_3498_v2.png,gemini_comp_s2w_3498_v3.png,A < B,1,3,0,no,2025-11-02T23:16:34.206118+00:00,T000237,3498::gemini_comp_s2w_3498_v2.png>>gemini_comp_s2w_3498_v3.png::T000237,,1378,2065,1029
3498::gemini_comp_s2w_3498_v2.png||gemini_comp_s2w_3498_v4.png,3498,gemini_comp_s2w_3498_v2.png,gemini_comp_s2w_3498_v4.png,A < B,1,3,0,no,2025-11-02T23:17:24.376843+00:00,T000238,3498::gemini_comp_s2w_3498_v2.png>>gemini_comp_s2w_3498_v4.png::T000238,,1436,2065,1029
3498::gemini_comp_s2w_3498_v3.png||gemini_comp_s2w_3498_v4.png,3498,gemini_comp_s2w_3498_v3.png,gemini_comp_s2w_3498_v4.png,A > B,-1,2,0,no,2025-11-02T23:16:50.381125+00:00,T000239,3498::gemini_comp_s2w_3498_v3.png>>gemini_comp_s2w_3498_v4.png::T000239,,3398,2065,1029
35896::gemini_comp_s2w_35896_v1.png||gemini_comp_s2w_35896_v2.png,35896,gemini_comp_s2w_35896_v1.png,gemini_comp_s2w_35896_v2.png,A < B,1,"2,3",1,no,2025-11-02T23:17:47.161810+00:00,T000240,35896::gemini_comp_s2w_35896_v1.png>>gemini_comp_s2w_35896_v2.png::T000240,,5222,2065,1029
35896::gemini_comp_s2w_35896_v1.png||gemini_comp_s2w_35896_v3.png,35896,gemini_comp_s2w_35896_v1.png,gemini_comp_s2w_35896_v3.png,A < B,1,3,0,no,2025-11-02T23:17:34.363357+00:00,T000241,35896::gemini_comp_s2w_35896_v1.png>>gemini_comp_s2w_35896_v3.png::T000241,,2866,2065,1029
35896::gemini_comp_s2w_35896_v1.png||gemini_comp_s2w_35896_v4.png,35896,gemini_comp_s2w_35896_v1.png,gemini_comp_s2w_35896_v4.png,A > B,-1,"2,1,2",2,no,2025-11-02T23:17:59.371543+00:00,T000242,35896::gemini_comp_s2w_35896_v1.png>>gemini_comp_s2w_35896_v4.png::T000242,,627,2065,1029
35896::gemini_comp_s2w_35896_v2.png||gemini_comp_s2w_35896_v3.png,35896,gemini_comp_s2w_35896_v2.png,gemini_comp_s2w_35896_v3.png,A << B,2,4,0,no,2025-11-02T23:17:29.821455+00:00,T000243,35896::gemini_comp_s2w_35896_v2.png>>gemini_comp_s2w_35896_v3.png::T000243,,3889,2065,1029
35896::gemini_comp_s2w_35896_v2.png||gemini_comp_s2w_35896_v4.png,35896,gemini_comp_s2w_35896_v2.png,gemini_comp_s2w_35896_v4.png,A > B,-1,2,0,no,2025-11-02T23:18:05.814766+00:00,T000244,35896::gemini_comp_s2w_35896_v2.png>>gemini_comp_s2w_35896_v4.png::T000244,,1328,2065,1029
35896::gemini_comp_s2w_35896_v3.png||gemini_comp_s2w_35896_v4.png,35896,gemini_comp_s2w_35896_v3.png,gemini_comp_s2w_35896_v4.png,A >> B,-2,1,0,no,2025-11-02T23:18:02.671898+00:00,T000245,35896::gemini_comp_s2w_35896_v3.png>>gemini_comp_s2w_35896_v4.png::T000245,,1479,2065,1029
37185::gemini_comp_s2w_37185_v1.png||gemini_comp_s2w_37185_v2.png,37185,gemini_comp_s2w_37185_v1.png,gemini_comp_s2w_37185_v2.png,A < B,1,3,0,no,2025-11-02T23:18:12.784156+00:00,T000246,37185::gemini_comp_s2w_37185_v1.png>>gemini_comp_s2w_37185_v2.png::T000246,,4934,2065,1029
37185::gemini_comp_s2w_37185_v1.png||gemini_comp_s2w_37185_v3.png,37185,gemini_comp_s2w_37185_v1.png,gemini_comp_s2w_37185_v3.png,A < B,1,"2,3",1,no,2025-11-02T23:18:28.443925+00:00,T000247,37185::gemini_comp_s2w_37185_v1.png>>gemini_comp_s2w_37185_v3.png::T000247,,3065,2065,1029
37185::gemini_comp_s2w_37185_v1.png||gemini_comp_s2w_37185_v4.png,37185,gemini_comp_s2w_37185_v1.png,gemini_comp_s2w_37185_v4.png,A < B,1,"2,3",1,no,2025-11-02T23:18:21.258534+00:00,T000248,37185::gemini_comp_s2w_37185_v1.png>>gemini_comp_s2w_37185_v4.png::T000248,,1786,2065,1029
37185::gemini_comp_s2w_37185_v2.png||gemini_comp_s2w_37185_v3.png,37185,gemini_comp_s2w_37185_v2.png,gemini_comp_s2w_37185_v3.png,A < B,1,3,0,no,2025-11-02T23:18:34.442122+00:00,T000249,37185::gemini_comp_s2w_37185_v2.png>>gemini_comp_s2w_37185_v3.png::T000249,,3969,2065,1029
37185::gemini_comp_s2w_37185_v2.png||gemini_comp_s2w_37185_v4.png,37185,gemini_comp_s2w_37185_v2.png,gemini_comp_s2w_37185_v4.png,A < B,1,3,0,no,2025-11-02T23:18:37.530525+00:00,T000250,37185::gemini_comp_s2w_37185_v2.png>>gemini_comp_s2w_37185_v4.png::T000250,,1369,2065,1029
37185::gemini_comp_s2w_37185_v3.png||gemini_comp_s2w_37185_v4.png,37185,gemini_comp_s2w_37185_v3.png,gemini_comp_s2w_37185_v4.png,A > B,-1,2,0,no,2025-11-02T23:18:40.584405+00:00,T000251,37185::gemini_comp_s2w_37185_v3.png>>gemini_comp_s2w_37185_v4.png::T000251,,1423,2065,1029
38140::gpt_comp_s2w_38140_v1.png||gpt_comp_s2w_38140_v2.png,38140,gpt_comp_s2w_38140_v1.png,gpt_comp_s2w_38140_v2.png,A < B,1,"2,3",1,no,2025-11-02T23:19:12.374942+00:00,T000252,38140::gpt_comp_s2w_38140_v1.png>>gpt_comp_s2w_38140_v2.png::T000252,,2593,2065,1029
38140::gpt_comp_s2w_38140_v1.png||gpt_comp_s2w_38140_v3.png,38140,gpt_comp_s2w_38140_v1.png,gpt_comp_s2w_38140_v3.png,A > B,-1,"3,2,3,2,2",3,no,2025-11-02T23:19:00.420412+00:00,T000253,38140::gpt_comp_s2w_38140_v1.png>>gpt_comp_s2w_38140_v3.png::T000253,,1666,2065,1029
38140::gpt_comp_s2w_38140_v1.png||gpt_comp_s2w_38140_v4.png,38140,gpt_comp_s2w_38140_v1.png,gpt_comp_s2w_38140_v4.png,A > B,-1,"3,2",1,no,2025-11-02T23:19:27.469848+00:00,T000254,38140::gpt_comp_s2w_38140_v1.png>>gpt_comp_s2w_38140_v4.png::T000254,,735,2065,1029
38140::gpt_comp_s2w_38140_v2.png||gpt_comp_s2w_38140_v3.png,38140,gpt_comp_s2w_38140_v2.png,gpt_comp_s2w_38140_v3.png,A > B,-1,2,0,no,2025-11-02T23:19:05.119799+00:00,T000255,38140::gpt_comp_s2w_38140_v2.png>>gpt_comp_s2w_38140_v3.png::T000255,,3216,2065,1029
38140::gpt_comp_s2w_38140_v2.png||gpt_comp_s2w_38140_v4.png,38140,gpt_comp_s2w_38140_v2.png,gpt_comp_s2w_38140_v4.png,A > B,-1,2,0,no,2025-11-02T23:19:32.734846+00:00,T000256,38140::gpt_comp_s2w_38140_v2.png>>gpt_comp_s2w_38140_v4.png::T000256,,3268,2065,1029
38140::gpt_comp_s2w_38140_v3.png||gpt_comp_s2w_38140_v4.png,38140,gpt_comp_s2w_38140_v3.png,gpt_comp_s2w_38140_v4.png,A < B,1,3,0,no,2025-11-02T23:19:18.390243+00:00,T000257,38140::gpt_comp_s2w_38140_v3.png>>gpt_comp_s2w_38140_v4.png::T000257,,3270,2065,1029
39241::gemini_comp_s2w_39241_v1.png||gemini_comp_s2w_39241_v2.png,39241,gemini_comp_s2w_39241_v1.png,gemini_comp_s2w_39241_v2.png,A >> B,-2,"2,1",1,no,2025-11-02T23:19:37.317780+00:00,T000258,39241::gemini_comp_s2w_39241_v1.png>>gemini_comp_s2w_39241_v2.png::T000258,,2651,2065,1029
39241::gemini_comp_s2w_39241_v1.png||gemini_comp_s2w_39241_v3.png,39241,gemini_comp_s2w_39241_v1.png,gemini_comp_s2w_39241_v3.png,A < B,1,3,0,no,2025-11-02T23:19:41.566685+00:00,T000259,39241::gemini_comp_s2w_39241_v1.png>>gemini_comp_s2w_39241_v3.png::T000259,,2468,2065,1029
39241::gemini_comp_s2w_39241_v1.png||gemini_comp_s2w_39241_v4.png,39241,gemini_comp_s2w_39241_v1.png,gemini_comp_s2w_39241_v4.png,A < B,1,3,0,no,2025-11-02T23:20:07.484087+00:00,T000260,39241::gemini_comp_s2w_39241_v1.png>>gemini_comp_s2w_39241_v4.png::T000260,,4404,2065,1029
39241::gemini_comp_s2w_39241_v2.png||gemini_comp_s2w_39241_v3.png,39241,gemini_comp_s2w_39241_v2.png,gemini_comp_s2w_39241_v3.png,A << B,2,4,0,no,2025-11-02T23:20:01.236349+00:00,T000261,39241::gemini_comp_s2w_39241_v2.png>>gemini_comp_s2w_39241_v3.png::T000261,,1862,2065,1029
39241::gemini_comp_s2w_39241_v2.png||gemini_comp_s2w_39241_v4.png,39241,gemini_comp_s2w_39241_v2.png,gemini_comp_s2w_39241_v4.png,A << B,2,4,0,no,2025-11-02T23:19:45.807548+00:00,T000262,39241::gemini_comp_s2w_39241_v2.png>>gemini_comp_s2w_39241_v4.png::T000262,,2108,2065,1029
39241::gemini_comp_s2w_39241_v3.png||gemini_comp_s2w_39241_v4.png,39241,gemini_comp_s2w_39241_v3.png,gemini_comp_s2w_39241_v4.png,A < B,1,"2,3",1,no,2025-11-02T23:19:57.587625+00:00,T000263,39241::gemini_comp_s2w_39241_v3.png>>gemini_comp_s2w_39241_v4.png::T000263,,6408,2065,1029
39995::gemini_comp_s2w_39995_v1.png||gemini_comp_s2w_39995_v2.png,39995,gemini_comp_s2w_39995_v1.png,gemini_comp_s2w_39995_v2.png,A < B,1,3,0,no,2025-11-02T23:20:39.311965+00:00,T000264,39995::gemini_comp_s2w_39995_v1.png>>gemini_comp_s2w_39995_v2.png::T000264,,2218,2065,1029
39995::gemini_comp_s2w_39995_v1.png||gemini_comp_s2w_39995_v3.png,39995,gemini_comp_s2w_39995_v1.png,gemini_comp_s2w_39995_v3.png,A >> B,-2,1,0,no,2025-11-02T23:20:20.027731+00:00,T000265,39995::gemini_comp_s2w_39995_v1.png>>gemini_comp_s2w_39995_v3.png::T000265,,3038,2065,1029
39995::gemini_comp_s2w_39995_v1.png||gemini_comp_s2w_39995_v4.png,39995,gemini_comp_s2w_39995_v1.png,gemini_comp_s2w_39995_v4.png,A < B,1,"2,3",1,no,2025-11-02T23:20:46.250941+00:00,T000266,39995::gemini_comp_s2w_39995_v1.png>>gemini_comp_s2w_39995_v4.png::T000266,,1605,2065,1029
39995::gemini_comp_s2w_39995_v2.png||gemini_comp_s2w_39995_v3.png,39995,gemini_comp_s2w_39995_v2.png,gemini_comp_s2w_39995_v3.png,A >> B,-2,"2,1",1,no,2025-11-02T23:20:15.416230+00:00,T000267,39995::gemini_comp_s2w_39995_v2.png>>gemini_comp_s2w_39995_v3.png::T000267,,1309,2065,1029
39995::gemini_comp_s2w_39995_v2.png||gemini_comp_s2w_39995_v4.png,39995,gemini_comp_s2w_39995_v2.png,gemini_comp_s2w_39995_v4.png,A > B,-1,2,0,no,2025-11-02T23:20:35.061555+00:00,T000268,39995::gemini_comp_s2w_39995_v2.png>>gemini_comp_s2w_39995_v4.png::T000268,,1618,2065,1029
39995::gemini_comp_s2w_39995_v3.png||gemini_comp_s2w_39995_v4.png,39995,gemini_comp_s2w_39995_v3.png,gemini_comp_s2w_39995_v4.png,A < B,1,3,0,no,2025-11-02T23:20:26.836676+00:00,T000269,39995::gemini_comp_s2w_39995_v3.png>>gemini_comp_s2w_39995_v4.png::T000269,,4099,2065,1029
4034::gpt_comp_s2w_4034_v1.png||gpt_comp_s2w_4034_v2.png,4034,gpt_comp_s2w_4034_v1.png,gpt_comp_s2w_4034_v2.png,A < B,1,3,0,no,2025-11-02T23:21:30.539046+00:00,T000270,4034::gpt_comp_s2w_4034_v1.png>>gpt_comp_s2w_4034_v2.png::T000270,,1129,2065,1029
4034::gpt_comp_s2w_4034_v1.png||gpt_comp_s2w_4034_v3.png,4034,gpt_comp_s2w_4034_v1.png,gpt_comp_s2w_4034_v3.png,A < B,1,3,0,no,2025-11-02T23:21:06.737691+00:00,T000271,4034::gpt_comp_s2w_4034_v1.png>>gpt_comp_s2w_4034_v3.png::T000271,,2978,2065,1029
4034::gpt_comp_s2w_4034_v1.png||gpt_comp_s2w_4034_v4.png,4034,gpt_comp_s2w_4034_v1.png,gpt_comp_s2w_4034_v4.png,A > B,-1,2,0,no,2025-11-02T23:21:01.225216+00:00,T000272,4034::gpt_comp_s2w_4034_v1.png>>gpt_comp_s2w_4034_v4.png::T000272,,3488,2065,1029
4034::gpt_comp_s2w_4034_v2.png||gpt_comp_s2w_4034_v3.png,4034,gpt_comp_s2w_4034_v2.png,gpt_comp_s2w_4034_v3.png,A > B,-1,"3,2",1,no,2025-11-02T23:21:23.916846+00:00,T000273,4034::gpt_comp_s2w_4034_v2.png>>gpt_comp_s2w_4034_v3.png::T000273,,11565,2065,1029
4034::gpt_comp_s2w_4034_v2.png||gpt_comp_s2w_4034_v4.png,4034,gpt_comp_s2w_4034_v2.png,gpt_comp_s2w_4034_v4.png,A > B,-1,2,0,no,2025-11-02T23:20:56.282921+00:00,T000274,4034::gpt_comp_s2w_4034_v2.png>>gpt_comp_s2w_4034_v4.png::T000274,,8166,2065,1029
4034::gpt_comp_s2w_4034_v3.png||gpt_comp_s2w_4034_v4.png,4034,gpt_comp_s2w_4034_v3.png,gpt_comp_s2w_4034_v4.png,A < B,1,3,0,no,2025-11-02T23:21:33.873948+00:00,T000275,4034::gpt_comp_s2w_4034_v3.png>>gpt_comp_s2w_4034_v4.png::T000275,,1339,2065,1029
40467::gpt_comp_s2w_40467_v1.png||gpt_comp_s2w_40467_v2.png,40467,gpt_comp_s2w_40467_v1.png,gpt_comp_s2w_40467_v2.png,A < B,1,3,0,no,2025-11-02T23:21:51.237901+00:00,T000276,40467::gpt_comp_s2w_40467_v1.png>>gpt_comp_s2w_40467_v2.png::T000276,,2947,2065,1029
40467::gpt_comp_s2w_40467_v1.png||gpt_comp_s2w_40467_v3.png,40467,gpt_comp_s2w_40467_v1.png,gpt_comp_s2w_40467_v3.png,A < B,1,3,0,no,2025-11-02T23:21:46.407544+00:00,T000277,40467::gpt_comp_s2w_40467_v1.png>>gpt_comp_s2w_40467_v3.png::T000277,,4587,2065,1029
40467::gpt_comp_s2w_40467_v1.png||gpt_comp_s2w_40467_v4.png,40467,gpt_comp_s2w_40467_v1.png,gpt_comp_s2w_40467_v4.png,A < B,1,3,0,no,2025-11-02T23:21:38.755179+00:00,T000278,40467::gpt_comp_s2w_40467_v1.png>>gpt_comp_s2w_40467_v4.png::T000278,,2704,2065,1029
40467::gpt_comp_s2w_40467_v2.png||gpt_comp_s2w_40467_v3.png,40467,gpt_comp_s2w_40467_v2.png,gpt_comp_s2w_40467_v3.png,A > B,-1,"2,3,2",2,no,2025-11-02T23:22:02.158435+00:00,T000279,40467::gpt_comp_s2w_40467_v2.png>>gpt_comp_s2w_40467_v3.png::T000279,,797,2065,1029
40467::gpt_comp_s2w_40467_v2.png||gpt_comp_s2w_40467_v4.png,40467,gpt_comp_s2w_40467_v2.png,gpt_comp_s2w_40467_v4.png,A > B,-1,2,0,no,2025-11-02T23:22:09.123511+00:00,T000280,40467::gpt_comp_s2w_40467_v2.png>>gpt_comp_s2w_40467_v4.png::T000280,,1187,2065,1029
40467::gpt_comp_s2w_40467_v3.png||gpt_comp_s2w_40467_v4.png,40467,gpt_comp_s2w_40467_v3.png,gpt_comp_s2w_40467_v4.png,A > B,-1,2,0,no,2025-11-02T23:22:06.357865+00:00,T000281,40467::gpt_comp_s2w_40467_v3.png>>gpt_comp_s2w_40467_v4.png::T000281,,1869,2065,1029
41454::gemini_comp_s2w_41454_v1.png||gemini_comp_s2w_41454_v2.png,41454,gemini_comp_s2w_41454_v1.png,gemini_comp_s2w_41454_v2.png,A < B,1,3,0,no,2025-11-02T23:22:20.830585+00:00,T000282,41454::gemini_comp_s2w_41454_v1.png>>gemini_comp_s2w_41454_v2.png::T000282,,3232,2065,1029
41454::gemini_comp_s2w_41454_v1.png||gemini_comp_s2w_41454_v3.png,41454,gemini_comp_s2w_41454_v1.png,gemini_comp_s2w_41454_v3.png,A < B,1,3,0,no,2025-11-02T23:22:25.638624+00:00,T000283,41454::gemini_comp_s2w_41454_v1.png>>gemini_comp_s2w_41454_v3.png::T000283,,3225,2065,1029
41454::gemini_comp_s2w_41454_v1.png||gemini_comp_s2w_41454_v4.png,41454,gemini_comp_s2w_41454_v1.png,gemini_comp_s2w_41454_v4.png,A < B,1,3,0,no,2025-11-02T23:22:15.486997+00:00,T000284,41454::gemini_comp_s2w_41454_v1.png>>gemini_comp_s2w_41454_v4.png::T000284,,4872,2065,1029
41454::gemini_comp_s2w_41454_v2.png||gemini_comp_s2w_41454_v3.png,41454,gemini_comp_s2w_41454_v2.png,gemini_comp_s2w_41454_v3.png,A > B,-1,2,0,no,2025-11-02T23:22:38.535401+00:00,T000285,41454::gemini_comp_s2w_41454_v2.png>>gemini_comp_s2w_41454_v3.png::T000285,,5187,2065,1029
41454::gemini_comp_s2w_41454_v2.png||gemini_comp_s2w_41454_v4.png,41454,gemini_comp_s2w_41454_v2.png,gemini_comp_s2w_41454_v4.png,A > B,-1,2,0,no,2025-11-02T23:22:30.925877+00:00,T000286,41454::gemini_comp_s2w_41454_v2.png>>gemini_comp_s2w_41454_v4.png::T000286,,3665,2065,1029
41454::gemini_comp_s2w_41454_v3.png||gemini_comp_s2w_41454_v4.png,41454,gemini_comp_s2w_41454_v3.png,gemini_comp_s2w_41454_v4.png,A < B,1,3,0,no,2025-11-02T23:22:45.156201+00:00,T000287,41454::gemini_comp_s2w_41454_v3.png>>gemini_comp_s2w_41454_v4.png::T000287,,1686,2065,1029
41874::gpt_comp_s2w_41874_v1.png||gpt_comp_s2w_41874_v2.png,41874,gpt_comp_s2w_41874_v1.png,gpt_comp_s2w_41874_v2.png,A > B,-1,2,0,no,2025-11-02T23:23:05.782571+00:00,T000288,41874::gpt_comp_s2w_41874_v1.png>>gpt_comp_s2w_41874_v2.png::T000288,,3797,2065,1029
41874::gpt_comp_s2w_41874_v1.png||gpt_comp_s2w_41874_v3.png,41874,gpt_comp_s2w_41874_v1.png,gpt_comp_s2w_41874_v3.png,A < B,1,3,0,no,2025-11-02T23:23:10.081299+00:00,T000289,41874::gpt_comp_s2w_41874_v1.png>>gpt_comp_s2w_41874_v3.png::T000289,,2555,2065,1029
41874::gpt_comp_s2w_41874_v1.png||gpt_comp_s2w_41874_v4.png,41874,gpt_comp_s2w_41874_v1.png,gpt_comp_s2w_41874_v4.png,A << B,2,4,0,no,2025-11-02T23:22:50.724210+00:00,T000290,41874::gpt_comp_s2w_41874_v1.png>>gpt_comp_s2w_41874_v4.png::T000290,,3782,2065,1029
41874::gpt_comp_s2w_41874_v2.png||gpt_comp_s2w_41874_v3.png,41874,gpt_comp_s2w_41874_v2.png,gpt_comp_s2w_41874_v3.png,A < B,1,3,0,no,2025-11-02T23:23:00.495080+00:00,T000291,41874::gpt_comp_s2w_41874_v2.png>>gpt_comp_s2w_41874_v3.png::T000291,,3435,2065,1029
41874::gpt_comp_s2w_41874_v2.png||gpt_comp_s2w_41874_v4.png,41874,gpt_comp_s2w_41874_v2.png,gpt_comp_s2w_41874_v4.png,A < B,1,3,0,no,2025-11-02T23:23:13.289793+00:00,T000292,41874::gpt_comp_s2w_41874_v2.png>>gpt_comp_s2w_41874_v4.png::T000292,,1366,2065,1029
41874::gpt_comp_s2w_41874_v3.png||gpt_comp_s2w_41874_v4.png,41874,gpt_comp_s2w_41874_v3.png,gpt_comp_s2w_41874_v4.png,A > B,-1,2,0,no,2025-11-02T23:22:55.443441+00:00,T000293,41874::gpt_comp_s2w_41874_v3.png>>gpt_comp_s2w_41874_v4.png::T000293,,2667,2065,1029
42605::gpt_comp_s2w_42605_v1.png||gpt_comp_s2w_42605_v2.png,42605,gpt_comp_s2w_42605_v1.png,gpt_comp_s2w_42605_v2.png,A > B,-1,2,0,no,2025-11-02T23:23:52.351077+00:00,T000294,42605::gpt_comp_s2w_42605_v1.png>>gpt_comp_s2w_42605_v2.png::T000294,,1127,2065,1029
42605::gpt_comp_s2w_42605_v1.png||gpt_comp_s2w_42605_v3.png,42605,gpt_comp_s2w_42605_v1.png,gpt_comp_s2w_42605_v3.png,A < B,1,3,0,no,2025-11-02T23:23:25.074124+00:00,T000295,42605::gpt_comp_s2w_42605_v1.png>>gpt_comp_s2w_42605_v3.png::T000295,,3817,2065,1029
42605::gpt_comp_s2w_42605_v1.png||gpt_comp_s2w_42605_v4.png,42605,gpt_comp_s2w_42605_v1.png,gpt_comp_s2w_42605_v4.png,A > B,-1,2,0,no,2025-11-02T23:23:32.575888+00:00,T000296,42605::gpt_comp_s2w_42605_v1.png>>gpt_comp_s2w_42605_v4.png::T000296,,2389,2065,1029
42605::gpt_comp_s2w_42605_v2.png||gpt_comp_s2w_42605_v3.png,42605,gpt_comp_s2w_42605_v2.png,gpt_comp_s2w_42605_v3.png,A < B,1,3,0,no,2025-11-02T23:23:40.961963+00:00,T000297,42605::gpt_comp_s2w_42605_v2.png>>gpt_comp_s2w_42605_v3.png::T000297,,6543,2065,1029
42605::gpt_comp_s2w_42605_v2.png||gpt_comp_s2w_42605_v4.png,42605,gpt_comp_s2w_42605_v2.png,gpt_comp_s2w_42605_v4.png,A < B,1,3,0,no,2025-11-02T23:23:18.659757+00:00,T000298,42605::gpt_comp_s2w_42605_v2.png>>gpt_comp_s2w_42605_v4.png::T000298,,3372,2065,1029
42605::gpt_comp_s2w_42605_v3.png||gpt_comp_s2w_42605_v4.png,42605,gpt_comp_s2w_42605_v3.png,gpt_comp_s2w_42605_v4.png,A > B,-1,2,0,no,2025-11-02T23:23:28.455319+00:00,T000299,42605::gpt_comp_s2w_42605_v3.png>>gpt_comp_s2w_42605_v4.png::T000299,,1503,2065,1029
43005::gpt_comp_s2w_43005_v1.png||gpt_comp_s2w_43005_v2.png,43005,gpt_comp_s2w_43005_v1.png,gpt_comp_s2w_43005_v2.png,A < B,1,3,0,no,2025-11-02T23:24:06.848492+00:00,T000300,43005::gpt_comp_s2w_43005_v1.png>>gpt_comp_s2w_43005_v2.png::T000300,,4047,2065,1029
43005::gpt_comp_s2w_43005_v1.png||gpt_comp_s2w_43005_v3.png,43005,gpt_comp_s2w_43005_v1.png,gpt_comp_s2w_43005_v3.png,A < B,1,3,0,no,2025-11-02T23:24:01.097051+00:00,T000301,43005::gpt_comp_s2w_43005_v1.png>>gpt_comp_s2w_43005_v3.png::T000301,,1718,2065,1029
43005::gpt_comp_s2w_43005_v1.png||gpt_comp_s2w_43005_v4.png,43005,gpt_comp_s2w_43005_v1.png,gpt_comp_s2w_43005_v4.png,A < B,1,3,0,no,2025-11-02T23:25:15.999797+00:00,T000302,43005::gpt_comp_s2w_43005_v1.png>>gpt_comp_s2w_43005_v4.png::T000302,,1105,2065,1029
43005::gpt_comp_s2w_43005_v2.png||gpt_comp_s2w_43005_v3.png,43005,gpt_comp_s2w_43005_v2.png,gpt_comp_s2w_43005_v3.png,A > B,-1,"2,2",0,no,2025-11-02T23:24:52.400447+00:00,T000303,43005::gpt_comp_s2w_43005_v2.png>>gpt_comp_s2w_43005_v3.png::T000303,,40265,2065,1029
43005::gpt_comp_s2w_43005_v2.png||gpt_comp_s2w_43005_v4.png,43005,gpt_comp_s2w_43005_v2.png,gpt_comp_s2w_43005_v4.png,A > B,-1,2,0,no,2025-11-02T23:24:10.431201+00:00,T000304,43005::gpt_comp_s2w_43005_v2.png>>gpt_comp_s2w_43005_v4.png::T000304,,1888,2065,1029
43005::gpt_comp_s2w_43005_v3.png||gpt_comp_s2w_43005_v4.png,43005,gpt_comp_s2w_43005_v3.png,gpt_comp_s2w_43005_v4.png,A < B,1,"4,3",1,no,2025-11-02T23:23:57.689580+00:00,T000305,43005::gpt_comp_s2w_43005_v3.png>>gpt_comp_s2w_43005_v4.png::T000305,,505,2065,1029
43195::gpt_comp_s2w_43195_v1.png||gpt_comp_s2w_43195_v2.png,43195,gpt_comp_s2w_43195_v1.png,gpt_comp_s2w_43195_v2.png,A < B,1,3,0,no,2025-11-02T23:35:22.519914+00:00,T000306,43195::gpt_comp_s2w_43195_v1.png>>gpt_comp_s2w_43195_v2.png::T000306,,3826,2065,1029
43195::gpt_comp_s2w_43195_v1.png||gpt_comp_s2w_43195_v3.png,43195,gpt_comp_s2w_43195_v1.png,gpt_comp_s2w_43195_v3.png,A < B,1,"3,3",0,no,2025-11-02T23:28:19.416411+00:00,T000307,43195::gpt_comp_s2w_43195_v1.png>>gpt_comp_s2w_43195_v3.png::T000307,,3495,2065,1029
43195::gpt_comp_s2w_43195_v1.png||gpt_comp_s2w_43195_v4.png,43195,gpt_comp_s2w_43195_v1.png,gpt_comp_s2w_43195_v4.png,A > B,-1,2,0,no,2025-11-02T23:28:22.755349+00:00,T000308,43195::gpt_comp_s2w_43195_v1.png>>gpt_comp_s2w_43195_v4.png::T000308,,1248,2065,1029
43195::gpt_comp_s2w_43195_v2.png||gpt_comp_s2w_43195_v3.png,43195,gpt_comp_s2w_43195_v2.png,gpt_comp_s2w_43195_v3.png,A > B,-1,"3,2",1,no,2025-11-02T23:28:33.886646+00:00,T000309,43195::gpt_comp_s2w_43195_v2.png>>gpt_comp_s2w_43195_v3.png::T000309,,1962,2065,1029
43195::gpt_comp_s2w_43195_v2.png||gpt_comp_s2w_43195_v4.png,43195,gpt_comp_s2w_43195_v2.png,gpt_comp_s2w_43195_v4.png,A < B,1,3,0,no,2025-11-02T23:32:24.674488+00:00,T000310,43195::gpt_comp_s2w_43195_v2.png>>gpt_comp_s2w_43195_v4.png::T000310,,1388,2065,1029
43195::gpt_comp_s2w_43195_v3.png||gpt_comp_s2w_43195_v4.png,43195,gpt_comp_s2w_43195_v3.png,gpt_comp_s2w_43195_v4.png,A > B,-1,2,0,no,2025-11-02T23:28:14.224648+00:00,T000311,43195::gpt_comp_s2w_43195_v3.png>>gpt_comp_s2w_43195_v4.png::T000311,,1964,2065,1029
43768::gemini_comp_s2w_43768_v1.png||gemini_comp_s2w_43768_v2.png,43768,gemini_comp_s2w_43768_v1.png,gemini_comp_s2w_43768_v2.png,A > B,-1,"3,2,3,2",3,no,2025-11-02T23:35:36.957976+00:00,T000312,43768::gemini_comp_s2w_43768_v1.png>>gemini_comp_s2w_43768_v2.png::T000312,,80,2065,1029
43768::gemini_comp_s2w_43768_v1.png||gemini_comp_s2w_43768_v3.png,43768,gemini_comp_s2w_43768_v1.png,gemini_comp_s2w_43768_v3.png,A > B,-1,2,0,no,2025-11-02T23:35:41.825790+00:00,T000313,43768::gemini_comp_s2w_43768_v1.png>>gemini_comp_s2w_43768_v3.png::T000313,,3393,2065,1029
43768::gemini_comp_s2w_43768_v1.png||gemini_comp_s2w_43768_v4.png,43768,gemini_comp_s2w_43768_v1.png,gemini_comp_s2w_43768_v4.png,A > B,-1,2,0,no,2025-11-02T23:35:50.803550+00:00,T000314,43768::gemini_comp_s2w_43768_v1.png>>gemini_comp_s2w_43768_v4.png::T000314,,935,2065,1029
43768::gemini_comp_s2w_43768_v2.png||gemini_comp_s2w_43768_v3.png,43768,gemini_comp_s2w_43768_v2.png,gemini_comp_s2w_43768_v3.png,A < B,1,"2,3",1,no,2025-11-02T23:35:47.954537+00:00,T000315,43768::gemini_comp_s2w_43768_v2.png>>gemini_comp_s2w_43768_v3.png::T000315,,272,2065,1029
43768::gemini_comp_s2w_43768_v2.png||gemini_comp_s2w_43768_v4.png,43768,gemini_comp_s2w_43768_v2.png,gemini_comp_s2w_43768_v4.png,A < B,1,3,0,no,2025-11-02T23:35:54.034947+00:00,T000316,43768::gemini_comp_s2w_43768_v2.png>>gemini_comp_s2w_43768_v4.png::T000316,,1461,2065,1029
43768::gemini_comp_s2w_43768_v3.png||gemini_comp_s2w_43768_v4.png,43768,gemini_comp_s2w_43768_v3.png,gemini_comp_s2w_43768_v4.png,A > B,-1,2,0,no,2025-11-02T23:35:26.222501+00:00,T000317,43768::gemini_comp_s2w_43768_v3.png>>gemini_comp_s2w_43768_v4.png::T000317,,2069,2065,1029
44186::gemini_comp_s2w_44186_v1.png||gemini_comp_s2w_44186_v2.png,44186,gemini_comp_s2w_44186_v1.png,gemini_comp_s2w_44186_v2.png,A > B,-1,2,0,no,2025-11-02T23:36:05.266484+00:00,T000318,44186::gemini_comp_s2w_44186_v1.png>>gemini_comp_s2w_44186_v2.png::T000318,,3795,2065,1029
44186::gemini_comp_s2w_44186_v1.png||gemini_comp_s2w_44186_v3.png,44186,gemini_comp_s2w_44186_v1.png,gemini_comp_s2w_44186_v3.png,A >> B,-2,"2,1",1,no,2025-11-02T23:35:59.874984+00:00,T000319,44186::gemini_comp_s2w_44186_v1.png>>gemini_comp_s2w_44186_v3.png::T000319,,795,2065,1029
44186::gemini_comp_s2w_44186_v1.png||gemini_comp_s2w_44186_v4.png,44186,gemini_comp_s2w_44186_v1.png,gemini_comp_s2w_44186_v4.png,A > B,-1,2,0,no,2025-11-02T23:36:09.575270+00:00,T000320,44186::gemini_comp_s2w_44186_v1.png>>gemini_comp_s2w_44186_v4.png::T000320,,2526,2065,1029
44186::gemini_comp_s2w_44186_v2.png||gemini_comp_s2w_44186_v3.png,44186,gemini_comp_s2w_44186_v2.png,gemini_comp_s2w_44186_v3.png,A > B,-1,2,0,no,2025-11-02T23:36:12.834478+00:00,T000321,44186::gemini_comp_s2w_44186_v2.png>>gemini_comp_s2w_44186_v3.png::T000321,,1499,2065,1029
44186::gemini_comp_s2w_44186_v2.png||gemini_comp_s2w_44186_v4.png,44186,gemini_comp_s2w_44186_v2.png,gemini_comp_s2w_44186_v4.png,A > B,-1,2,0,no,2025-11-02T23:36:21.623113+00:00,T000322,44186::gemini_comp_s2w_44186_v2.png>>gemini_comp_s2w_44186_v4.png::T000322,,2279,2065,1029
44186::gemini_comp_s2w_44186_v3.png||gemini_comp_s2w_44186_v4.png,44186,gemini_comp_s2w_44186_v3.png,gemini_comp_s2w_44186_v4.png,A << B,2,"3,4",1,no,2025-11-02T23:36:17.534464+00:00,T000323,44186::gemini_comp_s2w_44186_v3.png>>gemini_comp_s2w_44186_v4.png::T000323,,364,2065,1029
45556::gpt_comp_s2w_45556_v1.png||gpt_comp_s2w_45556_v2.png,45556,gpt_comp_s2w_45556_v1.png,gpt_comp_s2w_45556_v2.png,A < B,1,3,0,no,2025-11-02T23:36:39.024543+00:00,T000324,45556::gpt_comp_s2w_45556_v1.png>>gpt_comp_s2w_45556_v2.png::T000324,,1907,2065,1029
45556::gpt_comp_s2w_45556_v1.png||gpt_comp_s2w_45556_v3.png,45556,gpt_comp_s2w_45556_v1.png,gpt_comp_s2w_45556_v3.png,A > B,-1,2,0,no,2025-11-02T23:36:46.088848+00:00,T000325,45556::gpt_comp_s2w_45556_v1.png>>gpt_comp_s2w_45556_v3.png::T000325,,4547,2065,1029
45556::gpt_comp_s2w_45556_v1.png||gpt_comp_s2w_45556_v4.png,45556,gpt_comp_s2w_45556_v1.png,gpt_comp_s2w_45556_v4.png,A > B,-1,2,0,no,2025-11-02T23:37:08.849157+00:00,T000326,45556::gpt_comp_s2w_45556_v1.png>>gpt_comp_s2w_45556_v4.png::T000326,,20962,2065,1029
45556::gpt_comp_s2w_45556_v2.png||gpt_comp_s2w_45556_v3.png,45556,gpt_comp_s2w_45556_v2.png,gpt_comp_s2w_45556_v3.png,A > B,-1,2,0,no,2025-11-02T23:36:25.465107+00:00,T000327,45556::gpt_comp_s2w_45556_v2.png>>gpt_comp_s2w_45556_v3.png::T000327,,2061,2065,1029
45556::gpt_comp_s2w_45556_v2.png||gpt_comp_s2w_45556_v4.png,45556,gpt_comp_s2w_45556_v2.png,gpt_comp_s2w_45556_v4.png,A > B,-1,2,0,no,2025-11-02T23:36:30.768210+00:00,T000328,45556::gpt_comp_s2w_45556_v2.png>>gpt_comp_s2w_45556_v4.png::T000328,,3357,2065,1029
45556::gpt_comp_s2w_45556_v3.png||gpt_comp_s2w_45556_v4.png,45556,gpt_comp_s2w_45556_v3.png,gpt_comp_s2w_45556_v4.png,A < B,1,3,0,no,2025-11-02T23:36:35.500980+00:00,T000329,45556::gpt_comp_s2w_45556_v3.png>>gpt_comp_s2w_45556_v4.png::T000329,,3318,2065,1029
46783::gpt_comp_s2w_46783_v1.png||gpt_comp_s2w_46783_v2.png,46783,gpt_comp_s2w_46783_v1.png,gpt_comp_s2w_46783_v2.png,A < B,1,3,0,no,2025-11-02T23:37:49.964374+00:00,T000330,46783::gpt_comp_s2w_46783_v1.png>>gpt_comp_s2w_46783_v2.png::T000330,,1604,2065,1029
46783::gpt_comp_s2w_46783_v1.png||gpt_comp_s2w_46783_v3.png,46783,gpt_comp_s2w_46783_v1.png,gpt_comp_s2w_46783_v3.png,A < B,1,3,0,no,2025-11-02T23:37:42.446371+00:00,T000331,46783::gpt_comp_s2w_46783_v1.png>>gpt_comp_s2w_46783_v3.png::T000331,,1768,2065,1029
46783::gpt_comp_s2w_46783_v1.png||gpt_comp_s2w_46783_v4.png,46783,gpt_comp_s2w_46783_v1.png,gpt_comp_s2w_46783_v4.png,A < B,1,3,0,no,2025-11-02T23:37:34.292875+00:00,T000332,46783::gpt_comp_s2w_46783_v1.png>>gpt_comp_s2w_46783_v4.png::T000332,,5199,2065,1029
46783::gpt_comp_s2w_46783_v2.png||gpt_comp_s2w_46783_v3.png,46783,gpt_comp_s2w_46783_v2.png,gpt_comp_s2w_46783_v3.png,A < B,1,3,0,no,2025-11-02T23:37:46.877394+00:00,T000333,46783::gpt_comp_s2w_46783_v2.png>>gpt_comp_s2w_46783_v3.png::T000333,,2913,2065,1029
46783::gpt_comp_s2w_46783_v2.png||gpt_comp_s2w_46783_v4.png,46783,gpt_comp_s2w_46783_v2.png,gpt_comp_s2w_46783_v4.png,A > B,-1,2,0,no,2025-11-02T23:37:38.927487+00:00,T000334,46783::gpt_comp_s2w_46783_v2.png>>gpt_comp_s2w_46783_v4.png::T000334,,3034,2065,1029
46783::gpt_comp_s2w_46783_v3.png||gpt_comp_s2w_46783_v4.png,46783,gpt_comp_s2w_46783_v3.png,gpt_comp_s2w_46783_v4.png,A < B,1,3,0,no,2025-11-02T23:37:53.635748+00:00,T000335,46783::gpt_comp_s2w_46783_v3.png>>gpt_comp_s2w_46783_v4.png::T000335,,1993,2065,1029
47573::gpt_comp_s2w_47573_v1.png||gpt_comp_s2w_47573_v2.png,47573,gpt_comp_s2w_47573_v1.png,gpt_comp_s2w_47573_v2.png,A < B,1,3,0,no,2025-11-02T23:38:25.326413+00:00,T000336,47573::gpt_comp_s2w_47573_v1.png>>gpt_comp_s2w_47573_v2.png::T000336,,1595,2065,1029
47573::gpt_comp_s2w_47573_v1.png||gpt_comp_s2w_47573_v3.png,47573,gpt_comp_s2w_47573_v1.png,gpt_comp_s2w_47573_v3.png,A < B,1,3,0,no,2025-11-02T23:38:22.127870+00:00,T000337,47573::gpt_comp_s2w_47573_v1.png>>gpt_comp_s2w_47573_v3.png::T000337,,2033,2065,1029
47573::gpt_comp_s2w_47573_v1.png||gpt_comp_s2w_47573_v4.png,47573,gpt_comp_s2w_47573_v1.png,gpt_comp_s2w_47573_v4.png,A < B,1,3,0,no,2025-11-02T23:38:17.894309+00:00,T000338,47573::gpt_comp_s2w_47573_v1.png>>gpt_comp_s2w_47573_v4.png::T000338,,6517,2065,1029
47573::gpt_comp_s2w_47573_v2.png||gpt_comp_s2w_47573_v3.png,47573,gpt_comp_s2w_47573_v2.png,gpt_comp_s2w_47573_v3.png,A < B,1,3,0,no,2025-11-02T23:38:28.852460+00:00,T000339,47573::gpt_comp_s2w_47573_v2.png>>gpt_comp_s2w_47573_v3.png::T000339,,2045,2065,1029
47573::gpt_comp_s2w_47573_v2.png||gpt_comp_s2w_47573_v4.png,47573,gpt_comp_s2w_47573_v2.png,gpt_comp_s2w_47573_v4.png,A < B,1,3,0,no,2025-11-02T23:38:09.638749+00:00,T000340,47573::gpt_comp_s2w_47573_v2.png>>gpt_comp_s2w_47573_v4.png::T000340,,6623,2065,1029
47573::gpt_comp_s2w_47573_v3.png||gpt_comp_s2w_47573_v4.png,47573,gpt_comp_s2w_47573_v3.png,gpt_comp_s2w_47573_v4.png,A > B,-1,2,0,no,2025-11-02T23:38:01.065374+00:00,T000341,47573::gpt_comp_s2w_47573_v3.png>>gpt_comp_s2w_47573_v4.png::T000341,,5752,2065,1029
49070::gpt_comp_s2w_49070_v1.png||gpt_comp_s2w_49070_v2.png,49070,gpt_comp_s2w_49070_v1.png,gpt_comp_s2w_49070_v2.png,A > B,-1,2,0,no,2025-11-02T23:38:42.105127+00:00,T000342,49070::gpt_comp_s2w_49070_v1.png>>gpt_comp_s2w_49070_v2.png::T000342,,2522,2065,1029
49070::gpt_comp_s2w_49070_v1.png||gpt_comp_s2w_49070_v3.png,49070,gpt_comp_s2w_49070_v1.png,gpt_comp_s2w_49070_v3.png,A < B,1,"2,3",1,no,2025-11-02T23:38:51.724210+00:00,T000343,49070::gpt_comp_s2w_49070_v1.png>>gpt_comp_s2w_49070_v3.png::T000343,,1780,2065,1029
49070::gpt_comp_s2w_49070_v1.png||gpt_comp_s2w_49070_v4.png,49070,gpt_comp_s2w_49070_v1.png,gpt_comp_s2w_49070_v4.png,A > B,-1,2,0,no,2025-11-02T23:38:59.374743+00:00,T000344,49070::gpt_comp_s2w_49070_v1.png>>gpt_comp_s2w_49070_v4.png::T000344,,3022,2065,1029
49070::gpt_comp_s2w_49070_v2.png||gpt_comp_s2w_49070_v3.png,49070,gpt_comp_s2w_49070_v2.png,gpt_comp_s2w_49070_v3.png,A < B,1,3,0,no,2025-11-02T23:38:54.926182+00:00,T000345,49070::gpt_comp_s2w_49070_v2.png>>gpt_comp_s2w_49070_v3.png::T000345,,1566,2065,1029
49070::gpt_comp_s2w_49070_v2.png||gpt_comp_s2w_49070_v4.png,49070,gpt_comp_s2w_49070_v2.png,gpt_comp_s2w_49070_v4.png,A < B,1,"2,3",1,no,2025-11-02T23:38:37.804459+00:00,T000346,49070::gpt_comp_s2w_49070_v2.png>>gpt_comp_s2w_49070_v4.png::T000346,,1484,2065,1029
49070::gpt_comp_s2w_49070_v3.png||gpt_comp_s2w_49070_v4.png,49070,gpt_comp_s2w_49070_v3.png,gpt_comp_s2w_49070_v4.png,A > B,-1,2,0,no,2025-11-02T23:39:05.623145+00:00,T000347,49070::gpt_comp_s2w_49070_v3.png>>gpt_comp_s2w_49070_v4.png::T000347,,4448,2065,1029
49428::gemini_comp_s2w_49428_v1.png||gemini_comp_s2w_49428_v2.png,49428,gemini_comp_s2w_49428_v1.png,gemini_comp_s2w_49428_v2.png,A < B,1,3,0,no,2025-11-02T23:39:17.804554+00:00,T000348,49428::gemini_comp_s2w_49428_v1.png>>gemini_comp_s2w_49428_v2.png::T000348,,1650,2065,1029
49428::gemini_comp_s2w_49428_v1.png||gemini_comp_s2w_49428_v3.png,49428,gemini_comp_s2w_49428_v1.png,gemini_comp_s2w_49428_v3.png,A < B,1,3,0,no,2025-11-02T23:39:09.817377+00:00,T000349,49428::gemini_comp_s2w_49428_v1.png>>gemini_comp_s2w_49428_v3.png::T000349,,2298,2065,1029
49428::gemini_comp_s2w_49428_v1.png||gemini_comp_s2w_49428_v4.png,49428,gemini_comp_s2w_49428_v1.png,gemini_comp_s2w_49428_v4.png,A > B,-1,2,0,no,2025-11-02T23:39:21.776311+00:00,T000350,49428::gemini_comp_s2w_49428_v1.png>>gemini_comp_s2w_49428_v4.png::T000350,,2320,2065,1029
49428::gemini_comp_s2w_49428_v2.png||gemini_comp_s2w_49428_v3.png,49428,gemini_comp_s2w_49428_v2.png,gemini_comp_s2w_49428_v3.png,A < B,1,3,0,no,2025-11-02T23:39:32.368183+00:00,T000351,49428::gemini_comp_s2w_49428_v2.png>>gemini_comp_s2w_49428_v3.png::T000351,,2444,2065,1029
49428::gemini_comp_s2w_49428_v2.png||gemini_comp_s2w_49428_v4.png,49428,gemini_comp_s2w_49428_v2.png,gemini_comp_s2w_49428_v4.png,A > B,-1,2,0,no,2025-11-02T23:39:14.264111+00:00,T000352,49428::gemini_comp_s2w_49428_v2.png>>gemini_comp_s2w_49428_v4.png::T000352,,3053,2065,1029
49428::gemini_comp_s2w_49428_v3.png||gemini_comp_s2w_49428_v4.png,49428,gemini_comp_s2w_49428_v3.png,gemini_comp_s2w_49428_v4.png,A > B,-1,2,0,no,2025-11-02T23:39:35.139772+00:00,T000353,49428::gemini_comp_s2w_49428_v3.png>>gemini_comp_s2w_49428_v4.png::T000353,,999,2065,1029
50565::gpt_comp_s2w_50565_v1.png||gpt_comp_s2w_50565_v2.png,50565,gpt_comp_s2w_50565_v1.png,gpt_comp_s2w_50565_v2.png,A > B,-1,"2,3,2",2,no,2025-11-02T23:40:01.254955+00:00,T000354,50565::gpt_comp_s2w_50565_v1.png>>gpt_comp_s2w_50565_v2.png::T000354,,852,2065,1029
50565::gpt_comp_s2w_50565_v1.png||gpt_comp_s2w_50565_v3.png,50565,gpt_comp_s2w_50565_v1.png,gpt_comp_s2w_50565_v3.png,A < B,1,3,0,no,2025-11-02T23:39:45.193846+00:00,T000355,50565::gpt_comp_s2w_50565_v1.png>>gpt_comp_s2w_50565_v3.png::T000355,,1348,2065,1029
50565::gpt_comp_s2w_50565_v1.png||gpt_comp_s2w_50565_v4.png,50565,gpt_comp_s2w_50565_v1.png,gpt_comp_s2w_50565_v4.png,A < B,1,3,0,no,2025-11-02T23:39:49.327093+00:00,T000356,50565::gpt_comp_s2w_50565_v1.png>>gpt_comp_s2w_50565_v4.png::T000356,,1943,2065,1029
50565::gpt_comp_s2w_50565_v2.png||gpt_comp_s2w_50565_v3.png,50565,gpt_comp_s2w_50565_v2.png,gpt_comp_s2w_50565_v3.png,A < B,1,3,0,no,2025-11-02T23:39:53.336989+00:00,T000357,50565::gpt_comp_s2w_50565_v2.png>>gpt_comp_s2w_50565_v3.png::T000357,,2341,2065,1029
50565::gpt_comp_s2w_50565_v2.png||gpt_comp_s2w_50565_v4.png,50565,gpt_comp_s2w_50565_v2.png,gpt_comp_s2w_50565_v4.png,A < B,1,3,0,no,2025-11-02T23:39:39.411772+00:00,T000358,50565::gpt_comp_s2w_50565_v2.png>>gpt_comp_s2w_50565_v4.png::T000358,,2702,2065,1029
50565::gpt_comp_s2w_50565_v3.png||gpt_comp_s2w_50565_v4.png,50565,gpt_comp_s2w_50565_v3.png,gpt_comp_s2w_50565_v4.png,A > B,-1,2,0,no,2025-11-02T23:39:42.602720+00:00,T000359,50565::gpt_comp_s2w_50565_v3.png>>gpt_comp_s2w_50565_v4.png::T000359,,1740,2065,1029
51339::gpt_comp_s2w_51339_v1.png||gpt_comp_s2w_51339_v2.png,51339,gpt_comp_s2w_51339_v1.png,gpt_comp_s2w_51339_v2.png,A < B,1,3,0,no,2025-11-02T23:40:08.120113+00:00,T000360,51339::gpt_comp_s2w_51339_v1.png>>gpt_comp_s2w_51339_v2.png::T000360,,4769,2065,1029
51339::gpt_comp_s2w_51339_v1.png||gpt_comp_s2w_51339_v3.png,51339,gpt_comp_s2w_51339_v1.png,gpt_comp_s2w_51339_v3.png,A > B,-1,2,0,no,2025-11-02T23:40:21.822068+00:00,T000361,51339::gpt_comp_s2w_51339_v1.png>>gpt_comp_s2w_51339_v3.png::T000361,,2713,2065,1029
51339::gpt_comp_s2w_51339_v1.png||gpt_comp_s2w_51339_v4.png,51339,gpt_comp_s2w_51339_v1.png,gpt_comp_s2w_51339_v4.png,A > B,-1,2,0,no,2025-11-02T23:40:17.156984+00:00,T000362,51339::gpt_comp_s2w_51339_v1.png>>gpt_comp_s2w_51339_v4.png::T000362,,1177,2065,1029
51339::gpt_comp_s2w_51339_v2.png||gpt_comp_s2w_51339_v3.png,51339,gpt_comp_s2w_51339_v2.png,gpt_comp_s2w_51339_v3.png,A >> B,-2,"3,2,1",2,no,2025-11-02T23:40:14.044363+00:00,T000363,51339::gpt_comp_s2w_51339_v2.png>>gpt_comp_s2w_51339_v3.png::T000363,,275,2065,1029
51339::gpt_comp_s2w_51339_v2.png||gpt_comp_s2w_51339_v4.png,51339,gpt_comp_s2w_51339_v2.png,gpt_comp_s2w_51339_v4.png,A < B,1,"2,3",1,no,2025-11-02T23:40:27.962341+00:00,T000364,51339::gpt_comp_s2w_51339_v2.png>>gpt_comp_s2w_51339_v4.png::T000364,,2298,2065,1029
51339::gpt_comp_s2w_51339_v3.png||gpt_comp_s2w_51339_v4.png,51339,gpt_comp_s2w_51339_v3.png,gpt_comp_s2w_51339_v4.png,A < B,1,3,0,no,2025-11-02T23:40:31.396534+00:00,T000365,51339::gpt_comp_s2w_51339_v3.png>>gpt_comp_s2w_51339_v4.png::T000365,,1643,2065,1029
52014::gpt_comp_s2w_52014_v1.png||gpt_comp_s2w_52014_v2.png,52014,gpt_comp_s2w_52014_v1.png,gpt_comp_s2w_52014_v2.png,A > B,-1,2,0,no,2025-11-02T23:40:45.794795+00:00,T000366,52014::gpt_comp_s2w_52014_v1.png>>gpt_comp_s2w_52014_v2.png::T000366,,3571,2065,1029
52014::gpt_comp_s2w_52014_v1.png||gpt_comp_s2w_52014_v3.png,52014,gpt_comp_s2w_52014_v1.png,gpt_comp_s2w_52014_v3.png,A > B,-1,"3,2",1,no,2025-11-02T23:40:55.597052+00:00,T000367,52014::gpt_comp_s2w_52014_v1.png>>gpt_comp_s2w_52014_v3.png::T000367,,1315,2065,1029
52014::gpt_comp_s2w_52014_v1.png||gpt_comp_s2w_52014_v4.png,52014,gpt_comp_s2w_52014_v1.png,gpt_comp_s2w_52014_v4.png,A < B,1,3,0,no,2025-11-02T23:40:59.121970+00:00,T000368,52014::gpt_comp_s2w_52014_v1.png>>gpt_comp_s2w_52014_v4.png::T000368,,1474,2065,1029
52014::gpt_comp_s2w_52014_v2.png||gpt_comp_s2w_52014_v3.png,52014,gpt_comp_s2w_52014_v2.png,gpt_comp_s2w_52014_v3.png,A < B,1,3,0,no,2025-11-02T23:41:02.478975+00:00,T000369,52014::gpt_comp_s2w_52014_v2.png>>gpt_comp_s2w_52014_v3.png::T000369,,1346,2065,1029
52014::gpt_comp_s2w_52014_v2.png||gpt_comp_s2w_52014_v4.png,52014,gpt_comp_s2w_52014_v2.png,gpt_comp_s2w_52014_v4.png,A > B,-1,2,0,no,2025-11-02T23:40:48.358884+00:00,T000370,52014::gpt_comp_s2w_52014_v2.png>>gpt_comp_s2w_52014_v4.png::T000370,,954,2065,1029
52014::gpt_comp_s2w_52014_v3.png||gpt_comp_s2w_52014_v4.png,52014,gpt_comp_s2w_52014_v3.png,gpt_comp_s2w_52014_v4.png,A > B,-1,"3,2",1,no,2025-11-02T23:40:40.555669+00:00,T000371,52014::gpt_comp_s2w_52014_v3.png>>gpt_comp_s2w_52014_v4.png::T000371,,4148,2065,1029
53497::gemini_comp_s2w_53497_v1.png||gemini_comp_s2w_53497_v2.png,53497,gemini_comp_s2w_53497_v1.png,gemini_comp_s2w_53497_v2.png,A > B,-1,2,0,no,2025-11-02T23:41:25.480638+00:00,T000372,53497::gemini_comp_s2w_53497_v1.png>>gemini_comp_s2w_53497_v2.png::T000372,,1212,2065,1029
53497::gemini_comp_s2w_53497_v1.png||gemini_comp_s2w_53497_v3.png,53497,gemini_comp_s2w_53497_v1.png,gemini_comp_s2w_53497_v3.png,A < B,1,3,0,no,2025-11-02T23:41:19.715903+00:00,T000373,53497::gemini_comp_s2w_53497_v1.png>>gemini_comp_s2w_53497_v3.png::T000373,,2292,2065,1029
53497::gemini_comp_s2w_53497_v1.png||gemini_comp_s2w_53497_v4.png,53497,gemini_comp_s2w_53497_v1.png,gemini_comp_s2w_53497_v4.png,A < B,1,3,0,no,2025-11-02T23:41:22.447228+00:00,T000374,53497::gemini_comp_s2w_53497_v1.png>>gemini_comp_s2w_53497_v4.png::T000374,,1295,2065,1029
53497::gemini_comp_s2w_53497_v2.png||gemini_comp_s2w_53497_v3.png,53497,gemini_comp_s2w_53497_v2.png,gemini_comp_s2w_53497_v3.png,A < B,1,"2,3",1,no,2025-11-02T23:41:06.581123+00:00,T000375,53497::gemini_comp_s2w_53497_v2.png>>gemini_comp_s2w_53497_v3.png::T000375,,273,2065,1029
53497::gemini_comp_s2w_53497_v2.png||gemini_comp_s2w_53497_v4.png,53497,gemini_comp_s2w_53497_v2.png,gemini_comp_s2w_53497_v4.png,A < B,1,3,0,no,2025-11-02T23:41:15.876037+00:00,T000376,53497::gemini_comp_s2w_53497_v2.png>>gemini_comp_s2w_53497_v4.png::T000376,,5601,2065,1029
53497::gemini_comp_s2w_53497_v3.png||gemini_comp_s2w_53497_v4.png,53497,gemini_comp_s2w_53497_v3.png,gemini_comp_s2w_53497_v4.png,A < B,1,3,0,no,2025-11-02T23:41:27.588621+00:00,T000377,53497::gemini_comp_s2w_53497_v3.png>>gemini_comp_s2w_53497_v4.png::T000377,,813,2065,1029
54988::gpt_comp_s2w_54988_v1.png||gpt_comp_s2w_54988_v2.png,54988,gpt_comp_s2w_54988_v1.png,gpt_comp_s2w_54988_v2.png,A < B,1,3,0,no,2025-11-02T23:41:42.125439+00:00,T000378,54988::gpt_comp_s2w_54988_v1.png>>gpt_comp_s2w_54988_v2.png::T000378,,913,2065,1029
54988::gpt_comp_s2w_54988_v1.png||gpt_comp_s2w_54988_v3.png,54988,gpt_comp_s2w_54988_v1.png,gpt_comp_s2w_54988_v3.png,A < B,1,3,0,no,2025-11-02T23:41:30.516464+00:00,T000379,54988::gpt_comp_s2w_54988_v1.png>>gpt_comp_s2w_54988_v3.png::T000379,,1313,2065,1029
54988::gpt_comp_s2w_54988_v1.png||gpt_comp_s2w_54988_v4.png,54988,gpt_comp_s2w_54988_v1.png,gpt_comp_s2w_54988_v4.png,A > B,-1,2,0,no,2025-11-02T23:41:39.726427+00:00,T000380,54988::gpt_comp_s2w_54988_v1.png>>gpt_comp_s2w_54988_v4.png::T000380,,1274,2065,1029
54988::gpt_comp_s2w_54988_v2.png||gpt_comp_s2w_54988_v3.png,54988,gpt_comp_s2w_54988_v2.png,gpt_comp_s2w_54988_v3.png,A < B,1,3,0,no,2025-11-02T23:41:45.246047+00:00,T000381,54988::gpt_comp_s2w_54988_v2.png>>gpt_comp_s2w_54988_v3.png::T000381,,1703,2065,1029
54988::gpt_comp_s2w_54988_v2.png||gpt_comp_s2w_54988_v4.png,54988,gpt_comp_s2w_54988_v2.png,gpt_comp_s2w_54988_v4.png,A < B,1,3,0,no,2025-11-02T23:41:33.693759+00:00,T000382,54988::gpt_comp_s2w_54988_v2.png>>gpt_comp_s2w_54988_v4.png::T000382,,1563,2065,1029
54988::gpt_comp_s2w_54988_v3.png||gpt_comp_s2w_54988_v4.png,54988,gpt_comp_s2w_54988_v3.png,gpt_comp_s2w_54988_v4.png,A > B,-1,2,0,no,2025-11-02T23:41:36.843587+00:00,T000383,54988::gpt_comp_s2w_54988_v3.png>>gpt_comp_s2w_54988_v4.png::T000383,,1355,2065,1029
55305::gpt_comp_s2w_55305_v1.png||gpt_comp_s2w_55305_v2.png,55305,gpt_comp_s2w_55305_v1.png,gpt_comp_s2w_55305_v2.png,A < B,1,3,0,no,2025-11-02T23:42:08.761286+00:00,T000384,55305::gpt_comp_s2w_55305_v1.png>>gpt_comp_s2w_55305_v2.png::T000384,,726,2065,1029
55305::gpt_comp_s2w_55305_v1.png||gpt_comp_s2w_55305_v3.png,55305,gpt_comp_s2w_55305_v1.png,gpt_comp_s2w_55305_v3.png,A < B,1,"3,3",0,no,2025-11-02T23:41:54.294541+00:00,T000385,55305::gpt_comp_s2w_55305_v1.png>>gpt_comp_s2w_55305_v3.png::T000385,,349,2065,1029
55305::gpt_comp_s2w_55305_v1.png||gpt_comp_s2w_55305_v4.png,55305,gpt_comp_s2w_55305_v1.png,gpt_comp_s2w_55305_v4.png,A > B,-1,2,0,no,2025-11-02T23:41:57.074949+00:00,T000386,55305::gpt_comp_s2w_55305_v1.png>>gpt_comp_s2w_55305_v4.png::T000386,,1456,2065,1029
55305::gpt_comp_s2w_55305_v2.png||gpt_comp_s2w_55305_v3.png,55305,gpt_comp_s2w_55305_v2.png,gpt_comp_s2w_55305_v3.png,A < B,1,3,0,no,2025-11-02T23:42:17.655240+00:00,T000387,55305::gpt_comp_s2w_55305_v2.png>>gpt_comp_s2w_55305_v3.png::T000387,,1319,2065,1029
55305::gpt_comp_s2w_55305_v2.png||gpt_comp_s2w_55305_v4.png,55305,gpt_comp_s2w_55305_v2.png,gpt_comp_s2w_55305_v4.png,A < B,1,3,0,no,2025-11-02T23:42:21.635536+00:00,T000388,55305::gpt_comp_s2w_55305_v2.png>>gpt_comp_s2w_55305_v4.png::T000388,,1749,2065,1029
55305::gpt_comp_s2w_55305_v3.png||gpt_comp_s2w_55305_v4.png,55305,gpt_comp_s2w_55305_v3.png,gpt_comp_s2w_55305_v4.png,A > B,-1,2,0,no,2025-11-02T23:42:14.541516+00:00,T000389,55305::gpt_comp_s2w_55305_v3.png>>gpt_comp_s2w_55305_v4.png::T000389,,571,2065,1029
5651::gpt_comp_s2w_5651_v1.png||gpt_comp_s2w_5651_v2.png,5651,gpt_comp_s2w_5651_v1.png,gpt_comp_s2w_5651_v2.png,A << B,2,4,0,no,2025-11-02T23:42:35.804013+00:00,T000390,5651::gpt_comp_s2w_5651_v1.png>>gpt_comp_s2w_5651_v2.png::T000390,,2642,2065,1029
5651::gpt_comp_s2w_5651_v1.png||gpt_comp_s2w_5651_v3.png,5651,gpt_comp_s2w_5651_v1.png,gpt_comp_s2w_5651_v3.png,A < B,1,3,0,no,2025-11-02T23:42:42.337920+00:00,T000391,5651::gpt_comp_s2w_5651_v1.png>>gpt_comp_s2w_5651_v3.png::T000391,,1287,2065,1029
5651::gpt_comp_s2w_5651_v1.png||gpt_comp_s2w_5651_v4.png,5651,gpt_comp_s2w_5651_v1.png,gpt_comp_s2w_5651_v4.png,A < B,1,3,0,no,2025-11-02T23:42:26.406152+00:00,T000392,5651::gpt_comp_s2w_5651_v1.png>>gpt_comp_s2w_5651_v4.png::T000392,,3144,2065,1029
5651::gpt_comp_s2w_5651_v2.png||gpt_comp_s2w_5651_v3.png,5651,gpt_comp_s2w_5651_v2.png,gpt_comp_s2w_5651_v3.png,A > B,-1,2,0,no,2025-11-02T23:42:31.502944+00:00,T000393,5651::gpt_comp_s2w_5651_v2.png>>gpt_comp_s2w_5651_v3.png::T000393,,3463,2065,1029
5651::gpt_comp_s2w_5651_v2.png||gpt_comp_s2w_5651_v4.png,5651,gpt_comp_s2w_5651_v2.png,gpt_comp_s2w_5651_v4.png,A > B,-1,2,0,no,2025-11-02T23:42:45.648636+00:00,T000394,5651::gpt_comp_s2w_5651_v2.png>>gpt_comp_s2w_5651_v4.png::T000394,,1661,2065,1029
5651::gpt_comp_s2w_5651_v3.png||gpt_comp_s2w_5651_v4.png,5651,gpt_comp_s2w_5651_v3.png,gpt_comp_s2w_5651_v4.png,A > B,-1,2,0,no,2025-11-02T23:42:39.405288+00:00,T000395,5651::gpt_comp_s2w_5651_v3.png>>gpt_comp_s2w_5651_v4.png::T000395,,2066,2065,1029
56961::gpt_comp_s2w_56961_v1.png||gpt_comp_s2w_56961_v2.png,56961,gpt_comp_s2w_56961_v1.png,gpt_comp_s2w_56961_v2.png,A < B,1,3,0,no,2025-11-02T23:43:08.543453+00:00,T000396,56961::gpt_comp_s2w_56961_v1.png>>gpt_comp_s2w_56961_v2.png::T000396,,3803,2065,1029
56961::gpt_comp_s2w_56961_v1.png||gpt_comp_s2w_56961_v3.png,56961,gpt_comp_s2w_56961_v1.png,gpt_comp_s2w_56961_v3.png,A < B,1,3,0,no,2025-11-02T23:43:27.726051+00:00,T000397,56961::gpt_comp_s2w_56961_v1.png>>gpt_comp_s2w_56961_v3.png::T000397,,2245,2065,1029
56961::gpt_comp_s2w_56961_v1.png||gpt_comp_s2w_56961_v4.png,56961,gpt_comp_s2w_56961_v1.png,gpt_comp_s2w_56961_v4.png,A < B,1,3,0,no,2025-11-02T23:42:58.474887+00:00,T000398,56961::gpt_comp_s2w_56961_v1.png>>gpt_comp_s2w_56961_v4.png::T000398,,5679,2065,1029
56961::gpt_comp_s2w_56961_v2.png||gpt_comp_s2w_56961_v3.png,56961,gpt_comp_s2w_56961_v2.png,gpt_comp_s2w_56961_v3.png,A < B,1,3,0,no,2025-11-02T23:42:51.135515+00:00,T000399,56961::gpt_comp_s2w_56961_v2.png>>gpt_comp_s2w_56961_v3.png::T000399,,4156,2065,1029
56961::gpt_comp_s2w_56961_v2.png||gpt_comp_s2w_56961_v4.png,56961,gpt_comp_s2w_56961_v2.png,gpt_comp_s2w_56961_v4.png,A > B,-1,2,0,no,2025-11-02T23:43:02.984866+00:00,T000400,56961::gpt_comp_s2w_56961_v2.png>>gpt_comp_s2w_56961_v4.png::T000400,,1923,2065,1029
56961::gpt_comp_s2w_56961_v3.png||gpt_comp_s2w_56961_v4.png,56961,gpt_comp_s2w_56961_v3.png,gpt_comp_s2w_56961_v4.png,A > B,-1,2,0,no,2025-11-02T23:43:30.562865+00:00,T000401,56961::gpt_comp_s2w_56961_v3.png>>gpt_comp_s2w_56961_v4.png::T000401,,1031,2065,1029
5763::gpt_comp_s2w_5763_v1.png||gpt_comp_s2w_5763_v2.png,5763,gpt_comp_s2w_5763_v1.png,gpt_comp_s2w_5763_v2.png,A > B,-1,2,0,no,2025-11-02T23:43:52.988343+00:00,T000402,5763::gpt_comp_s2w_5763_v1.png>>gpt_comp_s2w_5763_v2.png::T000402,,3872,2065,1029
5763::gpt_comp_s2w_5763_v1.png||gpt_comp_s2w_5763_v3.png,5763,gpt_comp_s2w_5763_v1.png,gpt_comp_s2w_5763_v3.png,A < B,1,3,0,no,2025-11-02T23:43:40.687263+00:00,T000403,5763::gpt_comp_s2w_5763_v1.png>>gpt_comp_s2w_5763_v3.png::T000403,,1250,2065,1029
5763::gpt_comp_s2w_5763_v1.png||gpt_comp_s2w_5763_v4.png,5763,gpt_comp_s2w_5763_v1.png,gpt_comp_s2w_5763_v4.png,A < B,1,3,0,no,2025-11-02T23:43:37.754291+00:00,T000404,5763::gpt_comp_s2w_5763_v1.png>>gpt_comp_s2w_5763_v4.png::T000404,,1552,2065,1029
5763::gpt_comp_s2w_5763_v2.png||gpt_comp_s2w_5763_v3.png,5763,gpt_comp_s2w_5763_v2.png,gpt_comp_s2w_5763_v3.png,A < B,1,3,0,no,2025-11-02T23:43:47.584725+00:00,T000405,5763::gpt_comp_s2w_5763_v2.png>>gpt_comp_s2w_5763_v3.png::T000405,,2123,2065,1029
5763::gpt_comp_s2w_5763_v2.png||gpt_comp_s2w_5763_v4.png,5763,gpt_comp_s2w_5763_v2.png,gpt_comp_s2w_5763_v4.png,A < B,1,3,0,no,2025-11-02T23:43:43.768742+00:00,T000406,5763::gpt_comp_s2w_5763_v2.png>>gpt_comp_s2w_5763_v4.png::T000406,,1448,2065,1029
5763::gpt_comp_s2w_5763_v3.png||gpt_comp_s2w_5763_v4.png,5763,gpt_comp_s2w_5763_v3.png,gpt_comp_s2w_5763_v4.png,A < B,1,3,0,no,2025-11-02T23:43:34.288410+00:00,T000407,5763::gpt_comp_s2w_5763_v3.png>>gpt_comp_s2w_5763_v4.png::T000407,,2262,2065,1029
57893::gpt_comp_s2w_57893_v1.png||gpt_comp_s2w_57893_v2.png,57893,gpt_comp_s2w_57893_v1.png,gpt_comp_s2w_57893_v2.png,A > B,-1,"3,3,2",1,no,2025-11-02T23:44:15.319121+00:00,T000408,57893::gpt_comp_s2w_57893_v1.png>>gpt_comp_s2w_57893_v2.png::T000408,,1084,2065,1029
57893::gpt_comp_s2w_57893_v1.png||gpt_comp_s2w_57893_v3.png,57893,gpt_comp_s2w_57893_v1.png,gpt_comp_s2w_57893_v3.png,A > B,-1,2,0,no,2025-11-02T23:43:57.547825+00:00,T000409,57893::gpt_comp_s2w_57893_v1.png>>gpt_comp_s2w_57893_v3.png::T000409,,3005,2065,1029
57893::gpt_comp_s2w_57893_v1.png||gpt_comp_s2w_57893_v4.png,57893,gpt_comp_s2w_57893_v1.png,gpt_comp_s2w_57893_v4.png,A > B,-1,2,0,no,2025-11-02T23:44:01.244018+00:00,T000410,57893::gpt_comp_s2w_57893_v1.png>>gpt_comp_s2w_57893_v4.png::T000410,,1321,2065,1029
57893::gpt_comp_s2w_57893_v2.png||gpt_comp_s2w_57893_v3.png,57893,gpt_comp_s2w_57893_v2.png,gpt_comp_s2w_57893_v3.png,A > B,-1,2,0,no,2025-11-02T23:44:18.917365+00:00,T000411,57893::gpt_comp_s2w_57893_v2.png>>gpt_comp_s2w_57893_v3.png::T000411,,1551,2065,1029
57893::gpt_comp_s2w_57893_v2.png||gpt_comp_s2w_57893_v4.png,57893,gpt_comp_s2w_57893_v2.png,gpt_comp_s2w_57893_v4.png,A > B,-1,2,0,no,2025-11-02T23:44:06.769756+00:00,T000412,57893::gpt_comp_s2w_57893_v2.png>>gpt_comp_s2w_57893_v4.png::T000412,,2468,2065,1029
57893::gpt_comp_s2w_57893_v3.png||gpt_comp_s2w_57893_v4.png,57893,gpt_comp_s2w_57893_v3.png,gpt_comp_s2w_57893_v4.png,A > B,-1,2,0,no,2025-11-02T23:44:22.458710+00:00,T000413,57893::gpt_comp_s2w_57893_v3.png>>gpt_comp_s2w_57893_v4.png::T000413,,1916,2065,1029
58376::gemini_comp_s2w_58376_v1.png||gemini_comp_s2w_58376_v2.png,58376,gemini_comp_s2w_58376_v1.png,gemini_comp_s2w_58376_v2.png,A < B,1,"2,3",1,no,2025-11-02T23:44:48.207627+00:00,T000414,58376::gemini_comp_s2w_58376_v1.png>>gemini_comp_s2w_58376_v2.png::T000414,,962,2065,1029
58376::gemini_comp_s2w_58376_v1.png||gemini_comp_s2w_58376_v3.png,58376,gemini_comp_s2w_58376_v1.png,gemini_comp_s2w_58376_v3.png,A > B,-1,"2,3,2",2,no,2025-11-02T23:44:35.846466+00:00,T000415,58376::gemini_comp_s2w_58376_v1.png>>gemini_comp_s2w_58376_v3.png::T000415,,1763,2065,1029
58376::gemini_comp_s2w_58376_v1.png||gemini_comp_s2w_58376_v4.png,58376,gemini_comp_s2w_58376_v1.png,gemini_comp_s2w_58376_v4.png,A < B,1,3,0,no,2025-11-02T23:44:57.344700+00:00,T000416,58376::gemini_comp_s2w_58376_v1.png>>gemini_comp_s2w_58376_v4.png::T000416,,7602,2065,1029
58376::gemini_comp_s2w_58376_v2.png||gemini_comp_s2w_58376_v3.png,58376,gemini_comp_s2w_58376_v2.png,gemini_comp_s2w_58376_v3.png,A > B,-1,2,0,no,2025-11-02T23:44:39.464096+00:00,T000417,58376::gemini_comp_s2w_58376_v2.png>>gemini_comp_s2w_58376_v3.png::T000417,,1988,2065,1029
58376::gemini_comp_s2w_58376_v2.png||gemini_comp_s2w_58376_v4.png,58376,gemini_comp_s2w_58376_v2.png,gemini_comp_s2w_58376_v4.png,A > B,-1,2,0,no,2025-11-02T23:44:25.687054+00:00,T000418,58376::gemini_comp_s2w_58376_v2.png>>gemini_comp_s2w_58376_v4.png::T000418,,1946,2065,1029
58376::gemini_comp_s2w_58376_v3.png||gemini_comp_s2w_58376_v4.png,58376,gemini_comp_s2w_58376_v3.png,gemini_comp_s2w_58376_v4.png,A < B,1,3,0,no,2025-11-02T23:44:42.138647+00:00,T000419,58376::gemini_comp_s2w_58376_v3.png>>gemini_comp_s2w_58376_v4.png::T000419,,1190,2065,1029
59228::gpt_comp_s2w_59228_v1.png||gpt_comp_s2w_59228_v2.png,59228,gpt_comp_s2w_59228_v1.png,gpt_comp_s2w_59228_v2.png,A > B,-1,2,0,no,2025-11-02T23:45:19.607687+00:00,T000420,59228::gpt_comp_s2w_59228_v1.png>>gpt_comp_s2w_59228_v2.png::T000420,,1396,2065,1029
59228::gpt_comp_s2w_59228_v1.png||gpt_comp_s2w_59228_v3.png,59228,gpt_comp_s2w_59228_v1.png,gpt_comp_s2w_59228_v3.png,A > B,-1,2,0,no,2025-11-02T23:45:09.795851+00:00,T000421,59228::gpt_comp_s2w_59228_v1.png>>gpt_comp_s2w_59228_v3.png::T000421,,3391,2065,1029
59228::gpt_comp_s2w_59228_v1.png||gpt_comp_s2w_59228_v4.png,59228,gpt_comp_s2w_59228_v1.png,gpt_comp_s2w_59228_v4.png,A < B,1,3,0,no,2025-11-02T23:45:04.569812+00:00,T000422,59228::gpt_comp_s2w_59228_v1.png>>gpt_comp_s2w_59228_v4.png::T000422,,1555,2065,1029
59228::gpt_comp_s2w_59228_v2.png||gpt_comp_s2w_59228_v3.png,59228,gpt_comp_s2w_59228_v2.png,gpt_comp_s2w_59228_v3.png,A > B,-1,2,0,no,2025-11-02T23:45:16.401417+00:00,T000423,59228::gpt_comp_s2w_59228_v2.png>>gpt_comp_s2w_59228_v3.png::T000423,,5031,2065,1029
59228::gpt_comp_s2w_59228_v2.png||gpt_comp_s2w_59228_v4.png,59228,gpt_comp_s2w_59228_v2.png,gpt_comp_s2w_59228_v4.png,A < B,1,3,0,no,2025-11-02T23:45:22.365203+00:00,T000424,59228::gpt_comp_s2w_59228_v2.png>>gpt_comp_s2w_59228_v4.png::T000424,,1284,2065,1029
59228::gpt_comp_s2w_59228_v3.png||gpt_comp_s2w_59228_v4.png,59228,gpt_comp_s2w_59228_v3.png,gpt_comp_s2w_59228_v4.png,A < B,1,3,0,no,2025-11-02T23:45:01.444737+00:00,T000425,59228::gpt_comp_s2w_59228_v3.png>>gpt_comp_s2w_59228_v4.png::T000425,,2262,2065,1029
59493::gemini_comp_s2w_59493_v1.png||gemini_comp_s2w_59493_v2.png,59493,gemini_comp_s2w_59493_v1.png,gemini_comp_s2w_59493_v2.png,A > B,-1,2,0,no,2025-11-02T23:45:25.386724+00:00,T000426,59493::gemini_comp_s2w_59493_v1.png>>gemini_comp_s2w_59493_v2.png::T000426,,1610,2065,1029
59493::gemini_comp_s2w_59493_v1.png||gemini_comp_s2w_59493_v3.png,59493,gemini_comp_s2w_59493_v1.png,gemini_comp_s2w_59493_v3.png,A > B,-1,"3,2,3,2",3,no,2025-11-02T23:45:43.079617+00:00,T000427,59493::gemini_comp_s2w_59493_v1.png>>gemini_comp_s2w_59493_v3.png::T000427,,3307,2065,1029
59493::gemini_comp_s2w_59493_v1.png||gemini_comp_s2w_59493_v4.png,59493,gemini_comp_s2w_59493_v1.png,gemini_comp_s2w_59493_v4.png,A < B,1,3,0,no,2025-11-02T23:46:04.678273+00:00,T000428,59493::gemini_comp_s2w_59493_v1.png>>gemini_comp_s2w_59493_v4.png::T000428,,2194,2065,1029
59493::gemini_comp_s2w_59493_v2.png||gemini_comp_s2w_59493_v3.png,59493,gemini_comp_s2w_59493_v2.png,gemini_comp_s2w_59493_v3.png,A > B,-1,"3,2",1,no,2025-11-02T23:45:57.341907+00:00,T000429,59493::gemini_comp_s2w_59493_v2.png>>gemini_comp_s2w_59493_v3.png::T000429,,1035,2065,1029
59493::gemini_comp_s2w_59493_v2.png||gemini_comp_s2w_59493_v4.png,59493,gemini_comp_s2w_59493_v2.png,gemini_comp_s2w_59493_v4.png,A < B,1,3,0,no,2025-11-02T23:46:00.839145+00:00,T000430,59493::gemini_comp_s2w_59493_v2.png>>gemini_comp_s2w_59493_v4.png::T000430,,1609,2065,1029
59493::gemini_comp_s2w_59493_v3.png||gemini_comp_s2w_59493_v4.png,59493,gemini_comp_s2w_59493_v3.png,gemini_comp_s2w_59493_v4.png,A < B,1,3,0,no,2025-11-02T23:45:52.695904+00:00,T000431,59493::gemini_comp_s2w_59493_v3.png>>gemini_comp_s2w_59493_v4.png::T000431,,1410,2065,1029
60062::gemini_comp_s2w_60062_v1.png||gemini_comp_s2w_60062_v2.png,60062,gemini_comp_s2w_60062_v1.png,gemini_comp_s2w_60062_v2.png,A < B,1,3,0,no,2025-11-02T23:46:17.709670+00:00,T000432,60062::gemini_comp_s2w_60062_v1.png>>gemini_comp_s2w_60062_v2.png::T000432,,6407,2065,1029
60062::gemini_comp_s2w_60062_v1.png||gemini_comp_s2w_60062_v3.png,60062,gemini_comp_s2w_60062_v1.png,gemini_comp_s2w_60062_v3.png,A > B,-1,2,0,no,2025-11-02T23:46:09.599378+00:00,T000433,60062::gemini_comp_s2w_60062_v1.png>>gemini_comp_s2w_60062_v3.png::T000433,,3335,2065,1029
60062::gemini_comp_s2w_60062_v1.png||gemini_comp_s2w_60062_v4.png,60062,gemini_comp_s2w_60062_v1.png,gemini_comp_s2w_60062_v4.png,A > B,-1,2,0,no,2025-11-02T23:46:39.241168+00:00,T000434,60062::gemini_comp_s2w_60062_v1.png>>gemini_comp_s2w_60062_v4.png::T000434,,1509,2065,1029
60062::gemini_comp_s2w_60062_v2.png||gemini_comp_s2w_60062_v3.png,60062,gemini_comp_s2w_60062_v2.png,gemini_comp_s2w_60062_v3.png,A > B,-1,2,0,no,2025-11-02T23:46:32.588811+00:00,T000435,60062::gemini_comp_s2w_60062_v2.png>>gemini_comp_s2w_60062_v3.png::T000435,,4063,2065,1029
60062::gemini_comp_s2w_60062_v2.png||gemini_comp_s2w_60062_v4.png,60062,gemini_comp_s2w_60062_v2.png,gemini_comp_s2w_60062_v4.png,A < B,1,3,0,no,2025-11-02T23:46:26.769723+00:00,T000436,60062::gemini_comp_s2w_60062_v2.png>>gemini_comp_s2w_60062_v4.png::T000436,,2054,2065,1029
60062::gemini_comp_s2w_60062_v3.png||gemini_comp_s2w_60062_v4.png,60062,gemini_comp_s2w_60062_v3.png,gemini_comp_s2w_60062_v4.png,A < B,1,3,0,no,2025-11-02T23:46:36.120036+00:00,T000437,60062::gemini_comp_s2w_60062_v3.png>>gemini_comp_s2w_60062_v4.png::T000437,,1855,2065,1029
60089::gemini_comp_s2w_60089_v1.png||gemini_comp_s2w_60089_v2.png,60089,gemini_comp_s2w_60089_v1.png,gemini_comp_s2w_60089_v2.png,A > B,-1,2,0,no,2025-11-02T23:46:50.843926+00:00,T000438,60089::gemini_comp_s2w_60089_v1.png>>gemini_comp_s2w_60089_v2.png::T000438,,1611,2065,1029
60089::gemini_comp_s2w_60089_v1.png||gemini_comp_s2w_60089_v3.png,60089,gemini_comp_s2w_60089_v1.png,gemini_comp_s2w_60089_v3.png,A < B,1,3,0,no,2025-11-02T23:46:43.102919+00:00,T000439,60089::gemini_comp_s2w_60089_v1.png>>gemini_comp_s2w_60089_v3.png::T000439,,2405,2065,1029
60089::gemini_comp_s2w_60089_v1.png||gemini_comp_s2w_60089_v4.png,60089,gemini_comp_s2w_60089_v1.png,gemini_comp_s2w_60089_v4.png,A < B,1,"2,3",1,no,2025-11-02T23:47:09.923986+00:00,T000440,60089::gemini_comp_s2w_60089_v1.png>>gemini_comp_s2w_60089_v4.png::T000440,,706,2065,1029
60089::gemini_comp_s2w_60089_v2.png||gemini_comp_s2w_60089_v3.png,60089,gemini_comp_s2w_60089_v2.png,gemini_comp_s2w_60089_v3.png,A < B,1,3,0,no,2025-11-02T23:47:02.565128+00:00,T000441,60089::gemini_comp_s2w_60089_v2.png>>gemini_comp_s2w_60089_v3.png::T000441,,2730,2065,1029
60089::gemini_comp_s2w_60089_v2.png||gemini_comp_s2w_60089_v4.png,60089,gemini_comp_s2w_60089_v2.png,gemini_comp_s2w_60089_v4.png,A > B,-1,2,0,no,2025-11-02T23:46:47.360780+00:00,T000442,60089::gemini_comp_s2w_60089_v2.png>>gemini_comp_s2w_60089_v4.png::T000442,,2398,2065,1029
60089::gemini_comp_s2w_60089_v3.png||gemini_comp_s2w_60089_v4.png,60089,gemini_comp_s2w_60089_v3.png,gemini_comp_s2w_60089_v4.png,A < B,1,"3,2,3",2,no,2025-11-02T23:46:58.211803+00:00,T000443,60089::gemini_comp_s2w_60089_v3.png>>gemini_comp_s2w_60089_v4.png::T000443,,422,2065,1029
60858::gemini_comp_s2w_60858_v1.png||gemini_comp_s2w_60858_v2.png,60858,gemini_comp_s2w_60858_v1.png,gemini_comp_s2w_60858_v2.png,A < B,1,3,0,no,2025-11-02T23:47:13.976516+00:00,T000444,60858::gemini_comp_s2w_60858_v1.png>>gemini_comp_s2w_60858_v2.png::T000444,,2368,2065,1029
60858::gemini_comp_s2w_60858_v1.png||gemini_comp_s2w_60858_v3.png,60858,gemini_comp_s2w_60858_v1.png,gemini_comp_s2w_60858_v3.png,A > B,-1,2,0,no,2025-11-02T23:47:36.887386+00:00,T000445,60858::gemini_comp_s2w_60858_v1.png>>gemini_comp_s2w_60858_v3.png::T000445,,2210,2065,1029
60858::gemini_comp_s2w_60858_v1.png||gemini_comp_s2w_60858_v4.png,60858,gemini_comp_s2w_60858_v1.png,gemini_comp_s2w_60858_v4.png,A < B,1,3,0,no,2025-11-02T23:47:17.925908+00:00,T000446,60858::gemini_comp_s2w_60858_v1.png>>gemini_comp_s2w_60858_v4.png::T000446,,2236,2065,1029
60858::gemini_comp_s2w_60858_v2.png||gemini_comp_s2w_60858_v3.png,60858,gemini_comp_s2w_60858_v2.png,gemini_comp_s2w_60858_v3.png,A > B,-1,"3,2",1,no,2025-11-02T23:47:28.138985+00:00,T000447,60858::gemini_comp_s2w_60858_v2.png>>gemini_comp_s2w_60858_v3.png::T000447,,1314,2065,1029
60858::gemini_comp_s2w_60858_v2.png||gemini_comp_s2w_60858_v4.png,60858,gemini_comp_s2w_60858_v2.png,gemini_comp_s2w_60858_v4.png,A > B,-1,2,0,no,2025-11-02T23:47:32.730206+00:00,T000448,60858::gemini_comp_s2w_60858_v2.png>>gemini_comp_s2w_60858_v4.png::T000448,,2913,2065,1029
60858::gemini_comp_s2w_60858_v3.png||gemini_comp_s2w_60858_v4.png,60858,gemini_comp_s2w_60858_v3.png,gemini_comp_s2w_60858_v4.png,A > B,-1,2,0,no,2025-11-02T23:47:22.981293+00:00,T000449,60858::gemini_comp_s2w_60858_v3.png>>gemini_comp_s2w_60858_v4.png::T000449,,2805,2065,1029
62333::gemini_comp_s2w_62333_v1.png||gemini_comp_s2w_62333_v2.png,62333,gemini_comp_s2w_62333_v1.png,gemini_comp_s2w_62333_v2.png,A > B,-1,2,0,no,2025-11-02T23:47:40.792252+00:00,T000450,62333::gemini_comp_s2w_62333_v1.png>>gemini_comp_s2w_62333_v2.png::T000450,,2433,2065,1029
62333::gemini_comp_s2w_62333_v1.png||gemini_comp_s2w_62333_v3.png,62333,gemini_comp_s2w_62333_v1.png,gemini_comp_s2w_62333_v3.png,A > B,-1,2,0,no,2025-11-02T23:47:59.090195+00:00,T000451,62333::gemini_comp_s2w_62333_v1.png>>gemini_comp_s2w_62333_v3.png::T000451,,2312,2065,1029
62333::gemini_comp_s2w_62333_v1.png||gemini_comp_s2w_62333_v4.png,62333,gemini_comp_s2w_62333_v1.png,gemini_comp_s2w_62333_v4.png,A < B,1,3,0,no,2025-11-02T23:47:53.891869+00:00,T000452,62333::gemini_comp_s2w_62333_v1.png>>gemini_comp_s2w_62333_v4.png::T000452,,2095,2065,1029
62333::gemini_comp_s2w_62333_v2.png||gemini_comp_s2w_62333_v3.png,62333,gemini_comp_s2w_62333_v2.png,gemini_comp_s2w_62333_v3.png,A >> B,-2,"2,1",1,no,2025-11-02T23:48:09.966353+00:00,T000453,62333::gemini_comp_s2w_62333_v2.png>>gemini_comp_s2w_62333_v3.png::T000453,,2218,2065,1029
62333::gemini_comp_s2w_62333_v2.png||gemini_comp_s2w_62333_v4.png,62333,gemini_comp_s2w_62333_v2.png,gemini_comp_s2w_62333_v4.png,A < B,1,3,0,no,2025-11-02T23:47:44.172898+00:00,T000454,62333::gemini_comp_s2w_62333_v2.png>>gemini_comp_s2w_62333_v4.png::T000454,,1813,2065,1029
62333::gemini_comp_s2w_62333_v3.png||gemini_comp_s2w_62333_v4.png,62333,gemini_comp_s2w_62333_v3.png,gemini_comp_s2w_62333_v4.png,A << B,2,"3,4",1,no,2025-11-02T23:47:50.076428+00:00,T000455,62333::gemini_comp_s2w_62333_v3.png>>gemini_comp_s2w_62333_v4.png::T000455,,179,2065,1029
62785::gpt_comp_s2w_62785_v1.png||gpt_comp_s2w_62785_v2.png,62785,gpt_comp_s2w_62785_v1.png,gpt_comp_s2w_62785_v2.png,A < B,1,"3,2,3",2,no,2025-11-02T23:48:20.793176+00:00,T000456,62785::gpt_comp_s2w_62785_v1.png>>gpt_comp_s2w_62785_v2.png::T000456,,741,2065,1029
62785::gpt_comp_s2w_62785_v1.png||gpt_comp_s2w_62785_v3.png,62785,gpt_comp_s2w_62785_v1.png,gpt_comp_s2w_62785_v3.png,A < B,1,3,0,no,2025-11-02T23:48:32.467505+00:00,T000457,62785::gpt_comp_s2w_62785_v1.png>>gpt_comp_s2w_62785_v3.png::T000457,,1395,2065,1029
62785::gpt_comp_s2w_62785_v1.png||gpt_comp_s2w_62785_v4.png,62785,gpt_comp_s2w_62785_v1.png,gpt_comp_s2w_62785_v4.png,A < B,1,"3,2,3",2,no,2025-11-02T23:48:39.643114+00:00,T000458,62785::gpt_comp_s2w_62785_v1.png>>gpt_comp_s2w_62785_v4.png::T000458,,1878,2065,1029
62785::gpt_comp_s2w_62785_v2.png||gpt_comp_s2w_62785_v3.png,62785,gpt_comp_s2w_62785_v2.png,gpt_comp_s2w_62785_v3.png,A > B,-1,2,0,no,2025-11-02T23:48:13.006530+00:00,T000459,62785::gpt_comp_s2w_62785_v2.png>>gpt_comp_s2w_62785_v3.png::T000459,,1377,2065,1029
62785::gpt_comp_s2w_62785_v2.png||gpt_comp_s2w_62785_v4.png,62785,gpt_comp_s2w_62785_v2.png,gpt_comp_s2w_62785_v4.png,A > B,-1,2,0,no,2025-11-02T23:48:24.678840+00:00,T000460,62785::gpt_comp_s2w_62785_v2.png>>gpt_comp_s2w_62785_v4.png::T000460,,2093,2065,1029
62785::gpt_comp_s2w_62785_v3.png||gpt_comp_s2w_62785_v4.png,62785,gpt_comp_s2w_62785_v3.png,gpt_comp_s2w_62785_v4.png,A > B,-1,"3,2",1,no,2025-11-02T23:48:29.478774+00:00,T000461,62785::gpt_comp_s2w_62785_v3.png>>gpt_comp_s2w_62785_v4.png::T000461,,1288,2065,1029
63085::gemini_comp_s2w_63085_v1.png||gemini_comp_s2w_63085_v2.png,63085,gemini_comp_s2w_63085_v1.png,gemini_comp_s2w_63085_v2.png,A > B,-1,2,0,no,2025-11-02T23:48:54.436165+00:00,T000462,63085::gemini_comp_s2w_63085_v1.png>>gemini_comp_s2w_63085_v2.png::T000462,,1734,2065,1029
63085::gemini_comp_s2w_63085_v1.png||gemini_comp_s2w_63085_v3.png,63085,gemini_comp_s2w_63085_v1.png,gemini_comp_s2w_63085_v3.png,A > B,-1,2,0,no,2025-11-02T23:49:05.817087+00:00,T000463,63085::gemini_comp_s2w_63085_v1.png>>gemini_comp_s2w_63085_v3.png::T000463,,1301,2065,1029
63085::gemini_comp_s2w_63085_v1.png||gemini_comp_s2w_63085_v4.png,63085,gemini_comp_s2w_63085_v1.png,gemini_comp_s2w_63085_v4.png,A > B,-1,2,0,no,2025-11-02T23:49:01.735641+00:00,T000464,63085::gemini_comp_s2w_63085_v1.png>>gemini_comp_s2w_63085_v4.png::T000464,,1441,2065,1029
63085::gemini_comp_s2w_63085_v2.png||gemini_comp_s2w_63085_v3.png,63085,gemini_comp_s2w_63085_v2.png,gemini_comp_s2w_63085_v3.png,A > B,-1,2,0,no,2025-11-02T23:49:09.637195+00:00,T000465,63085::gemini_comp_s2w_63085_v2.png>>gemini_comp_s2w_63085_v3.png::T000465,,2004,2065,1029
63085::gemini_comp_s2w_63085_v2.png||gemini_comp_s2w_63085_v4.png,63085,gemini_comp_s2w_63085_v2.png,gemini_comp_s2w_63085_v4.png,A < B,1,3,0,no,2025-11-02T23:48:58.808965+00:00,T000466,63085::gemini_comp_s2w_63085_v2.png>>gemini_comp_s2w_63085_v4.png::T000466,,866,2065,1029
63085::gemini_comp_s2w_63085_v3.png||gemini_comp_s2w_63085_v4.png,63085,gemini_comp_s2w_63085_v3.png,gemini_comp_s2w_63085_v4.png,A < B,1,"2,3",1,no,2025-11-02T23:48:44.166725+00:00,T000467,63085::gemini_comp_s2w_63085_v3.png>>gemini_comp_s2w_63085_v4.png::T000467,,2932,2065,1029
63614::gpt_comp_s2w_63614_v1.png||gpt_comp_s2w_63614_v2.png,63614,gpt_comp_s2w_63614_v1.png,gpt_comp_s2w_63614_v2.png,A < B,1,3,0,no,2025-11-02T23:49:20.810083+00:00,T000468,63614::gpt_comp_s2w_63614_v1.png>>gpt_comp_s2w_63614_v2.png::T000468,,4118,2065,1029
63614::gpt_comp_s2w_63614_v1.png||gpt_comp_s2w_63614_v3.png,63614,gpt_comp_s2w_63614_v1.png,gpt_comp_s2w_63614_v3.png,A > B,-1,2,0,no,2025-11-02T23:49:36.808476+00:00,T000469,63614::gpt_comp_s2w_63614_v1.png>>gpt_comp_s2w_63614_v3.png::T000469,,13970,2065,1029
63614::gpt_comp_s2w_63614_v1.png||gpt_comp_s2w_63614_v4.png,63614,gpt_comp_s2w_63614_v1.png,gpt_comp_s2w_63614_v4.png,A > B,-1,2,0,no,2025-11-02T23:49:45.837639+00:00,T000470,63614::gpt_comp_s2w_63614_v1.png>>gpt_comp_s2w_63614_v4.png::T000470,,1704,2065,1029
63614::gpt_comp_s2w_63614_v2.png||gpt_comp_s2w_63614_v3.png,63614,gpt_comp_s2w_63614_v2.png,gpt_comp_s2w_63614_v3.png,A > B,-1,2,0,no,2025-11-02T23:49:42.473618+00:00,T000471,63614::gpt_comp_s2w_63614_v2.png>>gpt_comp_s2w_63614_v3.png::T000471,,603,2065,1029
63614::gpt_comp_s2w_63614_v2.png||gpt_comp_s2w_63614_v4.png,63614,gpt_comp_s2w_63614_v2.png,gpt_comp_s2w_63614_v4.png,A > B,-1,"3,2",1,no,2025-11-02T23:49:14.974082+00:00,T000472,63614::gpt_comp_s2w_63614_v2.png>>gpt_comp_s2w_63614_v4.png::T000472,,564,2065,1029
63614::gpt_comp_s2w_63614_v3.png||gpt_comp_s2w_63614_v4.png,63614,gpt_comp_s2w_63614_v3.png,gpt_comp_s2w_63614_v4.png,A < B,1,3,0,no,2025-11-02T23:49:48.533097+00:00,T000473,63614::gpt_comp_s2w_63614_v3.png>>gpt_comp_s2w_63614_v4.png::T000473,,986,2065,1029
63656::gemini_comp_s2w_63656_v1.png||gemini_comp_s2w_63656_v2.png,63656,gemini_comp_s2w_63656_v1.png,gemini_comp_s2w_63656_v2.png,A < B,1,3,0,no,2025-11-02T23:49:55.798750+00:00,T000474,63656::gemini_comp_s2w_63656_v1.png>>gemini_comp_s2w_63656_v2.png::T000474,,2213,2065,1029
63656::gemini_comp_s2w_63656_v1.png||gemini_comp_s2w_63656_v3.png,63656,gemini_comp_s2w_63656_v1.png,gemini_comp_s2w_63656_v3.png,A > B,-1,2,0,no,2025-11-02T23:50:12.890781+00:00,T000475,63656::gemini_comp_s2w_63656_v1.png>>gemini_comp_s2w_63656_v3.png::T000475,,2464,2065,1029
63656::gemini_comp_s2w_63656_v1.png||gemini_comp_s2w_63656_v4.png,63656,gemini_comp_s2w_63656_v1.png,gemini_comp_s2w_63656_v4.png,A > B,-1,2,0,no,2025-11-02T23:49:51.201303+00:00,T000476,63656::gemini_comp_s2w_63656_v1.png>>gemini_comp_s2w_63656_v4.png::T000476,,1150,2065,1029
63656::gemini_comp_s2w_63656_v2.png||gemini_comp_s2w_63656_v3.png,63656,gemini_comp_s2w_63656_v2.png,gemini_comp_s2w_63656_v3.png,A > B,-1,2,0,no,2025-11-02T23:49:59.837427+00:00,T000477,63656::gemini_comp_s2w_63656_v2.png>>gemini_comp_s2w_63656_v3.png::T000477,,2574,2065,1029
63656::gemini_comp_s2w_63656_v2.png||gemini_comp_s2w_63656_v4.png,63656,gemini_comp_s2w_63656_v2.png,gemini_comp_s2w_63656_v4.png,A > B,-1,2,0,no,2025-11-02T23:50:08.848216+00:00,T000478,63656::gemini_comp_s2w_63656_v2.png>>gemini_comp_s2w_63656_v4.png::T000478,,1862,2065,1029
63656::gemini_comp_s2w_63656_v3.png||gemini_comp_s2w_63656_v4.png,63656,gemini_comp_s2w_63656_v3.png,gemini_comp_s2w_63656_v4.png,A < B,1,3,0,no,2025-11-02T23:50:05.199474+00:00,T000479,63656::gemini_comp_s2w_63656_v3.png>>gemini_comp_s2w_63656_v4.png::T000479,,3578,2065,1029
66612::gpt_comp_s2w_66612_v1.png||gpt_comp_s2w_66612_v2.png,66612,gpt_comp_s2w_66612_v1.png,gpt_comp_s2w_66612_v2.png,A < B,1,3,0,no,2025-11-02T23:50:33.488803+00:00,T000480,66612::gpt_comp_s2w_66612_v1.png>>gpt_comp_s2w_66612_v2.png::T000480,,2346,2065,1029
66612::gpt_comp_s2w_66612_v1.png||gpt_comp_s2w_66612_v3.png,66612,gpt_comp_s2w_66612_v1.png,gpt_comp_s2w_66612_v3.png,A < B,1,"2,3",1,no,2025-11-02T23:50:44.359586+00:00,T000481,66612::gpt_comp_s2w_66612_v1.png>>gpt_comp_s2w_66612_v3.png::T000481,,4598,2065,1029
66612::gpt_comp_s2w_66612_v1.png||gpt_comp_s2w_66612_v4.png,66612,gpt_comp_s2w_66612_v1.png,gpt_comp_s2w_66612_v4.png,A > B,-1,2,0,no,2025-11-02T23:50:20.180144+00:00,T000482,66612::gpt_comp_s2w_66612_v1.png>>gpt_comp_s2w_66612_v4.png::T000482,,3532,2065,1029
66612::gpt_comp_s2w_66612_v2.png||gpt_comp_s2w_66612_v3.png,66612,gpt_comp_s2w_66612_v2.png,gpt_comp_s2w_66612_v3.png,A < B,1,3,0,no,2025-11-02T23:50:36.225642+00:00,T000483,66612::gpt_comp_s2w_66612_v2.png>>gpt_comp_s2w_66612_v3.png::T000483,,1054,2065,1029
66612::gpt_comp_s2w_66612_v2.png||gpt_comp_s2w_66612_v4.png,66612,gpt_comp_s2w_66612_v2.png,gpt_comp_s2w_66612_v4.png,A > B,-1,2,0,no,2025-11-02T23:50:29.338927+00:00,T000484,66612::gpt_comp_s2w_66612_v2.png>>gpt_comp_s2w_66612_v4.png::T000484,,2498,2065,1029
66612::gpt_comp_s2w_66612_v3.png||gpt_comp_s2w_66612_v4.png,66612,gpt_comp_s2w_66612_v3.png,gpt_comp_s2w_66612_v4.png,A > B,-1,2,0,no,2025-11-02T23:50:25.161924+00:00,T000485,66612::gpt_comp_s2w_66612_v3.png>>gpt_comp_s2w_66612_v4.png::T000485,,2356,2065,1029
68018::gpt_comp_s2w_68018_v1.png||gpt_comp_s2w_68018_v2.png,68018,gpt_comp_s2w_68018_v1.png,gpt_comp_s2w_68018_v2.png,A < B,1,3,0,no,2025-11-02T23:51:15.408862+00:00,T000486,68018::gpt_comp_s2w_68018_v1.png>>gpt_comp_s2w_68018_v2.png::T000486,,1382,2065,1029
68018::gpt_comp_s2w_68018_v1.png||gpt_comp_s2w_68018_v3.png,68018,gpt_comp_s2w_68018_v1.png,gpt_comp_s2w_68018_v3.png,A < B,1,3,0,no,2025-11-02T23:51:09.480470+00:00,T000487,68018::gpt_comp_s2w_68018_v1.png>>gpt_comp_s2w_68018_v3.png::T000487,,1748,2065,1029
68018::gpt_comp_s2w_68018_v1.png||gpt_comp_s2w_68018_v4.png,68018,gpt_comp_s2w_68018_v1.png,gpt_comp_s2w_68018_v4.png,A < B,1,"3,2,3",2,no,2025-11-02T23:50:51.971304+00:00,T000488,68018::gpt_comp_s2w_68018_v1.png>>gpt_comp_s2w_68018_v4.png::T000488,,330,2065,1029
68018::gpt_comp_s2w_68018_v2.png||gpt_comp_s2w_68018_v3.png,68018,gpt_comp_s2w_68018_v2.png,gpt_comp_s2w_68018_v3.png,A < B,1,3,0,no,2025-11-02T23:50:57.650136+00:00,T000489,68018::gpt_comp_s2w_68018_v2.png>>gpt_comp_s2w_68018_v3.png::T000489,,3843,2065,1029
68018::gpt_comp_s2w_68018_v2.png||gpt_comp_s2w_68018_v4.png,68018,gpt_comp_s2w_68018_v2.png,gpt_comp_s2w_68018_v4.png,A < B,1,3,0,no,2025-11-02T23:51:12.377209+00:00,T000490,68018::gpt_comp_s2w_68018_v2.png>>gpt_comp_s2w_68018_v4.png::T000490,,1372,2065,1029
68018::gpt_comp_s2w_68018_v3.png||gpt_comp_s2w_68018_v4.png,68018,gpt_comp_s2w_68018_v3.png,gpt_comp_s2w_68018_v4.png,A < B,1,"3,2,3",2,no,2025-11-02T23:51:05.975866+00:00,T000491,68018::gpt_comp_s2w_68018_v3.png>>gpt_comp_s2w_68018_v4.png::T000491,,603,2065,1029
68037::gemini_comp_s2w_68037_v1.png||gemini_comp_s2w_68037_v2.png,68037,gemini_comp_s2w_68037_v1.png,gemini_comp_s2w_68037_v2.png,A < B,1,3,0,no,2025-11-02T23:51:27.529616+00:00,T000492,68037::gemini_comp_s2w_68037_v1.png>>gemini_comp_s2w_68037_v2.png::T000492,,1839,2065,1029
68037::gemini_comp_s2w_68037_v1.png||gemini_comp_s2w_68037_v3.png,68037,gemini_comp_s2w_68037_v1.png,gemini_comp_s2w_68037_v3.png,A < B,1,3,0,no,2025-11-02T23:51:35.020843+00:00,T000493,68037::gemini_comp_s2w_68037_v1.png>>gemini_comp_s2w_68037_v3.png::T000493,,2716,2065,1029
68037::gemini_comp_s2w_68037_v1.png||gemini_comp_s2w_68037_v4.png,68037,gemini_comp_s2w_68037_v1.png,gemini_comp_s2w_68037_v4.png,A < B,1,3,0,no,2025-11-02T23:51:38.221629+00:00,T000494,68037::gemini_comp_s2w_68037_v1.png>>gemini_comp_s2w_68037_v4.png::T000494,,1501,2065,1029
68037::gemini_comp_s2w_68037_v2.png||gemini_comp_s2w_68037_v3.png,68037,gemini_comp_s2w_68037_v2.png,gemini_comp_s2w_68037_v3.png,A > B,-1,2,0,no,2025-11-02T23:51:24.078955+00:00,T000495,68037::gemini_comp_s2w_68037_v2.png>>gemini_comp_s2w_68037_v3.png::T000495,,1741,2065,1029
68037::gemini_comp_s2w_68037_v2.png||gemini_comp_s2w_68037_v4.png,68037,gemini_comp_s2w_68037_v2.png,gemini_comp_s2w_68037_v4.png,A < B,1,3,0,no,2025-11-02T23:51:20.588618+00:00,T000496,68037::gemini_comp_s2w_68037_v2.png>>gemini_comp_s2w_68037_v4.png::T000496,,3504,2065,1029
68037::gemini_comp_s2w_68037_v3.png||gemini_comp_s2w_68037_v4.png,68037,gemini_comp_s2w_68037_v3.png,gemini_comp_s2w_68037_v4.png,A < B,1,3,0,no,2025-11-02T23:51:30.762446+00:00,T000497,68037::gemini_comp_s2w_68037_v3.png>>gemini_comp_s2w_68037_v4.png::T000497,,1426,2065,1029
68136::gemini_comp_s2w_68136_v1.png||gemini_comp_s2w_68136_v2.png,68136,gemini_comp_s2w_68136_v1.png,gemini_comp_s2w_68136_v2.png,A > B,-1,2,0,no,2025-11-02T23:52:20.186659+00:00,T000498,68136::gemini_comp_s2w_68136_v1.png>>gemini_comp_s2w_68136_v2.png::T000498,,2461,2065,1029
68136::gemini_comp_s2w_68136_v1.png||gemini_comp_s2w_68136_v3.png,68136,gemini_comp_s2w_68136_v1.png,gemini_comp_s2w_68136_v3.png,A < B,1,3,0,no,2025-11-02T23:52:12.136321+00:00,T000499,68136::gemini_comp_s2w_68136_v1.png>>gemini_comp_s2w_68136_v3.png::T000499,,5507,2065,1029
68136::gemini_comp_s2w_68136_v1.png||gemini_comp_s2w_68136_v4.png,68136,gemini_comp_s2w_68136_v1.png,gemini_comp_s2w_68136_v4.png,A < B,1,3,0,no,2025-11-02T23:51:50.933044+00:00,T000500,68136::gemini_comp_s2w_68136_v1.png>>gemini_comp_s2w_68136_v4.png::T000500,,1849,2065,1029
68136::gemini_comp_s2w_68136_v2.png||gemini_comp_s2w_68136_v3.png,68136,gemini_comp_s2w_68136_v2.png,gemini_comp_s2w_68136_v3.png,A << B,2,4,0,no,2025-11-02T23:51:47.304735+00:00,T000501,68136::gemini_comp_s2w_68136_v2.png>>gemini_comp_s2w_68136_v3.png::T000501,,3058,2065,1029
68136::gemini_comp_s2w_68136_v2.png||gemini_comp_s2w_68136_v4.png,68136,gemini_comp_s2w_68136_v2.png,gemini_comp_s2w_68136_v4.png,A < B,1,3,0,no,2025-11-02T23:51:42.747691+00:00,T000502,68136::gemini_comp_s2w_68136_v2.png>>gemini_comp_s2w_68136_v4.png::T000502,,2852,2065,1029
68136::gemini_comp_s2w_68136_v3.png||gemini_comp_s2w_68136_v4.png,68136,gemini_comp_s2w_68136_v3.png,gemini_comp_s2w_68136_v4.png,A > B,-1,2,0,no,2025-11-02T23:52:15.928724+00:00,T000503,68136::gemini_comp_s2w_68136_v3.png>>gemini_comp_s2w_68136_v4.png::T000503,,1490,2065,1029
68809::gpt_comp_s2w_68809_v1.png||gpt_comp_s2w_68809_v2.png,68809,gpt_comp_s2w_68809_v1.png,gpt_comp_s2w_68809_v2.png,A < B,1,"2,3",1,no,2025-11-02T23:52:54.460802+00:00,T000504,68809::gpt_comp_s2w_68809_v1.png>>gpt_comp_s2w_68809_v2.png::T000504,,1171,2065,1029
68809::gpt_comp_s2w_68809_v1.png||gpt_comp_s2w_68809_v3.png,68809,gpt_comp_s2w_68809_v1.png,gpt_comp_s2w_68809_v3.png,A < B,1,3,0,no,2025-11-02T23:52:40.759949+00:00,T000505,68809::gpt_comp_s2w_68809_v1.png>>gpt_comp_s2w_68809_v3.png::T000505,,915,2065,1029
68809::gpt_comp_s2w_68809_v1.png||gpt_comp_s2w_68809_v4.png,68809,gpt_comp_s2w_68809_v1.png,gpt_comp_s2w_68809_v4.png,A < B,1,"3,2,3",2,no,2025-11-02T23:53:00.980222+00:00,T000506,68809::gpt_comp_s2w_68809_v1.png>>gpt_comp_s2w_68809_v4.png::T000506,,677,2065,1029
68809::gpt_comp_s2w_68809_v2.png||gpt_comp_s2w_68809_v3.png,68809,gpt_comp_s2w_68809_v2.png,gpt_comp_s2w_68809_v3.png,A < B,1,3,0,no,2025-11-02T23:52:24.591744+00:00,T000507,68809::gpt_comp_s2w_68809_v2.png>>gpt_comp_s2w_68809_v3.png::T000507,,2534,2065,1029
68809::gpt_comp_s2w_68809_v2.png||gpt_comp_s2w_68809_v4.png,68809,gpt_comp_s2w_68809_v2.png,gpt_comp_s2w_68809_v4.png,A > B,-1,"3,2",1,no,2025-11-02T23:52:46.703109+00:00,T000508,68809::gpt_comp_s2w_68809_v2.png>>gpt_comp_s2w_68809_v4.png::T000508,,1215,2065,1029
68809::gpt_comp_s2w_68809_v3.png||gpt_comp_s2w_68809_v4.png,68809,gpt_comp_s2w_68809_v3.png,gpt_comp_s2w_68809_v4.png,A > B,-1,2,0,no,2025-11-02T23:52:38.155187+00:00,T000509,68809::gpt_comp_s2w_68809_v3.png>>gpt_comp_s2w_68809_v4.png::T000509,,5991,2065,1029
70410::gemini_comp_s2w_70410_v1.png||gemini_comp_s2w_70410_v2.png,70410,gemini_comp_s2w_70410_v1.png,gemini_comp_s2w_70410_v2.png,A > B,-1,2,0,no,2025-11-02T23:53:04.225149+00:00,T000510,70410::gemini_comp_s2w_70410_v1.png>>gemini_comp_s2w_70410_v2.png::T000510,,1553,2065,1029
70410::gemini_comp_s2w_70410_v1.png||gemini_comp_s2w_70410_v3.png,70410,gemini_comp_s2w_70410_v1.png,gemini_comp_s2w_70410_v3.png,A < B,1,3,0,no,2025-11-02T23:53:13.831788+00:00,T000511,70410::gemini_comp_s2w_70410_v1.png>>gemini_comp_s2w_70410_v3.png::T000511,,2280,2065,1029
70410::gemini_comp_s2w_70410_v1.png||gemini_comp_s2w_70410_v4.png,70410,gemini_comp_s2w_70410_v1.png,gemini_comp_s2w_70410_v4.png,A < B,1,3,0,no,2025-11-02T23:53:09.649906+00:00,T000512,70410::gemini_comp_s2w_70410_v1.png>>gemini_comp_s2w_70410_v4.png::T000512,,3622,2065,1029
70410::gemini_comp_s2w_70410_v2.png||gemini_comp_s2w_70410_v3.png,70410,gemini_comp_s2w_70410_v2.png,gemini_comp_s2w_70410_v3.png,A << B,2,"3,4",1,no,2025-11-02T23:53:26.780681+00:00,T000513,70410::gemini_comp_s2w_70410_v2.png>>gemini_comp_s2w_70410_v3.png::T000513,,597,2065,1029
70410::gemini_comp_s2w_70410_v2.png||gemini_comp_s2w_70410_v4.png,70410,gemini_comp_s2w_70410_v2.png,gemini_comp_s2w_70410_v4.png,A < B,1,3,0,no,2025-11-02T23:53:21.673938+00:00,T000514,70410::gemini_comp_s2w_70410_v2.png>>gemini_comp_s2w_70410_v4.png::T000514,,2513,2065,1029
70410::gemini_comp_s2w_70410_v3.png||gemini_comp_s2w_70410_v4.png,70410,gemini_comp_s2w_70410_v3.png,gemini_comp_s2w_70410_v4.png,A < B,1,3,0,no,2025-11-02T23:53:17.678032+00:00,T000515,70410::gemini_comp_s2w_70410_v3.png>>gemini_comp_s2w_70410_v4.png::T000515,,2317,2065,1029
70484::gpt_comp_s2w_70484_v1.png||gpt_comp_s2w_70484_v2.png,70484,gpt_comp_s2w_70484_v1.png,gpt_comp_s2w_70484_v2.png,A < B,1,3,0,no,2025-11-02T23:53:47.050067+00:00,T000516,70484::gpt_comp_s2w_70484_v1.png>>gpt_comp_s2w_70484_v2.png::T000516,,4340,2065,1029
70484::gpt_comp_s2w_70484_v1.png||gpt_comp_s2w_70484_v3.png,70484,gpt_comp_s2w_70484_v1.png,gpt_comp_s2w_70484_v3.png,A < B,1,3,0,no,2025-11-02T23:53:31.829188+00:00,T000517,70484::gpt_comp_s2w_70484_v1.png>>gpt_comp_s2w_70484_v3.png::T000517,,3421,2065,1029
70484::gpt_comp_s2w_70484_v1.png||gpt_comp_s2w_70484_v4.png,70484,gpt_comp_s2w_70484_v1.png,gpt_comp_s2w_70484_v4.png,A >> B,-2,1,0,no,2025-11-02T23:53:41.103272+00:00,T000518,70484::gpt_comp_s2w_70484_v1.png>>gpt_comp_s2w_70484_v4.png::T000518,,2279,2065,1029
70484::gpt_comp_s2w_70484_v2.png||gpt_comp_s2w_70484_v3.png,70484,gpt_comp_s2w_70484_v2.png,gpt_comp_s2w_70484_v3.png,A < B,1,3,0,no,2025-11-02T23:53:57.808545+00:00,T000519,70484::gpt_comp_s2w_70484_v2.png>>gpt_comp_s2w_70484_v3.png::T000519,,1410,2065,1029
70484::gpt_comp_s2w_70484_v2.png||gpt_comp_s2w_70484_v4.png,70484,gpt_comp_s2w_70484_v2.png,gpt_comp_s2w_70484_v4.png,A > B,-1,"2,3,2",2,no,2025-11-02T23:53:54.198528+00:00,T000520,70484::gpt_comp_s2w_70484_v2.png>>gpt_comp_s2w_70484_v4.png::T000520,,595,2065,1029
70484::gpt_comp_s2w_70484_v3.png||gpt_comp_s2w_70484_v4.png,70484,gpt_comp_s2w_70484_v3.png,gpt_comp_s2w_70484_v4.png,A >> B,-2,1,0,no,2025-11-02T23:53:37.155004+00:00,T000521,70484::gpt_comp_s2w_70484_v3.png>>gpt_comp_s2w_70484_v4.png::T000521,,3707,2065,1029
71030::gemini_comp_s2w_71030_v1.png||gemini_comp_s2w_71030_v2.png,71030,gemini_comp_s2w_71030_v1.png,gemini_comp_s2w_71030_v2.png,A < B,1,3,0,no,2025-11-02T23:54:05.767949+00:00,T000522,71030::gemini_comp_s2w_71030_v1.png>>gemini_comp_s2w_71030_v2.png::T000522,,1803,2065,1029
71030::gemini_comp_s2w_71030_v1.png||gemini_comp_s2w_71030_v3.png,71030,gemini_comp_s2w_71030_v1.png,gemini_comp_s2w_71030_v3.png,A < B,1,3,0,no,2025-11-02T23:54:09.539069+00:00,T000523,71030::gemini_comp_s2w_71030_v1.png>>gemini_comp_s2w_71030_v3.png::T000523,,1918,2065,1029
71030::gemini_comp_s2w_71030_v1.png||gemini_comp_s2w_71030_v4.png,71030,gemini_comp_s2w_71030_v1.png,gemini_comp_s2w_71030_v4.png,A << B,2,"3,4",1,no,2025-11-02T23:54:25.276178+00:00,T000524,71030::gemini_comp_s2w_71030_v1.png>>gemini_comp_s2w_71030_v4.png::T000524,,545,2065,1029
71030::gemini_comp_s2w_71030_v2.png||gemini_comp_s2w_71030_v3.png,71030,gemini_comp_s2w_71030_v2.png,gemini_comp_s2w_71030_v3.png,A > B,-1,"3,2",1,no,2025-11-02T23:54:14.549708+00:00,T000525,71030::gemini_comp_s2w_71030_v2.png>>gemini_comp_s2w_71030_v3.png::T000525,,56,2065,1029
71030::gemini_comp_s2w_71030_v2.png||gemini_comp_s2w_71030_v4.png,71030,gemini_comp_s2w_71030_v2.png,gemini_comp_s2w_71030_v4.png,A >> B,-2,"2,1",1,no,2025-11-02T23:54:02.302092+00:00,T000526,71030::gemini_comp_s2w_71030_v2.png>>gemini_comp_s2w_71030_v4.png::T000526,,326,2065,1029
71030::gemini_comp_s2w_71030_v3.png||gemini_comp_s2w_71030_v4.png,71030,gemini_comp_s2w_71030_v3.png,gemini_comp_s2w_71030_v4.png,A > B,-1,2,0,no,2025-11-02T23:54:18.222279+00:00,T000527,71030::gemini_comp_s2w_71030_v3.png>>gemini_comp_s2w_71030_v4.png::T000527,,1801,2065,1029
71261::gemini_comp_s2w_71261_v1.png||gemini_comp_s2w_71261_v2.png,71261,gemini_comp_s2w_71261_v1.png,gemini_comp_s2w_71261_v2.png,A < B,1,3,0,no,2025-11-02T23:54:52.598926+00:00,T000528,71261::gemini_comp_s2w_71261_v1.png>>gemini_comp_s2w_71261_v2.png::T000528,,1019,2065,1029
71261::gemini_comp_s2w_71261_v1.png||gemini_comp_s2w_71261_v3.png,71261,gemini_comp_s2w_71261_v1.png,gemini_comp_s2w_71261_v3.png,A > B,-1,"3,2",1,no,2025-11-02T23:54:39.211435+00:00,T000529,71261::gemini_comp_s2w_71261_v1.png>>gemini_comp_s2w_71261_v3.png::T000529,,800,2065,1029
71261::gemini_comp_s2w_71261_v1.png||gemini_comp_s2w_71261_v4.png,71261,gemini_comp_s2w_71261_v1.png,gemini_comp_s2w_71261_v4.png,A < B,1,3,0,no,2025-11-02T23:54:47.351781+00:00,T000530,71261::gemini_comp_s2w_71261_v1.png>>gemini_comp_s2w_71261_v4.png::T000530,,1487,2065,1029
71261::gemini_comp_s2w_71261_v2.png||gemini_comp_s2w_71261_v3.png,71261,gemini_comp_s2w_71261_v2.png,gemini_comp_s2w_71261_v3.png,A > B,-1,"3,2",1,no,2025-11-02T23:54:34.148903+00:00,T000531,71261::gemini_comp_s2w_71261_v2.png>>gemini_comp_s2w_71261_v3.png::T000531,,4451,2065,1029
71261::gemini_comp_s2w_71261_v2.png||gemini_comp_s2w_71261_v4.png,71261,gemini_comp_s2w_71261_v2.png,gemini_comp_s2w_71261_v4.png,A > B,-1,2,0,no,2025-11-02T23:54:43.768505+00:00,T000532,71261::gemini_comp_s2w_71261_v2.png>>gemini_comp_s2w_71261_v4.png::T000532,,2886,2065,1029
71261::gemini_comp_s2w_71261_v3.png||gemini_comp_s2w_71261_v4.png,71261,gemini_comp_s2w_71261_v3.png,gemini_comp_s2w_71261_v4.png,A > B,-1,2,0,no,2025-11-02T23:54:50.084109+00:00,T000533,71261::gemini_comp_s2w_71261_v3.png>>gemini_comp_s2w_71261_v4.png::T000533,,1205,2065,1029
71464::gemini_comp_s2w_71464_v1.png||gemini_comp_s2w_71464_v2.png,71464,gemini_comp_s2w_71464_v1.png,gemini_comp_s2w_71464_v2.png,A < B,1,3,0,no,2025-11-02T23:55:09.632478+00:00,T000534,71464::gemini_comp_s2w_71464_v1.png>>gemini_comp_s2w_71464_v2.png::T000534,,1280,2065,1029
71464::gemini_comp_s2w_71464_v1.png||gemini_comp_s2w_71464_v3.png,71464,gemini_comp_s2w_71464_v1.png,gemini_comp_s2w_71464_v3.png,A > B,-1,2,0,no,2025-11-02T23:55:02.931468+00:00,T000535,71464::gemini_comp_s2w_71464_v1.png>>gemini_comp_s2w_71464_v3.png::T000535,,1355,2065,1029
71464::gemini_comp_s2w_71464_v1.png||gemini_comp_s2w_71464_v4.png,71464,gemini_comp_s2w_71464_v1.png,gemini_comp_s2w_71464_v4.png,A > B,-1,2,0,no,2025-11-02T23:55:12.516898+00:00,T000536,71464::gemini_comp_s2w_71464_v1.png>>gemini_comp_s2w_71464_v4.png::T000536,,1358,2065,1029
71464::gemini_comp_s2w_71464_v2.png||gemini_comp_s2w_71464_v3.png,71464,gemini_comp_s2w_71464_v2.png,gemini_comp_s2w_71464_v3.png,A > B,-1,2,0,no,2025-11-02T23:54:55.770923+00:00,T000537,71464::gemini_comp_s2w_71464_v2.png>>gemini_comp_s2w_71464_v3.png::T000537,,1702,2065,1029
71464::gemini_comp_s2w_71464_v2.png||gemini_comp_s2w_71464_v4.png,71464,gemini_comp_s2w_71464_v2.png,gemini_comp_s2w_71464_v4.png,A < B,1,3,0,no,2025-11-02T23:55:00.051939+00:00,T000538,71464::gemini_comp_s2w_71464_v2.png>>gemini_comp_s2w_71464_v4.png::T000538,,2065,2065,1029
71464::gemini_comp_s2w_71464_v3.png||gemini_comp_s2w_71464_v4.png,71464,gemini_comp_s2w_71464_v3.png,gemini_comp_s2w_71464_v4.png,A < B,1,3,0,no,2025-11-02T23:55:06.680641+00:00,T000539,71464::gemini_comp_s2w_71464_v3.png>>gemini_comp_s2w_71464_v4.png::T000539,,2017,2065,1029
71507::gemini_comp_s2w_71507_v1.png||gemini_comp_s2w_71507_v2.png,71507,gemini_comp_s2w_71507_v1.png,gemini_comp_s2w_71507_v2.png,A > B,-1,2,0,no,2025-11-02T23:55:42.895642+00:00,T000540,71507::gemini_comp_s2w_71507_v1.png>>gemini_comp_s2w_71507_v2.png::T000540,,3822,2065,1029
71507::gemini_comp_s2w_71507_v1.png||gemini_comp_s2w_71507_v3.png,71507,gemini_comp_s2w_71507_v1.png,gemini_comp_s2w_71507_v3.png,A < B,1,"2,3",1,no,2025-11-02T23:55:26.264950+00:00,T000541,71507::gemini_comp_s2w_71507_v1.png>>gemini_comp_s2w_71507_v3.png::T000541,,1388,2065,1029
71507::gemini_comp_s2w_71507_v1.png||gemini_comp_s2w_71507_v4.png,71507,gemini_comp_s2w_71507_v1.png,gemini_comp_s2w_71507_v4.png,A < B,1,3,0,no,2025-11-02T23:55:34.222635+00:00,T000542,71507::gemini_comp_s2w_71507_v1.png>>gemini_comp_s2w_71507_v4.png::T000542,,1708,2065,1029
71507::gemini_comp_s2w_71507_v2.png||gemini_comp_s2w_71507_v3.png,71507,gemini_comp_s2w_71507_v2.png,gemini_comp_s2w_71507_v3.png,A < B,1,"2,3",1,no,2025-11-02T23:55:30.965878+00:00,T000543,71507::gemini_comp_s2w_71507_v2.png>>gemini_comp_s2w_71507_v3.png::T000543,,90,2065,1029
71507::gemini_comp_s2w_71507_v2.png||gemini_comp_s2w_71507_v4.png,71507,gemini_comp_s2w_71507_v2.png,gemini_comp_s2w_71507_v4.png,A < B,1,3,0,no,2025-11-02T23:55:50.532573+00:00,T000544,71507::gemini_comp_s2w_71507_v2.png>>gemini_comp_s2w_71507_v4.png::T000544,,2967,2065,1029
71507::gemini_comp_s2w_71507_v3.png||gemini_comp_s2w_71507_v4.png,71507,gemini_comp_s2w_71507_v3.png,gemini_comp_s2w_71507_v4.png,A > B,-1,2,0,no,2025-11-02T23:55:37.400384+00:00,T000545,71507::gemini_comp_s2w_71507_v3.png>>gemini_comp_s2w_71507_v4.png::T000545,,1497,2065,1029
72157::gemini_comp_s2w_72157_v1.png||gemini_comp_s2w_72157_v2.png,72157,gemini_comp_s2w_72157_v1.png,gemini_comp_s2w_72157_v2.png,A > B,-1,2,0,no,2025-11-02T23:56:10.380375+00:00,T000546,72157::gemini_comp_s2w_72157_v1.png>>gemini_comp_s2w_72157_v2.png::T000546,,2315,2065,1029
72157::gemini_comp_s2w_72157_v1.png||gemini_comp_s2w_72157_v3.png,72157,gemini_comp_s2w_72157_v1.png,gemini_comp_s2w_72157_v3.png,A > B,-1,2,0,no,2025-11-02T23:56:19.410219+00:00,T000547,72157::gemini_comp_s2w_72157_v1.png>>gemini_comp_s2w_72157_v3.png::T000547,,1924,2065,1029
72157::gemini_comp_s2w_72157_v1.png||gemini_comp_s2w_72157_v4.png,72157,gemini_comp_s2w_72157_v1.png,gemini_comp_s2w_72157_v4.png,A > B,-1,2,0,no,2025-11-02T23:56:06.300101+00:00,T000548,72157::gemini_comp_s2w_72157_v1.png>>gemini_comp_s2w_72157_v4.png::T000548,,2163,2065,1029
72157::gemini_comp_s2w_72157_v2.png||gemini_comp_s2w_72157_v3.png,72157,gemini_comp_s2w_72157_v2.png,gemini_comp_s2w_72157_v3.png,A < B,1,3,0,no,2025-11-02T23:56:15.411452+00:00,T000549,72157::gemini_comp_s2w_72157_v2.png>>gemini_comp_s2w_72157_v3.png::T000549,,2339,2065,1029
72157::gemini_comp_s2w_72157_v2.png||gemini_comp_s2w_72157_v4.png,72157,gemini_comp_s2w_72157_v2.png,gemini_comp_s2w_72157_v4.png,A < B,1,"2,3",1,no,2025-11-02T23:56:22.895497+00:00,T000550,72157::gemini_comp_s2w_72157_v2.png>>gemini_comp_s2w_72157_v4.png::T000550,,56,2065,1029
72157::gemini_comp_s2w_72157_v3.png||gemini_comp_s2w_72157_v4.png,72157,gemini_comp_s2w_72157_v3.png,gemini_comp_s2w_72157_v4.png,A > B,-1,"3,2",1,no,2025-11-02T23:56:02.100847+00:00,T000551,72157::gemini_comp_s2w_72157_v3.png>>gemini_comp_s2w_72157_v4.png::T000551,,985,2065,1029
7606::gemini_comp_s2w_7606_v1.png||gemini_comp_s2w_7606_v2.png,7606,gemini_comp_s2w_7606_v1.png,gemini_comp_s2w_7606_v2.png,A < B,1,3,0,no,2025-11-02T23:56:27.036290+00:00,T000552,7606::gemini_comp_s2w_7606_v1.png>>gemini_comp_s2w_7606_v2.png::T000552,,1157,2065,1029
7606::gemini_comp_s2w_7606_v1.png||gemini_comp_s2w_7606_v3.png,7606,gemini_comp_s2w_7606_v1.png,gemini_comp_s2w_7606_v3.png,A < B,1,3,0,no,2025-11-02T23:57:06.361620+00:00,T000553,7606::gemini_comp_s2w_7606_v1.png>>gemini_comp_s2w_7606_v3.png::T000553,,2098,2065,1029
7606::gemini_comp_s2w_7606_v1.png||gemini_comp_s2w_7606_v4.png,7606,gemini_comp_s2w_7606_v1.png,gemini_comp_s2w_7606_v4.png,A > B,-1,2,0,no,2025-11-02T23:57:01.368775+00:00,T000554,7606::gemini_comp_s2w_7606_v1.png>>gemini_comp_s2w_7606_v4.png::T000554,,3375,2065,1029
7606::gemini_comp_s2w_7606_v2.png||gemini_comp_s2w_7606_v3.png,7606,gemini_comp_s2w_7606_v2.png,gemini_comp_s2w_7606_v3.png,A > B,-1,2,0,no,2025-11-02T23:56:56.219958+00:00,T000555,7606::gemini_comp_s2w_7606_v2.png>>gemini_comp_s2w_7606_v3.png::T000555,,1464,2065,1029
7606::gemini_comp_s2w_7606_v2.png||gemini_comp_s2w_7606_v4.png,7606,gemini_comp_s2w_7606_v2.png,gemini_comp_s2w_7606_v4.png,A > B,-1,2,0,no,2025-11-02T23:56:36.609221+00:00,T000556,7606::gemini_comp_s2w_7606_v2.png>>gemini_comp_s2w_7606_v4.png::T000556,,2525,2065,1029
7606::gemini_comp_s2w_7606_v3.png||gemini_comp_s2w_7606_v4.png,7606,gemini_comp_s2w_7606_v3.png,gemini_comp_s2w_7606_v4.png,A > B,-1,"3,2",1,no,2025-11-02T23:56:32.124582+00:00,T000557,7606::gemini_comp_s2w_7606_v3.png>>gemini_comp_s2w_7606_v4.png::T000557,,104,2065,1029
8365::gpt_comp_s2w_8365_v1.png||gpt_comp_s2w_8365_v2.png,8365,gpt_comp_s2w_8365_v1.png,gpt_comp_s2w_8365_v2.png,A >> B,-2,"2,1",1,no,2025-11-02T23:57:26.969519+00:00,T000558,8365::gpt_comp_s2w_8365_v1.png>>gpt_comp_s2w_8365_v2.png::T000558,,393,2065,1029
8365::gpt_comp_s2w_8365_v1.png||gpt_comp_s2w_8365_v3.png,8365,gpt_comp_s2w_8365_v1.png,gpt_comp_s2w_8365_v3.png,A > B,-1,"2,2",0,no,2025-11-02T23:57:31.870327+00:00,T000559,8365::gpt_comp_s2w_8365_v1.png>>gpt_comp_s2w_8365_v3.png::T000559,,439,2065,1029
8365::gpt_comp_s2w_8365_v1.png||gpt_comp_s2w_8365_v4.png,8365,gpt_comp_s2w_8365_v1.png,gpt_comp_s2w_8365_v4.png,A >> B,-2,1,0,no,2025-11-02T23:57:12.889800+00:00,T000560,8365::gpt_comp_s2w_8365_v1.png>>gpt_comp_s2w_8365_v4.png::T000560,,3649,2065,1029
8365::gpt_comp_s2w_8365_v2.png||gpt_comp_s2w_8365_v3.png,8365,gpt_comp_s2w_8365_v2.png,gpt_comp_s2w_8365_v3.png,A << B,2,4,0,no,2025-11-02T23:57:34.450308+00:00,T000561,8365::gpt_comp_s2w_8365_v2.png>>gpt_comp_s2w_8365_v3.png::T000561,,1583,2065,1029
8365::gpt_comp_s2w_8365_v2.png||gpt_comp_s2w_8365_v4.png,8365,gpt_comp_s2w_8365_v2.png,gpt_comp_s2w_8365_v4.png,A < B,1,3,0,no,2025-11-02T23:57:19.193777+00:00,T000562,8365::gpt_comp_s2w_8365_v2.png>>gpt_comp_s2w_8365_v4.png::T000562,,4774,2065,1029
8365::gpt_comp_s2w_8365_v3.png||gpt_comp_s2w_8365_v4.png,8365,gpt_comp_s2w_8365_v3.png,gpt_comp_s2w_8365_v4.png,A > B,-1,2,0,no,2025-11-02T23:57:22.499110+00:00,T000563,8365::gpt_comp_s2w_8365_v3.png>>gpt_comp_s2w_8365_v4.png::T000563,,1788,2065,1029
8548::gemini_comp_s2w_8548_v1.png||gemini_comp_s2w_8548_v2.png,8548,gemini_comp_s2w_8548_v1.png,gemini_comp_s2w_8548_v2.png,A < B,1,"3,2,3",2,no,2025-11-02T23:58:05.444379+00:00,T000564,8548::gemini_comp_s2w_8548_v1.png>>gemini_comp_s2w_8548_v2.png::T000564,,429,2065,1029
8548::gemini_comp_s2w_8548_v1.png||gemini_comp_s2w_8548_v3.png,8548,gemini_comp_s2w_8548_v1.png,gemini_comp_s2w_8548_v3.png,A < B,1,3,0,no,2025-11-02T23:57:46.713477+00:00,T000565,8548::gemini_comp_s2w_8548_v1.png>>gemini_comp_s2w_8548_v3.png::T000565,,2567,2065,1029
8548::gemini_comp_s2w_8548_v1.png||gemini_comp_s2w_8548_v4.png,8548,gemini_comp_s2w_8548_v1.png,gemini_comp_s2w_8548_v4.png,A < B,1,"3,3",0,no,2025-11-02T23:57:42.879402+00:00,T000566,8548::gemini_comp_s2w_8548_v1.png>>gemini_comp_s2w_8548_v4.png::T000566,,9,2065,1029
8548::gemini_comp_s2w_8548_v2.png||gemini_comp_s2w_8548_v3.png,8548,gemini_comp_s2w_8548_v2.png,gemini_comp_s2w_8548_v3.png,A < B,1,3,0,no,2025-11-02T23:57:50.302193+00:00,T000567,8548::gemini_comp_s2w_8548_v2.png>>gemini_comp_s2w_8548_v3.png::T000567,,2061,2065,1029
8548::gemini_comp_s2w_8548_v2.png||gemini_comp_s2w_8548_v4.png,8548,gemini_comp_s2w_8548_v2.png,gemini_comp_s2w_8548_v4.png,A > B,-1,2,0,no,2025-11-02T23:57:55.090491+00:00,T000568,8548::gemini_comp_s2w_8548_v2.png>>gemini_comp_s2w_8548_v4.png::T000568,,2956,2065,1029
8548::gemini_comp_s2w_8548_v3.png||gemini_comp_s2w_8548_v4.png,8548,gemini_comp_s2w_8548_v3.png,gemini_comp_s2w_8548_v4.png,A > B,-1,2,0,no,2025-11-02T23:57:58.623680+00:00,T000569,8548::gemini_comp_s2w_8548_v3.png>>gemini_comp_s2w_8548_v4.png::T000569,,1919,2065,1029
9244::gemini_comp_s2w_9244_v1.png||gemini_comp_s2w_9244_v2.png,9244,gemini_comp_s2w_9244_v1.png,gemini_comp_s2w_9244_v2.png,A << B,2,4,0,no,2025-11-02T23:58:39.421551+00:00,T000570,9244::gemini_comp_s2w_9244_v1.png>>gemini_comp_s2w_9244_v2.png::T000570,,2249,2065,1029
9244::gemini_comp_s2w_9244_v1.png||gemini_comp_s2w_9244_v3.png,9244,gemini_comp_s2w_9244_v1.png,gemini_comp_s2w_9244_v3.png,A << B,2,4,0,no,2025-11-02T23:58:10.984225+00:00,T000571,9244::gemini_comp_s2w_9244_v1.png>>gemini_comp_s2w_9244_v3.png::T000571,,3656,2065,1029
9244::gemini_comp_s2w_9244_v1.png||gemini_comp_s2w_9244_v4.png,9244,gemini_comp_s2w_9244_v1.png,gemini_comp_s2w_9244_v4.png,A << B,2,4,0,no,2025-11-02T23:58:25.972989+00:00,T000572,9244::gemini_comp_s2w_9244_v1.png>>gemini_comp_s2w_9244_v4.png::T000572,,1321,2065,1029
9244::gemini_comp_s2w_9244_v2.png||gemini_comp_s2w_9244_v3.png,9244,gemini_comp_s2w_9244_v2.png,gemini_comp_s2w_9244_v3.png,A > B,-1,2,0,no,2025-11-02T23:58:30.414940+00:00,T000573,9244::gemini_comp_s2w_9244_v2.png>>gemini_comp_s2w_9244_v3.png::T000573,,3090,2065,1029
9244::gemini_comp_s2w_9244_v2.png||gemini_comp_s2w_9244_v4.png,9244,gemini_comp_s2w_9244_v2.png,gemini_comp_s2w_9244_v4.png,A > B,-1,"4,2",1,no,2025-11-02T23:58:22.941949+00:00,T000574,9244::gemini_comp_s2w_9244_v2.png>>gemini_comp_s2w_9244_v4.png::T000574,,1926,2065,1029
9244::gemini_comp_s2w_9244_v3.png||gemini_comp_s2w_9244_v4.png,9244,gemini_comp_s2w_9244_v3.png,gemini_comp_s2w_9244_v4.png,A << B,2,"3,4",1,no,2025-11-02T23:58:35.351847+00:00,T000575,9244::gemini_comp_s2w_9244_v3.png>>gemini_comp_s2w_9244_v4.png::T000575,,3091,2065,1029
9249::gpt_comp_s2w_9249_v1.png||gpt_comp_s2w_9249_v2.png,9249,gpt_comp_s2w_9249_v1.png,gpt_comp_s2w_9249_v2.png,A < B,1,3,0,no,2025-11-02T23:58:58.303419+00:00,T000576,9249::gpt_comp_s2w_9249_v1.png>>gpt_comp_s2w_9249_v2.png::T000576,,1251,2065,1029
9249::gpt_comp_s2w_9249_v1.png||gpt_comp_s2w_9249_v3.png,9249,gpt_comp_s2w_9249_v1.png,gpt_comp_s2w_9249_v3.png,A < B,1,3,0,no,2025-11-02T23:58:55.252816+00:00,T000577,9249::gpt_comp_s2w_9249_v1.png>>gpt_comp_s2w_9249_v3.png::T000577,,1984,2065,1029
9249::gpt_comp_s2w_9249_v1.png||gpt_comp_s2w_9249_v4.png,9249,gpt_comp_s2w_9249_v1.png,gpt_comp_s2w_9249_v4.png,A < B,1,3,0,no,2025-11-02T23:59:01.424758+00:00,T000578,9249::gpt_comp_s2w_9249_v1.png>>gpt_comp_s2w_9249_v4.png::T000578,,1624,2065,1029
9249::gpt_comp_s2w_9249_v2.png||gpt_comp_s2w_9249_v3.png,9249,gpt_comp_s2w_9249_v2.png,gpt_comp_s2w_9249_v3.png,A < B,1,3,0,no,2025-11-02T23:59:04.422925+00:00,T000579,9249::gpt_comp_s2w_9249_v2.png>>gpt_comp_s2w_9249_v3.png::T000579,,1492,2065,1029
9249::gpt_comp_s2w_9249_v2.png||gpt_comp_s2w_9249_v4.png,9249,gpt_comp_s2w_9249_v2.png,gpt_comp_s2w_9249_v4.png,A > B,-1,2,0,no,2025-11-02T23:58:44.964732+00:00,T000580,9249::gpt_comp_s2w_9249_v2.png>>gpt_comp_s2w_9249_v4.png::T000580,,4028,2065,1029
9249::gpt_comp_s2w_9249_v3.png||gpt_comp_s2w_9249_v4.png,9249,gpt_comp_s2w_9249_v3.png,gpt_comp_s2w_9249_v4.png,A > B,-1,2,0,no,2025-11-02T23:58:51.355697+00:00,T000581,9249::gpt_comp_s2w_9249_v3.png>>gpt_comp_s2w_9249_v4.png::T000581,,4706,2065,1029
9347::gpt_comp_s2w_9347_v1.png||gpt_comp_s2w_9347_v2.png,9347,gpt_comp_s2w_9347_v1.png,gpt_comp_s2w_9347_v2.png,A >> B,-2,"2,1",1,no,2025-11-02T23:59:09.308644+00:00,T000582,9347::gpt_comp_s2w_9347_v1.png>>gpt_comp_s2w_9347_v2.png::T000582,,82,2065,1029
9347::gpt_comp_s2w_9347_v1.png||gpt_comp_s2w_9347_v3.png,9347,gpt_comp_s2w_9347_v1.png,gpt_comp_s2w_9347_v3.png,A > B,-1,"1,2",1,no,2025-11-02T23:59:20.197633+00:00,T000583,9347::gpt_comp_s2w_9347_v1.png>>gpt_comp_s2w_9347_v3.png::T000583,,4258,2065,1029
9347::gpt_comp_s2w_9347_v1.png||gpt_comp_s2w_9347_v4.png,9347,gpt_comp_s2w_9347_v1.png,gpt_comp_s2w_9347_v4.png,A > B,-1,2,0,no,2025-11-02T23:59:14.042129+00:00,T000584,9347::gpt_comp_s2w_9347_v1.png>>gpt_comp_s2w_9347_v4.png::T000584,,3198,2065,1029
9347::gpt_comp_s2w_9347_v2.png||gpt_comp_s2w_9347_v3.png,9347,gpt_comp_s2w_9347_v2.png,gpt_comp_s2w_9347_v3.png,A << B,2,"3,4",1,no,2025-11-02T23:59:32.070525+00:00,T000585,9347::gpt_comp_s2w_9347_v2.png>>gpt_comp_s2w_9347_v3.png::T000585,,577,2065,1029
9347::gpt_comp_s2w_9347_v2.png||gpt_comp_s2w_9347_v4.png,9347,gpt_comp_s2w_9347_v2.png,gpt_comp_s2w_9347_v4.png,A << B,2,4,0,no,2025-11-02T23:59:27.417991+00:00,T000586,9347::gpt_comp_s2w_9347_v2.png>>gpt_comp_s2w_9347_v4.png::T000586,,1971,2065,1029
9347::gpt_comp_s2w_9347_v3.png||gpt_comp_s2w_9347_v4.png,9347,gpt_comp_s2w_9347_v3.png,gpt_comp_s2w_9347_v4.png,A < B,1,3,0,no,2025-11-02T23:59:23.893567+00:00,T000587,9347::gpt_comp_s2w_9347_v3.png>>gpt_comp_s2w_9347_v4.png::T000587,,2093,2065,1029
9640::gpt_comp_s2w_9640_v1.png||gpt_comp_s2w_9640_v2.png,9640,gpt_comp_s2w_9640_v1.png,gpt_comp_s2w_9640_v2.png,A << B,2,"3,4",1,no,2025-11-02T23:59:52.892579+00:00,T000588,9640::gpt_comp_s2w_9640_v1.png>>gpt_comp_s2w_9640_v2.png::T000588,,3876,2065,1029
9640::gpt_comp_s2w_9640_v1.png||gpt_comp_s2w_9640_v3.png,9640,gpt_comp_s2w_9640_v1.png,gpt_comp_s2w_9640_v3.png,A < B,1,3,0,no,2025-11-02T23:59:36.612065+00:00,T000589,9640::gpt_comp_s2w_9640_v1.png>>gpt_comp_s2w_9640_v3.png::T000589,,2977,2065,1029
9640::gpt_comp_s2w_9640_v1.png||gpt_comp_s2w_9640_v4.png,9640,gpt_comp_s2w_9640_v1.png,gpt_comp_s2w_9640_v4.png,A < B,1,3,0,no,2025-11-02T23:59:45.474739+00:00,T000590,9640::gpt_comp_s2w_9640_v1.png>>gpt_comp_s2w_9640_v4.png::T000590,,1421,2065,1029
9640::gpt_comp_s2w_9640_v2.png||gpt_comp_s2w_9640_v3.png,9640,gpt_comp_s2w_9640_v2.png,gpt_comp_s2w_9640_v3.png,A < B,1,3,0,no,2025-11-02T23:59:42.296078+00:00,T000591,9640::gpt_comp_s2w_9640_v2.png>>gpt_comp_s2w_9640_v3.png::T000591,,3816,2065,1029
9640::gpt_comp_s2w_9640_v2.png||gpt_comp_s2w_9640_v4.png,9640,gpt_comp_s2w_9640_v2.png,gpt_comp_s2w_9640_v4.png,A > B,-1,2,0,no,2025-11-02T23:59:57.826082+00:00,T000592,9640::gpt_comp_s2w_9640_v2.png>>gpt_comp_s2w_9640_v4.png::T000592,,3075,2065,1029
9640::gpt_comp_s2w_9640_v3.png||gpt_comp_s2w_9640_v4.png,9640,gpt_comp_s2w_9640_v3.png,gpt_comp_s2w_9640_v4.png,A < B,1,3,0,no,2025-11-03T00:00:02.527676+00:00,T000593,9640::gpt_comp_s2w_9640_v3.png>>gpt_comp_s2w_9640_v4.png::T000593,,2963,2065,1029
9791::gpt_comp_s2w_9791_v1.png||gpt_comp_s2w_9791_v2.png,9791,gpt_comp_s2w_9791_v1.png,gpt_comp_s2w_9791_v2.png,A > B,-1,"2,2",0,no,2025-11-03T00:00:45.326385+00:00,T000594,9791::gpt_comp_s2w_9791_v1.png>>gpt_comp_s2w_9791_v2.png::T000594,,11544,2065,1029
9791::gpt_comp_s2w_9791_v1.png||gpt_comp_s2w_9791_v3.png,9791,gpt_comp_s2w_9791_v1.png,gpt_comp_s2w_9791_v3.png,A > B,-1,2,0,no,2025-11-03T00:00:12.215956+00:00,T000595,9791::gpt_comp_s2w_9791_v1.png>>gpt_comp_s2w_9791_v3.png::T000595,,2296,2065,1029
9791::gpt_comp_s2w_9791_v1.png||gpt_comp_s2w_9791_v4.png,9791,gpt_comp_s2w_9791_v1.png,gpt_comp_s2w_9791_v4.png,A > B,-1,2,0,no,2025-11-03T00:00:08.227016+00:00,T000596,9791::gpt_comp_s2w_9791_v1.png>>gpt_comp_s2w_9791_v4.png::T000596,,2522,2065,1029
9791::gpt_comp_s2w_9791_v2.png||gpt_comp_s2w_9791_v3.png,9791,gpt_comp_s2w_9791_v2.png,gpt_comp_s2w_9791_v3.png,A << B,2,4,0,no,2025-11-03T00:00:31.665243+00:00,T000597,9791::gpt_comp_s2w_9791_v2.png>>gpt_comp_s2w_9791_v3.png::T000597,,2419,2065,1029
9791::gpt_comp_s2w_9791_v2.png||gpt_comp_s2w_9791_v4.png,9791,gpt_comp_s2w_9791_v2.png,gpt_comp_s2w_9791_v4.png,A << B,2,"3,4",1,no,2025-11-03T00:00:27.736114+00:00,T000598,9791::gpt_comp_s2w_9791_v2.png>>gpt_comp_s2w_9791_v4.png::T000598,,797,2065,1029
9791::gpt_comp_s2w_9791_v3.png||gpt_comp_s2w_9791_v4.png,9791,gpt_comp_s2w_9791_v3.png,gpt_comp_s2w_9791_v4.png,A > B,-1,2,0,no,2025-11-03T00:00:20.769159+00:00,T000599,9791::gpt_comp_s2w_9791_v3.png>>gpt_comp_s2w_9791_v4.png::T000599,,6604,2065,1029
17058::gpt_comp_s2w_17058_v1.png||gpt_comp_s2w_17058_v3.png,17058,gpt_comp_s2w_17058_v1.png,gpt_comp_s2w_17058_v3.png,A < B,1,3,0,yes,2025-11-03T00:10:27.403195+00:00,DUP_T000067,17058::gpt_comp_s2w_17058_v1.png>>gpt_comp_s2w_17058_v3.png::DUP_T000067,T000067,13821,2065,1029
1897::gemini_comp_s2w_1897_v1.png||gemini_comp_s2w_1897_v3.png,1897,gemini_comp_s2w_1897_v1.png,gemini_comp_s2w_1897_v3.png,A << B,2,"2,4",1,yes,2025-11-03T00:05:06.900306+00:00,DUP_T000091,1897::gemini_comp_s2w_1897_v1.png>>gemini_comp_s2w_1897_v3.png::DUP_T000091,T000091,19793,2065,1029
28040::gemini_comp_s2w_28040_v3.png||gemini_comp_s2w_28040_v4.png,28040,gemini_comp_s2w_28040_v3.png,gemini_comp_s2w_28040_v4.png,A >> B,-2,"2,1",1,yes,2025-11-03T00:08:17.015967+00:00,DUP_T000167,28040::gemini_comp_s2w_28040_v3.png>>gemini_comp_s2w_28040_v4.png::DUP_T000167,T000167,12088,2065,1029
2962::gpt_comp_s2w_2962_v1.png||gpt_comp_s2w_2962_v2.png,2962,gpt_comp_s2w_2962_v1.png,gpt_comp_s2w_2962_v2.png,A < B,1,"3,2,4,3",3,yes,2025-11-03T00:06:32.075838+00:00,DUP_T000192,2962::gpt_comp_s2w_2962_v1.png>>gpt_comp_s2w_2962_v2.png::DUP_T000192,T000192,961,2065,1029
2962::gpt_comp_s2w_2962_v1.png||gpt_comp_s2w_2962_v3.png,2962,gpt_comp_s2w_2962_v1.png,gpt_comp_s2w_2962_v3.png,A > B,-1,2,0,yes,2025-11-03T00:09:44.260094+00:00,DUP_T000193,2962::gpt_comp_s2w_2962_v1.png>>gpt_comp_s2w_2962_v3.png::DUP_T000193,T000193,70079,2065,1029
51339::gpt_comp_s2w_51339_v1.png||gpt_comp_s2w_51339_v3.png,51339,gpt_comp_s2w_51339_v1.png,gpt_comp_s2w_51339_v3.png,A >> B,-2,1,0,yes,2025-11-03T00:10:10.766520+00:00,DUP_T000361,51339::gpt_comp_s2w_51339_v1.png>>gpt_comp_s2w_51339_v3.png::DUP_T000361,T000361,24795,2065,1029
5651::gpt_comp_s2w_5651_v2.png||gpt_comp_s2w_5651_v3.png,5651,gpt_comp_s2w_5651_v2.png,gpt_comp_s2w_5651_v3.png,A < B,1,"3,2,3,3",2,yes,2025-11-03T00:07:02.297264+00:00,DUP_T000393,5651::gpt_comp_s2w_5651_v2.png>>gpt_comp_s2w_5651_v3.png::DUP_T000393,T000393,5350,2065,1029
57893::gpt_comp_s2w_57893_v2.png||gpt_comp_s2w_57893_v4.png,57893,gpt_comp_s2w_57893_v2.png,gpt_comp_s2w_57893_v4.png,A < B,1,3,0,yes,2025-11-03T00:07:57.181099+00:00,DUP_T000412,57893::gpt_comp_s2w_57893_v2.png>>gpt_comp_s2w_57893_v4.png::DUP_T000412,T000412,30066,2065,1029
70410::gemini_comp_s2w_70410_v1.png||gemini_comp_s2w_70410_v2.png,70410,gemini_comp_s2w_70410_v1.png,gemini_comp_s2w_70410_v2.png,A > B,-1,2,0,yes,2025-11-03T00:11:25.663426+00:00,DUP_T000510,70410::gemini_comp_s2w_70410_v1.png>>gemini_comp_s2w_70410_v2.png::DUP_T000510,T000510,41022,2065,1029
9244::gemini_comp_s2w_9244_v2.png||gemini_comp_s2w_9244_v4.png,9244,gemini_comp_s2w_9244_v2.png,gemini_comp_s2w_9244_v4.png,A > B,-1,"2,3,2",2,yes,2025-11-03T00:07:22.621285+00:00,DUP_T000574,9244::gemini_comp_s2w_9244_v2.png>>gemini_comp_s2w_9244_v4.png::DUP_T000574,T000574,18454,2065,1029
