pair_id,screen_id,left_file,right_file,final_choice,final_score,choice_trace,num_choice_changes,attention_check,timestamp_utc,uid,cid,orig_uid,rt_ms,client_w,client_h
10681::gpt_comp_s2w_10681_v1.png||gpt_comp_s2w_10681_v2.png,10681,gpt_comp_s2w_10681_v1.png,gpt_comp_s2w_10681_v2.png,A > B,-1,"2,2,2",0,no,2025-11-02T22:39:26.167084+00:00,T000000,10681::gpt_comp_s2w_10681_v1.png>>gpt_comp_s2w_10681_v2.png::T000000,,22275,1680,1050
10681::gpt_comp_s2w_10681_v1.png||gpt_comp_s2w_10681_v3.png,10681,gpt_comp_s2w_10681_v1.png,gpt_comp_s2w_10681_v3.png,A > B,-1,2,0,no,2025-11-02T22:42:50.203242+00:00,T000001,10681::gpt_comp_s2w_10681_v1.png>>gpt_comp_s2w_10681_v3.png::T000001,,3308,1680,842
10681::gpt_comp_s2w_10681_v1.png||gpt_comp_s2w_10681_v4.png,10681,gpt_comp_s2w_10681_v1.png,gpt_comp_s2w_10681_v4.png,A > B,-1,2,0,no,2025-11-02T22:42:45.840509+00:00,T000002,10681::gpt_comp_s2w_10681_v1.png>>gpt_comp_s2w_10681_v4.png::T000002,,21118,1680,842
10681::gpt_comp_s2w_10681_v2.png||gpt_comp_s2w_10681_v3.png,10681,gpt_comp_s2w_10681_v2.png,gpt_comp_s2w_10681_v3.png,A > B,-1,2,0,no,2025-11-02T22:42:23.052747+00:00,T000003,10681::gpt_comp_s2w_10681_v2.png>>gpt_comp_s2w_10681_v3.png::T000003,,85664,1680,842
10681::gpt_comp_s2w_10681_v2.png||gpt_comp_s2w_10681_v4.png,10681,gpt_comp_s2w_10681_v2.png,gpt_comp_s2w_10681_v4.png,A > B,-1,2,0,no,2025-11-02T22:42:56.560979+00:00,T000004,10681::gpt_comp_s2w_10681_v2.png>>gpt_comp_s2w_10681_v4.png::T000004,,5360,1680,842
10681::gpt_comp_s2w_10681_v3.png||gpt_comp_s2w_10681_v4.png,10681,gpt_comp_s2w_10681_v3.png,gpt_comp_s2w_10681_v4.png,A < B,1,3,0,no,2025-11-02T22:40:49.358527+00:00,T000005,10681::gpt_comp_s2w_10681_v3.png>>gpt_comp_s2w_10681_v4.png::T000005,,11223,1680,842
12842::gemini_comp_s2w_12842_v1.png||gemini_comp_s2w_12842_v2.png,12842,gemini_comp_s2w_12842_v1.png,gemini_comp_s2w_12842_v2.png,A > B,-1,2,0,no,2025-11-02T22:43:43.740032+00:00,T000006,12842::gemini_comp_s2w_12842_v1.png>>gemini_comp_s2w_12842_v2.png::T000006,,4104,1680,842
12842::gemini_comp_s2w_12842_v1.png||gemini_comp_s2w_12842_v3.png,12842,gemini_comp_s2w_12842_v1.png,gemini_comp_s2w_12842_v3.png,A > B,-1,2,0,no,2025-11-02T22:43:32.209652+00:00,T000007,12842::gemini_comp_s2w_12842_v1.png>>gemini_comp_s2w_12842_v3.png::T000007,,4859,1680,842
12842::gemini_comp_s2w_12842_v1.png||gemini_comp_s2w_12842_v4.png,12842,gemini_comp_s2w_12842_v1.png,gemini_comp_s2w_12842_v4.png,A < B,1,3,0,no,2025-11-02T22:43:38.551998+00:00,T000008,12842::gemini_comp_s2w_12842_v1.png>>gemini_comp_s2w_12842_v4.png::T000008,,4458,1680,842
12842::gemini_comp_s2w_12842_v2.png||gemini_comp_s2w_12842_v3.png,12842,gemini_comp_s2w_12842_v2.png,gemini_comp_s2w_12842_v3.png,A < B,1,3,0,no,2025-11-02T22:43:17.330047+00:00,T000009,12842::gemini_comp_s2w_12842_v2.png>>gemini_comp_s2w_12842_v3.png::T000009,,7280,1680,842
12842::gemini_comp_s2w_12842_v2.png||gemini_comp_s2w_12842_v4.png,12842,gemini_comp_s2w_12842_v2.png,gemini_comp_s2w_12842_v4.png,A << B,2,4,0,no,2025-11-02T22:43:07.254737+00:00,T000010,12842::gemini_comp_s2w_12842_v2.png>>gemini_comp_s2w_12842_v4.png::T000010,,9659,1680,842
12842::gemini_comp_s2w_12842_v3.png||gemini_comp_s2w_12842_v4.png,12842,gemini_comp_s2w_12842_v3.png,gemini_comp_s2w_12842_v4.png,A << B,2,4,0,no,2025-11-02T22:43:26.431941+00:00,T000011,12842::gemini_comp_s2w_12842_v3.png>>gemini_comp_s2w_12842_v4.png::T000011,,7943,1680,842
13350::gemini_comp_s2w_13350_v1.png||gemini_comp_s2w_13350_v2.png,13350,gemini_comp_s2w_13350_v1.png,gemini_comp_s2w_13350_v2.png,A < B,1,3,0,no,2025-11-02T22:44:30.808726+00:00,T000012,13350::gemini_comp_s2w_13350_v1.png>>gemini_comp_s2w_13350_v2.png::T000012,,17456,1680,842
13350::gemini_comp_s2w_13350_v1.png||gemini_comp_s2w_13350_v3.png,13350,gemini_comp_s2w_13350_v1.png,gemini_comp_s2w_13350_v3.png,A << B,2,4,0,no,2025-11-02T22:43:55.800811+00:00,T000013,13350::gemini_comp_s2w_13350_v1.png>>gemini_comp_s2w_13350_v3.png::T000013,,10924,1680,842
13350::gemini_comp_s2w_13350_v1.png||gemini_comp_s2w_13350_v4.png,13350,gemini_comp_s2w_13350_v1.png,gemini_comp_s2w_13350_v4.png,A < B,1,3,0,no,2025-11-02T22:44:59.187213+00:00,T000014,13350::gemini_comp_s2w_13350_v1.png>>gemini_comp_s2w_13350_v4.png::T000014,,7120,1680,842
13350::gemini_comp_s2w_13350_v2.png||gemini_comp_s2w_13350_v3.png,13350,gemini_comp_s2w_13350_v2.png,gemini_comp_s2w_13350_v3.png,A < B,1,3,0,no,2025-11-02T22:44:50.623027+00:00,T000015,13350::gemini_comp_s2w_13350_v2.png>>gemini_comp_s2w_13350_v3.png::T000015,,9200,1680,842
13350::gemini_comp_s2w_13350_v2.png||gemini_comp_s2w_13350_v4.png,13350,gemini_comp_s2w_13350_v2.png,gemini_comp_s2w_13350_v4.png,A << B,2,"3,4",1,no,2025-11-02T22:44:40.089040+00:00,T000016,13350::gemini_comp_s2w_13350_v2.png>>gemini_comp_s2w_13350_v4.png::T000016,,3043,1680,842
13350::gemini_comp_s2w_13350_v3.png||gemini_comp_s2w_13350_v4.png,13350,gemini_comp_s2w_13350_v3.png,gemini_comp_s2w_13350_v4.png,A >> B,-2,1,0,no,2025-11-02T22:44:12.162266+00:00,T000017,13350::gemini_comp_s2w_13350_v3.png>>gemini_comp_s2w_13350_v4.png::T000017,,15383,1680,842
13585::gemini_comp_s2w_13585_v1.png||gemini_comp_s2w_13585_v2.png,13585,gemini_comp_s2w_13585_v1.png,gemini_comp_s2w_13585_v2.png,A < B,1,3,0,no,2025-11-02T22:45:39.525640+00:00,T000018,13585::gemini_comp_s2w_13585_v1.png>>gemini_comp_s2w_13585_v2.png::T000018,,4033,1680,842
13585::gemini_comp_s2w_13585_v1.png||gemini_comp_s2w_13585_v3.png,13585,gemini_comp_s2w_13585_v1.png,gemini_comp_s2w_13585_v3.png,A << B,2,4,0,no,2025-11-02T22:45:05.613750+00:00,T000019,13585::gemini_comp_s2w_13585_v1.png>>gemini_comp_s2w_13585_v3.png::T000019,,4481,1680,842
13585::gemini_comp_s2w_13585_v1.png||gemini_comp_s2w_13585_v4.png,13585,gemini_comp_s2w_13585_v1.png,gemini_comp_s2w_13585_v4.png,A << B,2,4,0,no,2025-11-02T22:46:29.566954+00:00,T000020,13585::gemini_comp_s2w_13585_v1.png>>gemini_comp_s2w_13585_v4.png::T000020,,3594,1680,842
13585::gemini_comp_s2w_13585_v2.png||gemini_comp_s2w_13585_v3.png,13585,gemini_comp_s2w_13585_v2.png,gemini_comp_s2w_13585_v3.png,A < B,1,3,0,no,2025-11-02T22:46:33.790550+00:00,T000021,13585::gemini_comp_s2w_13585_v2.png>>gemini_comp_s2w_13585_v3.png::T000021,,3335,1680,842
13585::gemini_comp_s2w_13585_v2.png||gemini_comp_s2w_13585_v4.png,13585,gemini_comp_s2w_13585_v2.png,gemini_comp_s2w_13585_v4.png,A > B,-1,2,0,no,2025-11-02T22:45:32.434701+00:00,T000022,13585::gemini_comp_s2w_13585_v2.png>>gemini_comp_s2w_13585_v4.png::T000022,,25498,1680,842
13585::gemini_comp_s2w_13585_v3.png||gemini_comp_s2w_13585_v4.png,13585,gemini_comp_s2w_13585_v3.png,gemini_comp_s2w_13585_v4.png,A > B,-1,2,0,no,2025-11-02T22:46:22.747533+00:00,T000023,13585::gemini_comp_s2w_13585_v3.png>>gemini_comp_s2w_13585_v4.png::T000023,,42004,1680,842
14289::gpt_comp_s2w_14289_v1.png||gpt_comp_s2w_14289_v2.png,14289,gpt_comp_s2w_14289_v1.png,gpt_comp_s2w_14289_v2.png,A < B,1,3,0,no,2025-11-02T22:47:29.843507+00:00,T000024,14289::gpt_comp_s2w_14289_v1.png>>gpt_comp_s2w_14289_v2.png::T000024,,11136,1680,842
14289::gpt_comp_s2w_14289_v1.png||gpt_comp_s2w_14289_v3.png,14289,gpt_comp_s2w_14289_v1.png,gpt_comp_s2w_14289_v3.png,A > B,-1,2,0,no,2025-11-02T22:47:41.316824+00:00,T000025,14289::gpt_comp_s2w_14289_v1.png>>gpt_comp_s2w_14289_v3.png::T000025,,4948,1680,842
14289::gpt_comp_s2w_14289_v1.png||gpt_comp_s2w_14289_v4.png,14289,gpt_comp_s2w_14289_v1.png,gpt_comp_s2w_14289_v4.png,A > B,-1,2,0,no,2025-11-02T22:47:03.395000+00:00,T000026,14289::gpt_comp_s2w_14289_v1.png>>gpt_comp_s2w_14289_v4.png::T000026,,4638,1680,842
14289::gpt_comp_s2w_14289_v2.png||gpt_comp_s2w_14289_v3.png,14289,gpt_comp_s2w_14289_v2.png,gpt_comp_s2w_14289_v3.png,A > B,-1,2,0,no,2025-11-02T22:46:57.620802+00:00,T000027,14289::gpt_comp_s2w_14289_v2.png>>gpt_comp_s2w_14289_v3.png::T000027,,22826,1680,842
14289::gpt_comp_s2w_14289_v2.png||gpt_comp_s2w_14289_v4.png,14289,gpt_comp_s2w_14289_v2.png,gpt_comp_s2w_14289_v4.png,A > B,-1,2,0,no,2025-11-02T22:47:35.564214+00:00,T000028,14289::gpt_comp_s2w_14289_v2.png>>gpt_comp_s2w_14289_v4.png::T000028,,4931,1680,842
14289::gpt_comp_s2w_14289_v3.png||gpt_comp_s2w_14289_v4.png,14289,gpt_comp_s2w_14289_v3.png,gpt_comp_s2w_14289_v4.png,A < B,1,"2,3",1,no,2025-11-02T22:47:16.867685+00:00,T000029,14289::gpt_comp_s2w_14289_v3.png>>gpt_comp_s2w_14289_v4.png::T000029,,8433,1680,842
15033::gpt_comp_s2w_15033_v1.png||gpt_comp_s2w_15033_v2.png,15033,gpt_comp_s2w_15033_v1.png,gpt_comp_s2w_15033_v2.png,A < B,1,3,0,no,2025-11-02T22:49:35.953555+00:00,T000030,15033::gpt_comp_s2w_15033_v1.png>>gpt_comp_s2w_15033_v2.png::T000030,,7264,1680,842
15033::gpt_comp_s2w_15033_v1.png||gpt_comp_s2w_15033_v3.png,15033,gpt_comp_s2w_15033_v1.png,gpt_comp_s2w_15033_v3.png,A < B,1,3,0,no,2025-11-02T22:49:11.539226+00:00,T000031,15033::gpt_comp_s2w_15033_v1.png>>gpt_comp_s2w_15033_v3.png::T000031,,11401,1680,842
15033::gpt_comp_s2w_15033_v1.png||gpt_comp_s2w_15033_v4.png,15033,gpt_comp_s2w_15033_v1.png,gpt_comp_s2w_15033_v4.png,A << B,2,"2,4",1,no,2025-11-02T22:48:40.164483+00:00,T000032,15033::gpt_comp_s2w_15033_v1.png>>gpt_comp_s2w_15033_v4.png::T000032,,55684,1680,842
15033::gpt_comp_s2w_15033_v2.png||gpt_comp_s2w_15033_v3.png,15033,gpt_comp_s2w_15033_v2.png,gpt_comp_s2w_15033_v3.png,A < B,1,3,0,no,2025-11-02T22:49:27.849451+00:00,T000033,15033::gpt_comp_s2w_15033_v2.png>>gpt_comp_s2w_15033_v3.png::T000033,,12377,1680,842
15033::gpt_comp_s2w_15033_v2.png||gpt_comp_s2w_15033_v4.png,15033,gpt_comp_s2w_15033_v2.png,gpt_comp_s2w_15033_v4.png,A < B,1,3,0,no,2025-11-02T22:48:58.899119+00:00,T000034,15033::gpt_comp_s2w_15033_v2.png>>gpt_comp_s2w_15033_v4.png::T000034,,5463,1680,842
15033::gpt_comp_s2w_15033_v3.png||gpt_comp_s2w_15033_v4.png,15033,gpt_comp_s2w_15033_v3.png,gpt_comp_s2w_15033_v4.png,A < B,1,3,0,no,2025-11-02T22:48:51.987080+00:00,T000035,15033::gpt_comp_s2w_15033_v3.png>>gpt_comp_s2w_15033_v4.png::T000035,,10491,1680,842
15366::gpt_comp_s2w_15366_v1.png||gpt_comp_s2w_15366_v2.png,15366,gpt_comp_s2w_15366_v1.png,gpt_comp_s2w_15366_v2.png,A < B,1,3,0,no,2025-11-02T22:50:36.721289+00:00,T000036,15366::gpt_comp_s2w_15366_v1.png>>gpt_comp_s2w_15366_v2.png::T000036,,14752,1680,842
15366::gpt_comp_s2w_15366_v1.png||gpt_comp_s2w_15366_v3.png,15366,gpt_comp_s2w_15366_v1.png,gpt_comp_s2w_15366_v3.png,A < B,1,3,0,no,2025-11-02T22:50:20.484574+00:00,T000037,15366::gpt_comp_s2w_15366_v1.png>>gpt_comp_s2w_15366_v3.png::T000037,,6886,1680,842
15366::gpt_comp_s2w_15366_v1.png||gpt_comp_s2w_15366_v4.png,15366,gpt_comp_s2w_15366_v1.png,gpt_comp_s2w_15366_v4.png,A < B,1,3,0,no,2025-11-02T22:50:12.510846+00:00,T000038,15366::gpt_comp_s2w_15366_v1.png>>gpt_comp_s2w_15366_v4.png::T000038,,34337,1680,842
15366::gpt_comp_s2w_15366_v2.png||gpt_comp_s2w_15366_v3.png,15366,gpt_comp_s2w_15366_v2.png,gpt_comp_s2w_15366_v3.png,A < B,1,3,0,no,2025-11-02T22:50:49.522143+00:00,T000039,15366::gpt_comp_s2w_15366_v2.png>>gpt_comp_s2w_15366_v3.png::T000039,,5917,1680,842
15366::gpt_comp_s2w_15366_v2.png||gpt_comp_s2w_15366_v4.png,15366,gpt_comp_s2w_15366_v2.png,gpt_comp_s2w_15366_v4.png,A < B,1,3,0,no,2025-11-02T22:50:59.766817+00:00,T000040,15366::gpt_comp_s2w_15366_v2.png>>gpt_comp_s2w_15366_v4.png::T000040,,9042,1680,842
15366::gpt_comp_s2w_15366_v3.png||gpt_comp_s2w_15366_v4.png,15366,gpt_comp_s2w_15366_v3.png,gpt_comp_s2w_15366_v4.png,A > B,-1,2,0,no,2025-11-02T22:50:42.693717+00:00,T000041,15366::gpt_comp_s2w_15366_v3.png>>gpt_comp_s2w_15366_v4.png::T000041,,4795,1680,842
1555::gpt_comp_s2w_1555_v1.png||gpt_comp_s2w_1555_v2.png,1555,gpt_comp_s2w_1555_v1.png,gpt_comp_s2w_1555_v2.png,A < B,1,3,0,no,2025-11-02T22:52:05.608180+00:00,T000042,1555::gpt_comp_s2w_1555_v1.png>>gpt_comp_s2w_1555_v2.png::T000042,,4638,1680,842
1555::gpt_comp_s2w_1555_v1.png||gpt_comp_s2w_1555_v3.png,1555,gpt_comp_s2w_1555_v1.png,gpt_comp_s2w_1555_v3.png,A < B,1,3,0,no,2025-11-02T22:51:59.840843+00:00,T000043,1555::gpt_comp_s2w_1555_v1.png>>gpt_comp_s2w_1555_v3.png::T000043,,6780,1680,842
1555::gpt_comp_s2w_1555_v1.png||gpt_comp_s2w_1555_v4.png,1555,gpt_comp_s2w_1555_v1.png,gpt_comp_s2w_1555_v4.png,A << B,2,4,0,no,2025-11-02T22:51:52.192517+00:00,T000044,1555::gpt_comp_s2w_1555_v1.png>>gpt_comp_s2w_1555_v4.png::T000044,,4625,1680,842
1555::gpt_comp_s2w_1555_v2.png||gpt_comp_s2w_1555_v3.png,1555,gpt_comp_s2w_1555_v2.png,gpt_comp_s2w_1555_v3.png,A < B,1,3,0,no,2025-11-02T22:51:30.295554+00:00,T000045,1555::gpt_comp_s2w_1555_v2.png>>gpt_comp_s2w_1555_v3.png::T000045,,28184,1680,842
1555::gpt_comp_s2w_1555_v2.png||gpt_comp_s2w_1555_v4.png,1555,gpt_comp_s2w_1555_v2.png,gpt_comp_s2w_1555_v4.png,A << B,2,4,0,no,2025-11-02T22:51:46.450949+00:00,T000046,1555::gpt_comp_s2w_1555_v2.png>>gpt_comp_s2w_1555_v4.png::T000046,,9388,1680,842
1555::gpt_comp_s2w_1555_v3.png||gpt_comp_s2w_1555_v4.png,1555,gpt_comp_s2w_1555_v3.png,gpt_comp_s2w_1555_v4.png,A < B,1,3,0,no,2025-11-02T22:52:13.288807+00:00,T000047,1555::gpt_comp_s2w_1555_v3.png>>gpt_comp_s2w_1555_v4.png::T000047,,6453,1680,842
16084::gemini_comp_s2w_16084_v1.png||gemini_comp_s2w_16084_v2.png,16084,gemini_comp_s2w_16084_v1.png,gemini_comp_s2w_16084_v2.png,A > B,-1,2,0,no,2025-11-02T22:52:21.162433+00:00,T000048,16084::gemini_comp_s2w_16084_v1.png>>gemini_comp_s2w_16084_v2.png::T000048,,6360,1680,842
16084::gemini_comp_s2w_16084_v1.png||gemini_comp_s2w_16084_v3.png,16084,gemini_comp_s2w_16084_v1.png,gemini_comp_s2w_16084_v3.png,A < B,1,3,0,no,2025-11-02T22:53:18.172350+00:00,T000049,16084::gemini_comp_s2w_16084_v1.png>>gemini_comp_s2w_16084_v3.png::T000049,,14864,1680,842
16084::gemini_comp_s2w_16084_v1.png||gemini_comp_s2w_16084_v4.png,16084,gemini_comp_s2w_16084_v1.png,gemini_comp_s2w_16084_v4.png,A > B,-1,2,0,no,2025-11-02T22:52:44.854278+00:00,T000050,16084::gemini_comp_s2w_16084_v1.png>>gemini_comp_s2w_16084_v4.png::T000050,,22572,1680,842
16084::gemini_comp_s2w_16084_v2.png||gemini_comp_s2w_16084_v3.png,16084,gemini_comp_s2w_16084_v2.png,gemini_comp_s2w_16084_v3.png,A < B,1,3,0,no,2025-11-02T22:53:02.154022+00:00,T000051,16084::gemini_comp_s2w_16084_v2.png>>gemini_comp_s2w_16084_v3.png::T000051,,16121,1680,842
16084::gemini_comp_s2w_16084_v2.png||gemini_comp_s2w_16084_v4.png,16084,gemini_comp_s2w_16084_v2.png,gemini_comp_s2w_16084_v4.png,A > B,-1,2,0,no,2025-11-02T22:53:36.761466+00:00,T000052,16084::gemini_comp_s2w_16084_v2.png>>gemini_comp_s2w_16084_v4.png::T000052,,12948,1680,842
16084::gemini_comp_s2w_16084_v3.png||gemini_comp_s2w_16084_v4.png,16084,gemini_comp_s2w_16084_v3.png,gemini_comp_s2w_16084_v4.png,A > B,-1,2,0,no,2025-11-02T22:53:21.822987+00:00,T000053,16084::gemini_comp_s2w_16084_v3.png>>gemini_comp_s2w_16084_v4.png::T000053,,2856,1680,842
16634::gemini_comp_s2w_16634_v1.png||gemini_comp_s2w_16634_v2.png,16634,gemini_comp_s2w_16634_v1.png,gemini_comp_s2w_16634_v2.png,A > B,-1,2,0,no,2025-11-02T22:55:10.068058+00:00,T000054,16634::gemini_comp_s2w_16634_v1.png>>gemini_comp_s2w_16634_v2.png::T000054,,20717,1680,842
16634::gemini_comp_s2w_16634_v1.png||gemini_comp_s2w_16634_v3.png,16634,gemini_comp_s2w_16634_v1.png,gemini_comp_s2w_16634_v3.png,A >> B,-2,1,0,no,2025-11-02T22:53:47.543717+00:00,T000055,16634::gemini_comp_s2w_16634_v1.png>>gemini_comp_s2w_16634_v3.png::T000055,,8577,1680,842
16634::gemini_comp_s2w_16634_v1.png||gemini_comp_s2w_16634_v4.png,16634,gemini_comp_s2w_16634_v1.png,gemini_comp_s2w_16634_v4.png,A > B,-1,2,0,no,2025-11-02T22:54:30.554005+00:00,T000056,16634::gemini_comp_s2w_16634_v1.png>>gemini_comp_s2w_16634_v4.png::T000056,,19452,1680,842
16634::gemini_comp_s2w_16634_v2.png||gemini_comp_s2w_16634_v3.png,16634,gemini_comp_s2w_16634_v2.png,gemini_comp_s2w_16634_v3.png,A > B,-1,2,0,no,2025-11-02T22:54:03.665854+00:00,T000057,16634::gemini_comp_s2w_16634_v2.png>>gemini_comp_s2w_16634_v3.png::T000057,,6997,1680,842
16634::gemini_comp_s2w_16634_v2.png||gemini_comp_s2w_16634_v4.png,16634,gemini_comp_s2w_16634_v2.png,gemini_comp_s2w_16634_v4.png,A < B,1,3,0,no,2025-11-02T22:53:55.302142+00:00,T000058,16634::gemini_comp_s2w_16634_v2.png>>gemini_comp_s2w_16634_v4.png::T000058,,6888,1680,842
16634::gemini_comp_s2w_16634_v3.png||gemini_comp_s2w_16634_v4.png,16634,gemini_comp_s2w_16634_v3.png,gemini_comp_s2w_16634_v4.png,A < B,1,"2,3",1,no,2025-11-02T22:54:47.621063+00:00,T000059,16634::gemini_comp_s2w_16634_v3.png>>gemini_comp_s2w_16634_v4.png::T000059,,2759,1680,842
16861::gpt_comp_s2w_16861_v1.png||gpt_comp_s2w_16861_v2.png,16861,gpt_comp_s2w_16861_v1.png,gpt_comp_s2w_16861_v2.png,A > B,-1,2,0,no,2025-11-02T22:56:09.770262+00:00,T000060,16861::gpt_comp_s2w_16861_v1.png>>gpt_comp_s2w_16861_v2.png::T000060,,3032,1680,842
16861::gpt_comp_s2w_16861_v1.png||gpt_comp_s2w_16861_v3.png,16861,gpt_comp_s2w_16861_v1.png,gpt_comp_s2w_16861_v3.png,A > B,-1,2,0,no,2025-11-02T22:56:05.630307+00:00,T000061,16861::gpt_comp_s2w_16861_v1.png>>gpt_comp_s2w_16861_v3.png::T000061,,2555,1680,842
16861::gpt_comp_s2w_16861_v1.png||gpt_comp_s2w_16861_v4.png,16861,gpt_comp_s2w_16861_v1.png,gpt_comp_s2w_16861_v4.png,A > B,-1,2,0,no,2025-11-02T22:56:27.630176+00:00,T000062,16861::gpt_comp_s2w_16861_v1.png>>gpt_comp_s2w_16861_v4.png::T000062,,9580,1680,842
16861::gpt_comp_s2w_16861_v2.png||gpt_comp_s2w_16861_v3.png,16861,gpt_comp_s2w_16861_v2.png,gpt_comp_s2w_16861_v3.png,A > B,-1,2,0,no,2025-11-02T22:56:01.433849+00:00,T000063,16861::gpt_comp_s2w_16861_v2.png>>gpt_comp_s2w_16861_v3.png::T000063,,50079,1680,842
16861::gpt_comp_s2w_16861_v2.png||gpt_comp_s2w_16861_v4.png,16861,gpt_comp_s2w_16861_v2.png,gpt_comp_s2w_16861_v4.png,A > B,-1,2,0,no,2025-11-02T22:56:16.312642+00:00,T000064,16861::gpt_comp_s2w_16861_v2.png>>gpt_comp_s2w_16861_v4.png::T000064,,5183,1680,842
16861::gpt_comp_s2w_16861_v3.png||gpt_comp_s2w_16861_v4.png,16861,gpt_comp_s2w_16861_v3.png,gpt_comp_s2w_16861_v4.png,A < B,1,3,0,no,2025-11-02T22:56:35.222407+00:00,T000065,16861::gpt_comp_s2w_16861_v3.png>>gpt_comp_s2w_16861_v4.png::T000065,,6568,1680,842
17058::gpt_comp_s2w_17058_v1.png||gpt_comp_s2w_17058_v2.png,17058,gpt_comp_s2w_17058_v1.png,gpt_comp_s2w_17058_v2.png,A > B,-1,2,0,no,2025-11-02T22:57:25.241759+00:00,T000066,17058::gpt_comp_s2w_17058_v1.png>>gpt_comp_s2w_17058_v2.png::T000066,,13868,1680,842
17058::gpt_comp_s2w_17058_v1.png||gpt_comp_s2w_17058_v3.png,17058,gpt_comp_s2w_17058_v1.png,gpt_comp_s2w_17058_v3.png,A < B,1,3,0,no,2025-11-02T22:57:45.076484+00:00,T000067,17058::gpt_comp_s2w_17058_v1.png>>gpt_comp_s2w_17058_v3.png::T000067,,2625,1680,842
17058::gpt_comp_s2w_17058_v1.png||gpt_comp_s2w_17058_v4.png,17058,gpt_comp_s2w_17058_v1.png,gpt_comp_s2w_17058_v4.png,A < B,1,3,0,no,2025-11-02T22:57:10.018384+00:00,T000068,17058::gpt_comp_s2w_17058_v1.png>>gpt_comp_s2w_17058_v4.png::T000068,,7480,1680,842
17058::gpt_comp_s2w_17058_v2.png||gpt_comp_s2w_17058_v3.png,17058,gpt_comp_s2w_17058_v2.png,gpt_comp_s2w_17058_v3.png,A < B,1,3,0,no,2025-11-02T22:57:33.922406+00:00,T000069,17058::gpt_comp_s2w_17058_v2.png>>gpt_comp_s2w_17058_v3.png::T000069,,7380,1680,842
17058::gpt_comp_s2w_17058_v2.png||gpt_comp_s2w_17058_v4.png,17058,gpt_comp_s2w_17058_v2.png,gpt_comp_s2w_17058_v4.png,A < B,1,3,0,no,2025-11-02T22:57:41.101782+00:00,T000070,17058::gpt_comp_s2w_17058_v2.png>>gpt_comp_s2w_17058_v4.png::T000070,,3207,1680,842
17058::gpt_comp_s2w_17058_v3.png||gpt_comp_s2w_17058_v4.png,17058,gpt_comp_s2w_17058_v3.png,gpt_comp_s2w_17058_v4.png,A > B,-1,2,0,no,2025-11-02T22:57:01.705329+00:00,T000071,17058::gpt_comp_s2w_17058_v3.png>>gpt_comp_s2w_17058_v4.png::T000071,,25338,1680,842
17432::gpt_comp_s2w_17432_v1.png||gpt_comp_s2w_17432_v2.png,17432,gpt_comp_s2w_17432_v1.png,gpt_comp_s2w_17432_v2.png,A > B,-1,2,0,no,2025-11-02T22:58:54.652547+00:00,T000072,17432::gpt_comp_s2w_17432_v1.png>>gpt_comp_s2w_17432_v2.png::T000072,,6194,1680,842
17432::gpt_comp_s2w_17432_v1.png||gpt_comp_s2w_17432_v3.png,17432,gpt_comp_s2w_17432_v1.png,gpt_comp_s2w_17432_v3.png,A >> B,-2,1,0,no,2025-11-02T22:58:17.929896+00:00,T000073,17432::gpt_comp_s2w_17432_v1.png>>gpt_comp_s2w_17432_v3.png::T000073,,4197,1680,842
17432::gpt_comp_s2w_17432_v1.png||gpt_comp_s2w_17432_v4.png,17432,gpt_comp_s2w_17432_v1.png,gpt_comp_s2w_17432_v4.png,A > B,-1,2,0,no,2025-11-02T22:58:46.148739+00:00,T000074,17432::gpt_comp_s2w_17432_v1.png>>gpt_comp_s2w_17432_v4.png::T000074,,8851,1680,842
17432::gpt_comp_s2w_17432_v2.png||gpt_comp_s2w_17432_v3.png,17432,gpt_comp_s2w_17432_v2.png,gpt_comp_s2w_17432_v3.png,A < B,1,3,0,no,2025-11-02T22:58:02.887311+00:00,T000075,17432::gpt_comp_s2w_17432_v2.png>>gpt_comp_s2w_17432_v3.png::T000075,,16556,1680,842
17432::gpt_comp_s2w_17432_v2.png||gpt_comp_s2w_17432_v4.png,17432,gpt_comp_s2w_17432_v2.png,gpt_comp_s2w_17432_v4.png,A >> B,-2,1,0,no,2025-11-02T22:58:11.285664+00:00,T000076,17432::gpt_comp_s2w_17432_v2.png>>gpt_comp_s2w_17432_v4.png::T000076,,7592,1680,842
17432::gpt_comp_s2w_17432_v3.png||gpt_comp_s2w_17432_v4.png,17432,gpt_comp_s2w_17432_v3.png,gpt_comp_s2w_17432_v4.png,A < B,1,3,0,no,2025-11-02T22:58:36.242814+00:00,T000077,17432::gpt_comp_s2w_17432_v3.png>>gpt_comp_s2w_17432_v4.png::T000077,,17267,1680,842
17501::gemini_comp_s2w_17501_v1.png||gemini_comp_s2w_17501_v2.png,17501,gemini_comp_s2w_17501_v1.png,gemini_comp_s2w_17501_v2.png,A < B,1,3,0,no,2025-11-02T22:59:52.470516+00:00,T000078,17501::gemini_comp_s2w_17501_v1.png>>gemini_comp_s2w_17501_v2.png::T000078,,14888,1680,842
17501::gemini_comp_s2w_17501_v1.png||gemini_comp_s2w_17501_v3.png,17501,gemini_comp_s2w_17501_v1.png,gemini_comp_s2w_17501_v3.png,A > B,-1,2,0,no,2025-11-02T22:59:57.919587+00:00,T000079,17501::gemini_comp_s2w_17501_v1.png>>gemini_comp_s2w_17501_v3.png::T000079,,3787,1680,842
17501::gemini_comp_s2w_17501_v1.png||gemini_comp_s2w_17501_v4.png,17501,gemini_comp_s2w_17501_v1.png,gemini_comp_s2w_17501_v4.png,A > B,-1,2,0,no,2025-11-02T22:59:30.412396+00:00,T000080,17501::gemini_comp_s2w_17501_v1.png>>gemini_comp_s2w_17501_v4.png::T000080,,3833,1680,842
17501::gemini_comp_s2w_17501_v2.png||gemini_comp_s2w_17501_v3.png,17501,gemini_comp_s2w_17501_v2.png,gemini_comp_s2w_17501_v3.png,A > B,-1,2,0,no,2025-11-02T22:59:25.412303+00:00,T000081,17501::gemini_comp_s2w_17501_v2.png>>gemini_comp_s2w_17501_v3.png::T000081,,5718,1680,842
17501::gemini_comp_s2w_17501_v2.png||gemini_comp_s2w_17501_v4.png,17501,gemini_comp_s2w_17501_v2.png,gemini_comp_s2w_17501_v4.png,A < B,1,3,0,no,2025-11-02T22:59:36.358805+00:00,T000082,17501::gemini_comp_s2w_17501_v2.png>>gemini_comp_s2w_17501_v4.png::T000082,,4179,1680,842
17501::gemini_comp_s2w_17501_v3.png||gemini_comp_s2w_17501_v4.png,17501,gemini_comp_s2w_17501_v3.png,gemini_comp_s2w_17501_v4.png,A < B,1,"3,3",0,no,2025-11-02T22:59:18.532802+00:00,T000083,17501::gemini_comp_s2w_17501_v3.png>>gemini_comp_s2w_17501_v4.png::T000083,,21977,1680,842
18056::gemini_comp_s2w_18056_v1.png||gemini_comp_s2w_18056_v2.png,18056,gemini_comp_s2w_18056_v1.png,gemini_comp_s2w_18056_v2.png,A < B,1,3,0,no,2025-11-02T23:00:21.151817+00:00,T000084,18056::gemini_comp_s2w_18056_v1.png>>gemini_comp_s2w_18056_v2.png::T000084,,3493,1680,842
18056::gemini_comp_s2w_18056_v1.png||gemini_comp_s2w_18056_v3.png,18056,gemini_comp_s2w_18056_v1.png,gemini_comp_s2w_18056_v3.png,A > B,-1,2,0,no,2025-11-02T23:00:25.881247+00:00,T000085,18056::gemini_comp_s2w_18056_v1.png>>gemini_comp_s2w_18056_v3.png::T000085,,2724,1680,842
18056::gemini_comp_s2w_18056_v1.png||gemini_comp_s2w_18056_v4.png,18056,gemini_comp_s2w_18056_v1.png,gemini_comp_s2w_18056_v4.png,A > B,-1,2,0,no,2025-11-02T23:00:40.756678+00:00,T000086,18056::gemini_comp_s2w_18056_v1.png>>gemini_comp_s2w_18056_v4.png::T000086,,3779,1680,842
18056::gemini_comp_s2w_18056_v2.png||gemini_comp_s2w_18056_v3.png,18056,gemini_comp_s2w_18056_v2.png,gemini_comp_s2w_18056_v3.png,A > B,-1,2,0,no,2025-11-02T23:00:16.835971+00:00,T000087,18056::gemini_comp_s2w_18056_v2.png>>gemini_comp_s2w_18056_v3.png::T000087,,2781,1680,842
18056::gemini_comp_s2w_18056_v2.png||gemini_comp_s2w_18056_v4.png,18056,gemini_comp_s2w_18056_v2.png,gemini_comp_s2w_18056_v4.png,A > B,-1,2,0,no,2025-11-02T23:00:33.224347+00:00,T000088,18056::gemini_comp_s2w_18056_v2.png>>gemini_comp_s2w_18056_v4.png::T000088,,3652,1680,842
18056::gemini_comp_s2w_18056_v3.png||gemini_comp_s2w_18056_v4.png,18056,gemini_comp_s2w_18056_v3.png,gemini_comp_s2w_18056_v4.png,A < B,1,3,0,no,2025-11-02T23:00:12.837669+00:00,T000089,18056::gemini_comp_s2w_18056_v3.png>>gemini_comp_s2w_18056_v4.png::T000089,,11755,1680,842
1897::gemini_comp_s2w_1897_v1.png||gemini_comp_s2w_1897_v2.png,1897,gemini_comp_s2w_1897_v1.png,gemini_comp_s2w_1897_v2.png,A < B,1,3,0,no,2025-11-02T23:00:57.002657+00:00,T000090,1897::gemini_comp_s2w_1897_v1.png>>gemini_comp_s2w_1897_v2.png::T000090,,4454,1680,842
1897::gemini_comp_s2w_1897_v1.png||gemini_comp_s2w_1897_v3.png,1897,gemini_comp_s2w_1897_v1.png,gemini_comp_s2w_1897_v3.png,A < B,1,3,0,no,2025-11-02T23:01:26.756878+00:00,T000091,1897::gemini_comp_s2w_1897_v1.png>>gemini_comp_s2w_1897_v3.png::T000091,,2893,1680,842
1897::gemini_comp_s2w_1897_v1.png||gemini_comp_s2w_1897_v4.png,1897,gemini_comp_s2w_1897_v1.png,gemini_comp_s2w_1897_v4.png,A < B,1,3,0,no,2025-11-02T23:01:37.469515+00:00,T000092,1897::gemini_comp_s2w_1897_v1.png>>gemini_comp_s2w_1897_v4.png::T000092,,6911,1680,842
1897::gemini_comp_s2w_1897_v2.png||gemini_comp_s2w_1897_v3.png,1897,gemini_comp_s2w_1897_v2.png,gemini_comp_s2w_1897_v3.png,A > B,-1,"1,2,2",1,no,2025-11-02T23:01:22.388800+00:00,T000093,1897::gemini_comp_s2w_1897_v2.png>>gemini_comp_s2w_1897_v3.png::T000093,,1986,1680,842
1897::gemini_comp_s2w_1897_v2.png||gemini_comp_s2w_1897_v4.png,1897,gemini_comp_s2w_1897_v2.png,gemini_comp_s2w_1897_v4.png,A < B,1,3,0,no,2025-11-02T23:00:51.022752+00:00,T000094,1897::gemini_comp_s2w_1897_v2.png>>gemini_comp_s2w_1897_v4.png::T000094,,7999,1680,842
1897::gemini_comp_s2w_1897_v3.png||gemini_comp_s2w_1897_v4.png,1897,gemini_comp_s2w_1897_v3.png,gemini_comp_s2w_1897_v4.png,A >> B,-2,1,0,no,2025-11-02T23:01:06.573142+00:00,T000095,1897::gemini_comp_s2w_1897_v3.png>>gemini_comp_s2w_1897_v4.png::T000095,,7318,1680,842
19961::gemini_comp_s2w_19961_v1.png||gemini_comp_s2w_19961_v2.png,19961,gemini_comp_s2w_19961_v1.png,gemini_comp_s2w_19961_v2.png,A > B,-1,2,0,no,2025-11-02T23:02:26.510769+00:00,T000096,19961::gemini_comp_s2w_19961_v1.png>>gemini_comp_s2w_19961_v2.png::T000096,,4474,1680,842
19961::gemini_comp_s2w_19961_v1.png||gemini_comp_s2w_19961_v3.png,19961,gemini_comp_s2w_19961_v1.png,gemini_comp_s2w_19961_v3.png,A > B,-1,2,0,no,2025-11-02T23:02:20.358915+00:00,T000097,19961::gemini_comp_s2w_19961_v1.png>>gemini_comp_s2w_19961_v3.png::T000097,,4521,1680,842
19961::gemini_comp_s2w_19961_v1.png||gemini_comp_s2w_19961_v4.png,19961,gemini_comp_s2w_19961_v1.png,gemini_comp_s2w_19961_v4.png,A > B,-1,2,0,no,2025-11-02T23:01:44.476140+00:00,T000098,19961::gemini_comp_s2w_19961_v1.png>>gemini_comp_s2w_19961_v4.png::T000098,,5246,1680,842
19961::gemini_comp_s2w_19961_v2.png||gemini_comp_s2w_19961_v3.png,19961,gemini_comp_s2w_19961_v2.png,gemini_comp_s2w_19961_v3.png,A < B,1,3,0,no,2025-11-02T23:02:05.006354+00:00,T000099,19961::gemini_comp_s2w_19961_v2.png>>gemini_comp_s2w_19961_v3.png::T000099,,7155,1680,842
19961::gemini_comp_s2w_19961_v2.png||gemini_comp_s2w_19961_v4.png,19961,gemini_comp_s2w_19961_v2.png,gemini_comp_s2w_19961_v4.png,A > B,-1,2,0,no,2025-11-02T23:01:53.650428+00:00,T000100,19961::gemini_comp_s2w_19961_v2.png>>gemini_comp_s2w_19961_v4.png::T000100,,5236,1680,842
19961::gemini_comp_s2w_19961_v3.png||gemini_comp_s2w_19961_v4.png,19961,gemini_comp_s2w_19961_v3.png,gemini_comp_s2w_19961_v4.png,A > B,-1,2,0,no,2025-11-02T23:02:14.627065+00:00,T000101,19961::gemini_comp_s2w_19961_v3.png>>gemini_comp_s2w_19961_v4.png::T000101,,4037,1680,842
22170::gpt_comp_s2w_22170_v1.png||gpt_comp_s2w_22170_v2.png,22170,gpt_comp_s2w_22170_v1.png,gpt_comp_s2w_22170_v2.png,A > B,-1,2,0,no,2025-11-02T23:03:03.698397+00:00,T000102,22170::gpt_comp_s2w_22170_v1.png>>gpt_comp_s2w_22170_v2.png::T000102,,7085,1680,842
22170::gpt_comp_s2w_22170_v1.png||gpt_comp_s2w_22170_v3.png,22170,gpt_comp_s2w_22170_v1.png,gpt_comp_s2w_22170_v3.png,A < B,1,3,0,no,2025-11-02T23:02:47.610528+00:00,T000103,22170::gpt_comp_s2w_22170_v1.png>>gpt_comp_s2w_22170_v3.png::T000103,,7311,1680,842
22170::gpt_comp_s2w_22170_v1.png||gpt_comp_s2w_22170_v4.png,22170,gpt_comp_s2w_22170_v1.png,gpt_comp_s2w_22170_v4.png,A < B,1,3,0,no,2025-11-02T23:03:09.521826+00:00,T000104,22170::gpt_comp_s2w_22170_v1.png>>gpt_comp_s2w_22170_v4.png::T000104,,4489,1680,842
22170::gpt_comp_s2w_22170_v2.png||gpt_comp_s2w_22170_v3.png,22170,gpt_comp_s2w_22170_v2.png,gpt_comp_s2w_22170_v3.png,A < B,1,3,0,no,2025-11-02T23:02:31.938281+00:00,T000105,22170::gpt_comp_s2w_22170_v2.png>>gpt_comp_s2w_22170_v3.png::T000105,,4128,1680,842
22170::gpt_comp_s2w_22170_v2.png||gpt_comp_s2w_22170_v4.png,22170,gpt_comp_s2w_22170_v2.png,gpt_comp_s2w_22170_v4.png,A < B,1,3,0,no,2025-11-02T23:02:55.305343+00:00,T000106,22170::gpt_comp_s2w_22170_v2.png>>gpt_comp_s2w_22170_v4.png::T000106,,6602,1680,842
22170::gpt_comp_s2w_22170_v3.png||gpt_comp_s2w_22170_v4.png,22170,gpt_comp_s2w_22170_v3.png,gpt_comp_s2w_22170_v4.png,A < B,1,3,0,no,2025-11-02T23:03:21.701017+00:00,T000107,22170::gpt_comp_s2w_22170_v3.png>>gpt_comp_s2w_22170_v4.png::T000107,,9773,1680,842
22437::gpt_comp_s2w_22437_v1.png||gpt_comp_s2w_22437_v2.png,22437,gpt_comp_s2w_22437_v1.png,gpt_comp_s2w_22437_v2.png,A < B,1,3,0,no,2025-11-02T23:03:56.604069+00:00,T000108,22437::gpt_comp_s2w_22437_v1.png>>gpt_comp_s2w_22437_v2.png::T000108,,3918,1680,842
22437::gpt_comp_s2w_22437_v1.png||gpt_comp_s2w_22437_v3.png,22437,gpt_comp_s2w_22437_v1.png,gpt_comp_s2w_22437_v3.png,A > B,-1,2,0,no,2025-11-02T23:03:46.694728+00:00,T000109,22437::gpt_comp_s2w_22437_v1.png>>gpt_comp_s2w_22437_v3.png::T000109,,4748,1680,842
22437::gpt_comp_s2w_22437_v1.png||gpt_comp_s2w_22437_v4.png,22437,gpt_comp_s2w_22437_v1.png,gpt_comp_s2w_22437_v4.png,A < B,1,3,0,no,2025-11-02T23:04:08.050628+00:00,T000110,22437::gpt_comp_s2w_22437_v1.png>>gpt_comp_s2w_22437_v4.png::T000110,,10208,1680,842
22437::gpt_comp_s2w_22437_v2.png||gpt_comp_s2w_22437_v3.png,22437,gpt_comp_s2w_22437_v2.png,gpt_comp_s2w_22437_v3.png,A > B,-1,2,0,no,2025-11-02T23:03:51.669644+00:00,T000111,22437::gpt_comp_s2w_22437_v2.png>>gpt_comp_s2w_22437_v3.png::T000111,,3858,1680,842
22437::gpt_comp_s2w_22437_v2.png||gpt_comp_s2w_22437_v4.png,22437,gpt_comp_s2w_22437_v2.png,gpt_comp_s2w_22437_v4.png,A < B,1,3,0,no,2025-11-02T23:03:34.480918+00:00,T000112,22437::gpt_comp_s2w_22437_v2.png>>gpt_comp_s2w_22437_v4.png::T000112,,10816,1680,842
22437::gpt_comp_s2w_22437_v3.png||gpt_comp_s2w_22437_v4.png,22437,gpt_comp_s2w_22437_v3.png,gpt_comp_s2w_22437_v4.png,A < B,1,3,0,no,2025-11-02T23:03:39.335412+00:00,T000113,22437::gpt_comp_s2w_22437_v3.png>>gpt_comp_s2w_22437_v4.png::T000113,,3986,1680,842
24695::gemini_comp_s2w_24695_v1.png||gemini_comp_s2w_24695_v2.png,24695,gemini_comp_s2w_24695_v1.png,gemini_comp_s2w_24695_v2.png,A > B,-1,2,0,no,2025-11-02T23:05:01.149736+00:00,T000114,24695::gemini_comp_s2w_24695_v1.png>>gemini_comp_s2w_24695_v2.png::T000114,,12853,1680,842
24695::gemini_comp_s2w_24695_v1.png||gemini_comp_s2w_24695_v3.png,24695,gemini_comp_s2w_24695_v1.png,gemini_comp_s2w_24695_v3.png,A > B,-1,2,0,no,2025-11-02T23:05:21.292712+00:00,T000115,24695::gemini_comp_s2w_24695_v1.png>>gemini_comp_s2w_24695_v3.png::T000115,,1512,1680,842
24695::gemini_comp_s2w_24695_v1.png||gemini_comp_s2w_24695_v4.png,24695,gemini_comp_s2w_24695_v1.png,gemini_comp_s2w_24695_v4.png,A < B,1,3,0,no,2025-11-02T23:05:44.242649+00:00,T000116,24695::gemini_comp_s2w_24695_v1.png>>gemini_comp_s2w_24695_v4.png::T000116,,22148,1680,842
24695::gemini_comp_s2w_24695_v2.png||gemini_comp_s2w_24695_v3.png,24695,gemini_comp_s2w_24695_v2.png,gemini_comp_s2w_24695_v3.png,A >> B,-2,1,0,no,2025-11-02T23:04:47.165931+00:00,T000117,24695::gemini_comp_s2w_24695_v2.png>>gemini_comp_s2w_24695_v3.png::T000117,,16249,1680,842
24695::gemini_comp_s2w_24695_v2.png||gemini_comp_s2w_24695_v4.png,24695,gemini_comp_s2w_24695_v2.png,gemini_comp_s2w_24695_v4.png,A < B,1,3,0,no,2025-11-02T23:05:07.181910+00:00,T000118,24695::gemini_comp_s2w_24695_v2.png>>gemini_comp_s2w_24695_v4.png::T000118,,5226,1680,842
24695::gemini_comp_s2w_24695_v3.png||gemini_comp_s2w_24695_v4.png,24695,gemini_comp_s2w_24695_v3.png,gemini_comp_s2w_24695_v4.png,A < B,1,3,0,no,2025-11-02T23:04:30.087380+00:00,T000119,24695::gemini_comp_s2w_24695_v3.png>>gemini_comp_s2w_24695_v4.png::T000119,,20870,1680,842
25181::gemini_comp_s2w_25181_v1.png||gemini_comp_s2w_25181_v2.png,25181,gemini_comp_s2w_25181_v1.png,gemini_comp_s2w_25181_v2.png,A > B,-1,2,0,no,2025-11-02T23:07:19.964078+00:00,T000120,25181::gemini_comp_s2w_25181_v1.png>>gemini_comp_s2w_25181_v2.png::T000120,,18807,1680,842
25181::gemini_comp_s2w_25181_v1.png||gemini_comp_s2w_25181_v3.png,25181,gemini_comp_s2w_25181_v1.png,gemini_comp_s2w_25181_v3.png,A > B,-1,2,0,no,2025-11-02T23:06:18.677160+00:00,T000121,25181::gemini_comp_s2w_25181_v1.png>>gemini_comp_s2w_25181_v3.png::T000121,,16784,1680,842
25181::gemini_comp_s2w_25181_v1.png||gemini_comp_s2w_25181_v4.png,25181,gemini_comp_s2w_25181_v1.png,gemini_comp_s2w_25181_v4.png,A > B,-1,2,0,no,2025-11-02T23:06:51.840286+00:00,T000122,25181::gemini_comp_s2w_25181_v1.png>>gemini_comp_s2w_25181_v4.png::T000122,,27511,1680,842
25181::gemini_comp_s2w_25181_v2.png||gemini_comp_s2w_25181_v3.png,25181,gemini_comp_s2w_25181_v2.png,gemini_comp_s2w_25181_v3.png,A >> B,-2,"2,1",1,no,2025-11-02T23:06:23.502422+00:00,T000123,25181::gemini_comp_s2w_25181_v2.png>>gemini_comp_s2w_25181_v3.png::T000123,,1123,1680,842
25181::gemini_comp_s2w_25181_v2.png||gemini_comp_s2w_25181_v4.png,25181,gemini_comp_s2w_25181_v2.png,gemini_comp_s2w_25181_v4.png,A < B,1,3,0,no,2025-11-02T23:05:57.163395+00:00,T000124,25181::gemini_comp_s2w_25181_v2.png>>gemini_comp_s2w_25181_v4.png::T000124,,11810,1680,842
25181::gemini_comp_s2w_25181_v3.png||gemini_comp_s2w_25181_v4.png,25181,gemini_comp_s2w_25181_v3.png,gemini_comp_s2w_25181_v4.png,A < B,1,3,0,no,2025-11-02T23:06:01.085680+00:00,T000125,25181::gemini_comp_s2w_25181_v3.png>>gemini_comp_s2w_25181_v4.png::T000125,,2126,1680,842
25572::gpt_comp_s2w_25572_v1.png||gpt_comp_s2w_25572_v2.png,25572,gpt_comp_s2w_25572_v1.png,gpt_comp_s2w_25572_v2.png,A < B,1,3,0,no,2025-11-02T23:07:59.631887+00:00,T000126,25572::gpt_comp_s2w_25572_v1.png>>gpt_comp_s2w_25572_v2.png::T000126,,4003,1680,842
25572::gpt_comp_s2w_25572_v1.png||gpt_comp_s2w_25572_v3.png,25572,gpt_comp_s2w_25572_v1.png,gpt_comp_s2w_25572_v3.png,A < B,1,3,0,no,2025-11-02T23:07:54.548075+00:00,T000127,25572::gpt_comp_s2w_25572_v1.png>>gpt_comp_s2w_25572_v3.png::T000127,,6659,1680,842
25572::gpt_comp_s2w_25572_v1.png||gpt_comp_s2w_25572_v4.png,25572,gpt_comp_s2w_25572_v1.png,gpt_comp_s2w_25572_v4.png,A < B,1,3,0,no,2025-11-02T23:08:14.978760+00:00,T000128,25572::gpt_comp_s2w_25572_v1.png>>gpt_comp_s2w_25572_v4.png::T000128,,14527,1680,842
25572::gpt_comp_s2w_25572_v2.png||gpt_comp_s2w_25572_v3.png,25572,gpt_comp_s2w_25572_v2.png,gpt_comp_s2w_25572_v3.png,A >> B,-2,1,0,no,2025-11-02T23:07:46.386150+00:00,T000129,25572::gpt_comp_s2w_25572_v2.png>>gpt_comp_s2w_25572_v3.png::T000129,,25581,1680,842
25572::gpt_comp_s2w_25572_v2.png||gpt_comp_s2w_25572_v4.png,25572,gpt_comp_s2w_25572_v2.png,gpt_comp_s2w_25572_v4.png,A < B,1,3,0,no,2025-11-02T23:09:02.819764+00:00,T000130,25572::gpt_comp_s2w_25572_v2.png>>gpt_comp_s2w_25572_v4.png::T000130,,2555,1680,842
25572::gpt_comp_s2w_25572_v3.png||gpt_comp_s2w_25572_v4.png,25572,gpt_comp_s2w_25572_v3.png,gpt_comp_s2w_25572_v4.png,A < B,1,3,0,no,2025-11-02T23:08:59.150486+00:00,T000131,25572::gpt_comp_s2w_25572_v3.png>>gpt_comp_s2w_25572_v4.png::T000131,,25689,1680,842
25792::gemini_comp_s2w_25792_v1.png||gemini_comp_s2w_25792_v2.png,25792,gemini_comp_s2w_25792_v1.png,gemini_comp_s2w_25792_v2.png,A > B,-1,2,0,no,2025-11-02T23:09:17.015128+00:00,T000132,25792::gemini_comp_s2w_25792_v1.png>>gemini_comp_s2w_25792_v2.png::T000132,,7933,1680,842
25792::gemini_comp_s2w_25792_v1.png||gemini_comp_s2w_25792_v3.png,25792,gemini_comp_s2w_25792_v1.png,gemini_comp_s2w_25792_v3.png,A > B,-1,2,0,no,2025-11-02T23:09:24.971732+00:00,T000133,25792::gemini_comp_s2w_25792_v1.png>>gemini_comp_s2w_25792_v3.png::T000133,,2441,1680,842
25792::gemini_comp_s2w_25792_v1.png||gemini_comp_s2w_25792_v4.png,25792,gemini_comp_s2w_25792_v1.png,gemini_comp_s2w_25792_v4.png,A > B,-1,2,0,no,2025-11-02T23:09:07.908641+00:00,T000134,25792::gemini_comp_s2w_25792_v1.png>>gemini_comp_s2w_25792_v4.png::T000134,,4216,1680,842
25792::gemini_comp_s2w_25792_v2.png||gemini_comp_s2w_25792_v3.png,25792,gemini_comp_s2w_25792_v2.png,gemini_comp_s2w_25792_v3.png,A > B,-1,2,0,no,2025-11-02T23:09:31.994954+00:00,T000135,25792::gemini_comp_s2w_25792_v2.png>>gemini_comp_s2w_25792_v3.png::T000135,,5935,1680,842
25792::gemini_comp_s2w_25792_v2.png||gemini_comp_s2w_25792_v4.png,25792,gemini_comp_s2w_25792_v2.png,gemini_comp_s2w_25792_v4.png,A > B,-1,2,0,no,2025-11-02T23:09:34.506773+00:00,T000136,25792::gemini_comp_s2w_25792_v2.png>>gemini_comp_s2w_25792_v4.png::T000136,,1492,1680,842
25792::gemini_comp_s2w_25792_v3.png||gemini_comp_s2w_25792_v4.png,25792,gemini_comp_s2w_25792_v3.png,gemini_comp_s2w_25792_v4.png,A > B,-1,2,0,no,2025-11-02T23:09:21.372729+00:00,T000137,25792::gemini_comp_s2w_25792_v3.png>>gemini_comp_s2w_25792_v4.png::T000137,,3483,1680,842
26367::gpt_comp_s2w_26367_v1.png||gpt_comp_s2w_26367_v2.png,26367,gpt_comp_s2w_26367_v1.png,gpt_comp_s2w_26367_v2.png,A < B,1,3,0,no,2025-11-02T23:09:53.655411+00:00,T000138,26367::gpt_comp_s2w_26367_v1.png>>gpt_comp_s2w_26367_v2.png::T000138,,2526,1680,842
26367::gpt_comp_s2w_26367_v1.png||gpt_comp_s2w_26367_v3.png,26367,gpt_comp_s2w_26367_v1.png,gpt_comp_s2w_26367_v3.png,A >> B,-2,1,0,no,2025-11-02T23:09:59.925285+00:00,T000139,26367::gpt_comp_s2w_26367_v1.png>>gpt_comp_s2w_26367_v3.png::T000139,,5162,1680,842
26367::gpt_comp_s2w_26367_v1.png||gpt_comp_s2w_26367_v4.png,26367,gpt_comp_s2w_26367_v1.png,gpt_comp_s2w_26367_v4.png,A > B,-1,2,0,no,2025-11-02T23:09:50.318468+00:00,T000140,26367::gpt_comp_s2w_26367_v1.png>>gpt_comp_s2w_26367_v4.png::T000140,,2536,1680,842
26367::gpt_comp_s2w_26367_v2.png||gpt_comp_s2w_26367_v3.png,26367,gpt_comp_s2w_26367_v2.png,gpt_comp_s2w_26367_v3.png,A > B,-1,2,0,no,2025-11-02T23:09:46.853065+00:00,T000141,26367::gpt_comp_s2w_26367_v2.png>>gpt_comp_s2w_26367_v3.png::T000141,,4490,1680,842
26367::gpt_comp_s2w_26367_v2.png||gpt_comp_s2w_26367_v4.png,26367,gpt_comp_s2w_26367_v2.png,gpt_comp_s2w_26367_v4.png,A > B,-1,2,0,no,2025-11-02T23:09:41.433836+00:00,T000142,26367::gpt_comp_s2w_26367_v2.png>>gpt_comp_s2w_26367_v4.png::T000142,,5643,1680,842
26367::gpt_comp_s2w_26367_v3.png||gpt_comp_s2w_26367_v4.png,26367,gpt_comp_s2w_26367_v3.png,gpt_comp_s2w_26367_v4.png,A << B,2,4,0,no,2025-11-02T23:10:04.886081+00:00,T000143,26367::gpt_comp_s2w_26367_v3.png>>gpt_comp_s2w_26367_v4.png::T000143,,4159,1680,842
26818::gemini_comp_s2w_26818_v1.png||gemini_comp_s2w_26818_v2.png,26818,gemini_comp_s2w_26818_v1.png,gemini_comp_s2w_26818_v2.png,A < B,1,3,0,no,2025-11-02T23:11:09.506866+00:00,T000144,26818::gemini_comp_s2w_26818_v1.png>>gemini_comp_s2w_26818_v2.png::T000144,,9099,1680,842
26818::gemini_comp_s2w_26818_v1.png||gemini_comp_s2w_26818_v3.png,26818,gemini_comp_s2w_26818_v1.png,gemini_comp_s2w_26818_v3.png,A << B,2,4,0,no,2025-11-02T23:10:10.428646+00:00,T000145,26818::gemini_comp_s2w_26818_v1.png>>gemini_comp_s2w_26818_v3.png::T000145,,4720,1680,842
26818::gemini_comp_s2w_26818_v1.png||gemini_comp_s2w_26818_v4.png,26818,gemini_comp_s2w_26818_v1.png,gemini_comp_s2w_26818_v4.png,A < B,1,3,0,no,2025-11-02T23:10:59.423255+00:00,T000146,26818::gemini_comp_s2w_26818_v1.png>>gemini_comp_s2w_26818_v4.png::T000146,,1921,1680,842
26818::gemini_comp_s2w_26818_v2.png||gemini_comp_s2w_26818_v3.png,26818,gemini_comp_s2w_26818_v2.png,gemini_comp_s2w_26818_v3.png,A > B,-1,2,0,no,2025-11-02T23:10:33.824770+00:00,T000147,26818::gemini_comp_s2w_26818_v2.png>>gemini_comp_s2w_26818_v3.png::T000147,,15739,1680,842
26818::gemini_comp_s2w_26818_v2.png||gemini_comp_s2w_26818_v4.png,26818,gemini_comp_s2w_26818_v2.png,gemini_comp_s2w_26818_v4.png,A > B,-1,2,0,no,2025-11-02T23:10:14.157329+00:00,T000148,26818::gemini_comp_s2w_26818_v2.png>>gemini_comp_s2w_26818_v4.png::T000148,,2905,1680,842
26818::gemini_comp_s2w_26818_v3.png||gemini_comp_s2w_26818_v4.png,26818,gemini_comp_s2w_26818_v3.png,gemini_comp_s2w_26818_v4.png,A > B,-1,2,0,no,2025-11-02T23:10:17.192327+00:00,T000149,26818::gemini_comp_s2w_26818_v3.png>>gemini_comp_s2w_26818_v4.png::T000149,,2220,1680,842
27282::gemini_comp_s2w_27282_v1.png||gemini_comp_s2w_27282_v2.png,27282,gemini_comp_s2w_27282_v1.png,gemini_comp_s2w_27282_v2.png,A < B,1,3,0,no,2025-11-02T23:12:00.957000+00:00,T000150,27282::gemini_comp_s2w_27282_v1.png>>gemini_comp_s2w_27282_v2.png::T000150,,1913,1680,842
27282::gemini_comp_s2w_27282_v1.png||gemini_comp_s2w_27282_v3.png,27282,gemini_comp_s2w_27282_v1.png,gemini_comp_s2w_27282_v3.png,A < B,1,3,0,no,2025-11-02T23:11:27.603004+00:00,T000151,27282::gemini_comp_s2w_27282_v1.png>>gemini_comp_s2w_27282_v3.png::T000151,,17280,1680,842
27282::gemini_comp_s2w_27282_v1.png||gemini_comp_s2w_27282_v4.png,27282,gemini_comp_s2w_27282_v1.png,gemini_comp_s2w_27282_v4.png,A << B,2,"3,4",1,no,2025-11-02T23:11:37.919857+00:00,T000152,27282::gemini_comp_s2w_27282_v1.png>>gemini_comp_s2w_27282_v4.png::T000152,,1071,1680,842
27282::gemini_comp_s2w_27282_v2.png||gemini_comp_s2w_27282_v3.png,27282,gemini_comp_s2w_27282_v2.png,gemini_comp_s2w_27282_v3.png,A > B,-1,2,0,no,2025-11-02T23:11:51.559580+00:00,T000153,27282::gemini_comp_s2w_27282_v2.png>>gemini_comp_s2w_27282_v3.png::T000153,,4225,1680,842
27282::gemini_comp_s2w_27282_v2.png||gemini_comp_s2w_27282_v4.png,27282,gemini_comp_s2w_27282_v2.png,gemini_comp_s2w_27282_v4.png,A << B,2,4,0,no,2025-11-02T23:11:46.409664+00:00,T000154,27282::gemini_comp_s2w_27282_v2.png>>gemini_comp_s2w_27282_v4.png::T000154,,3422,1680,842
27282::gemini_comp_s2w_27282_v3.png||gemini_comp_s2w_27282_v4.png,27282,gemini_comp_s2w_27282_v3.png,gemini_comp_s2w_27282_v4.png,A < B,1,3,0,no,2025-11-02T23:12:05.991300+00:00,T000155,27282::gemini_comp_s2w_27282_v3.png>>gemini_comp_s2w_27282_v4.png::T000155,,4026,1680,842
27502::gemini_comp_s2w_27502_v1.png||gemini_comp_s2w_27502_v2.png,27502,gemini_comp_s2w_27502_v1.png,gemini_comp_s2w_27502_v2.png,A < B,1,3,0,no,2025-11-02T23:14:23.638389+00:00,T000156,27502::gemini_comp_s2w_27502_v1.png>>gemini_comp_s2w_27502_v2.png::T000156,,3038,1680,842
27502::gemini_comp_s2w_27502_v1.png||gemini_comp_s2w_27502_v3.png,27502,gemini_comp_s2w_27502_v1.png,gemini_comp_s2w_27502_v3.png,A < B,1,3,0,no,2025-11-02T23:12:15.745944+00:00,T000157,27502::gemini_comp_s2w_27502_v1.png>>gemini_comp_s2w_27502_v3.png::T000157,,8965,1680,842
27502::gemini_comp_s2w_27502_v1.png||gemini_comp_s2w_27502_v4.png,27502,gemini_comp_s2w_27502_v1.png,gemini_comp_s2w_27502_v4.png,A > B,-1,2,0,no,2025-11-02T23:14:19.287798+00:00,T000158,27502::gemini_comp_s2w_27502_v1.png>>gemini_comp_s2w_27502_v4.png::T000158,,2153,1680,842
27502::gemini_comp_s2w_27502_v2.png||gemini_comp_s2w_27502_v3.png,27502,gemini_comp_s2w_27502_v2.png,gemini_comp_s2w_27502_v3.png,A < B,1,3,0,no,2025-11-02T23:12:21.497882+00:00,T000159,27502::gemini_comp_s2w_27502_v2.png>>gemini_comp_s2w_27502_v3.png::T000159,,4825,1680,842
27502::gemini_comp_s2w_27502_v2.png||gemini_comp_s2w_27502_v4.png,27502,gemini_comp_s2w_27502_v2.png,gemini_comp_s2w_27502_v4.png,A >> B,-2,1,0,no,2025-11-02T23:14:12.878710+00:00,T000160,27502::gemini_comp_s2w_27502_v2.png>>gemini_comp_s2w_27502_v4.png::T000160,,109803,1680,842
27502::gemini_comp_s2w_27502_v3.png||gemini_comp_s2w_27502_v4.png,27502,gemini_comp_s2w_27502_v3.png,gemini_comp_s2w_27502_v4.png,A > B,-1,2,0,no,2025-11-02T23:14:16.342037+00:00,T000161,27502::gemini_comp_s2w_27502_v3.png>>gemini_comp_s2w_27502_v4.png::T000161,,2458,1680,842
28040::gemini_comp_s2w_28040_v1.png||gemini_comp_s2w_28040_v2.png,28040,gemini_comp_s2w_28040_v1.png,gemini_comp_s2w_28040_v2.png,A > B,-1,2,0,no,2025-11-02T23:14:36.369739+00:00,T000162,28040::gemini_comp_s2w_28040_v1.png>>gemini_comp_s2w_28040_v2.png::T000162,,4584,1680,842
28040::gemini_comp_s2w_28040_v1.png||gemini_comp_s2w_28040_v3.png,28040,gemini_comp_s2w_28040_v1.png,gemini_comp_s2w_28040_v3.png,A << B,2,4,0,no,2025-11-02T23:14:40.362157+00:00,T000163,28040::gemini_comp_s2w_28040_v1.png>>gemini_comp_s2w_28040_v3.png::T000163,,3040,1680,842
28040::gemini_comp_s2w_28040_v1.png||gemini_comp_s2w_28040_v4.png,28040,gemini_comp_s2w_28040_v1.png,gemini_comp_s2w_28040_v4.png,A < B,1,3,0,no,2025-11-02T23:14:48.902487+00:00,T000164,28040::gemini_comp_s2w_28040_v1.png>>gemini_comp_s2w_28040_v4.png::T000164,,2699,1680,842
28040::gemini_comp_s2w_28040_v2.png||gemini_comp_s2w_28040_v3.png,28040,gemini_comp_s2w_28040_v2.png,gemini_comp_s2w_28040_v3.png,A < B,1,3,0,no,2025-11-02T23:14:45.364768+00:00,T000165,28040::gemini_comp_s2w_28040_v2.png>>gemini_comp_s2w_28040_v3.png::T000165,,4107,1680,842
28040::gemini_comp_s2w_28040_v2.png||gemini_comp_s2w_28040_v4.png,28040,gemini_comp_s2w_28040_v2.png,gemini_comp_s2w_28040_v4.png,A > B,-1,2,0,no,2025-11-02T23:15:03.292215+00:00,T000166,28040::gemini_comp_s2w_28040_v2.png>>gemini_comp_s2w_28040_v4.png::T000166,,13575,1680,842
28040::gemini_comp_s2w_28040_v3.png||gemini_comp_s2w_28040_v4.png,28040,gemini_comp_s2w_28040_v3.png,gemini_comp_s2w_28040_v4.png,A > B,-1,2,0,no,2025-11-02T23:14:28.941982+00:00,T000167,28040::gemini_comp_s2w_28040_v3.png>>gemini_comp_s2w_28040_v4.png::T000167,,4481,1680,842
28349::gemini_comp_s2w_28349_v1.png||gemini_comp_s2w_28349_v2.png,28349,gemini_comp_s2w_28349_v1.png,gemini_comp_s2w_28349_v2.png,A << B,2,4,0,no,2025-11-02T23:15:20.803206+00:00,T000168,28349::gemini_comp_s2w_28349_v1.png>>gemini_comp_s2w_28349_v2.png::T000168,,3392,1680,842
28349::gemini_comp_s2w_28349_v1.png||gemini_comp_s2w_28349_v3.png,28349,gemini_comp_s2w_28349_v1.png,gemini_comp_s2w_28349_v3.png,A << B,2,4,0,no,2025-11-02T23:15:08.894326+00:00,T000169,28349::gemini_comp_s2w_28349_v1.png>>gemini_comp_s2w_28349_v3.png::T000169,,4725,1680,842
28349::gemini_comp_s2w_28349_v1.png||gemini_comp_s2w_28349_v4.png,28349,gemini_comp_s2w_28349_v1.png,gemini_comp_s2w_28349_v4.png,A < B,1,3,0,no,2025-11-02T23:15:16.623083+00:00,T000170,28349::gemini_comp_s2w_28349_v1.png>>gemini_comp_s2w_28349_v4.png::T000170,,2416,1680,842
28349::gemini_comp_s2w_28349_v2.png||gemini_comp_s2w_28349_v3.png,28349,gemini_comp_s2w_28349_v2.png,gemini_comp_s2w_28349_v3.png,A < B,1,3,0,no,2025-11-02T23:15:42.148822+00:00,T000171,28349::gemini_comp_s2w_28349_v2.png>>gemini_comp_s2w_28349_v3.png::T000171,,3572,1680,842
28349::gemini_comp_s2w_28349_v2.png||gemini_comp_s2w_28349_v4.png,28349,gemini_comp_s2w_28349_v2.png,gemini_comp_s2w_28349_v4.png,A < B,1,"4,3",1,no,2025-11-02T23:15:37.042766+00:00,T000172,28349::gemini_comp_s2w_28349_v2.png>>gemini_comp_s2w_28349_v4.png::T000172,,3404,1680,842
28349::gemini_comp_s2w_28349_v3.png||gemini_comp_s2w_28349_v4.png,28349,gemini_comp_s2w_28349_v3.png,gemini_comp_s2w_28349_v4.png,A > B,-1,2,0,no,2025-11-02T23:15:13.239856+00:00,T000173,28349::gemini_comp_s2w_28349_v3.png>>gemini_comp_s2w_28349_v4.png::T000173,,3538,1680,842
28792::gpt_comp_s2w_28792_v1.png||gpt_comp_s2w_28792_v2.png,28792,gpt_comp_s2w_28792_v1.png,gpt_comp_s2w_28792_v2.png,A > B,-1,"3,2",1,no,2025-11-02T23:16:29.650446+00:00,T000174,28792::gpt_comp_s2w_28792_v1.png>>gpt_comp_s2w_28792_v2.png::T000174,,1312,1680,842
28792::gpt_comp_s2w_28792_v1.png||gpt_comp_s2w_28792_v3.png,28792,gpt_comp_s2w_28792_v1.png,gpt_comp_s2w_28792_v3.png,A < B,1,3,0,no,2025-11-02T23:16:22.449445+00:00,T000175,28792::gpt_comp_s2w_28792_v1.png>>gpt_comp_s2w_28792_v3.png::T000175,,34303,1680,842
28792::gpt_comp_s2w_28792_v1.png||gpt_comp_s2w_28792_v4.png,28792,gpt_comp_s2w_28792_v1.png,gpt_comp_s2w_28792_v4.png,A > B,-1,2,0,no,2025-11-02T23:16:42.494355+00:00,T000176,28792::gpt_comp_s2w_28792_v1.png>>gpt_comp_s2w_28792_v4.png::T000176,,2209,1680,842
28792::gpt_comp_s2w_28792_v2.png||gpt_comp_s2w_28792_v3.png,28792,gpt_comp_s2w_28792_v2.png,gpt_comp_s2w_28792_v3.png,A < B,1,3,0,no,2025-11-02T23:16:25.587204+00:00,T000177,28792::gpt_comp_s2w_28792_v2.png>>gpt_comp_s2w_28792_v3.png::T000177,,2229,1680,842
28792::gpt_comp_s2w_28792_v2.png||gpt_comp_s2w_28792_v4.png,28792,gpt_comp_s2w_28792_v2.png,gpt_comp_s2w_28792_v4.png,A < B,1,3,0,no,2025-11-02T23:15:45.424101+00:00,T000178,28792::gpt_comp_s2w_28792_v2.png>>gpt_comp_s2w_28792_v4.png::T000178,,1928,1680,842
28792::gpt_comp_s2w_28792_v3.png||gpt_comp_s2w_28792_v4.png,28792,gpt_comp_s2w_28792_v3.png,gpt_comp_s2w_28792_v4.png,A > B,-1,2,0,no,2025-11-02T23:16:39.409044+00:00,T000179,28792::gpt_comp_s2w_28792_v3.png>>gpt_comp_s2w_28792_v4.png::T000179,,8922,1680,842
28902::gpt_comp_s2w_28902_v1.png||gpt_comp_s2w_28902_v2.png,28902,gpt_comp_s2w_28902_v1.png,gpt_comp_s2w_28902_v2.png,A < B,1,3,0,no,2025-11-02T23:17:03.029373+00:00,T000180,28902::gpt_comp_s2w_28902_v1.png>>gpt_comp_s2w_28902_v2.png::T000180,,19632,1680,842
28902::gpt_comp_s2w_28902_v1.png||gpt_comp_s2w_28902_v3.png,28902,gpt_comp_s2w_28902_v1.png,gpt_comp_s2w_28902_v3.png,A << B,2,4,0,no,2025-11-02T23:17:14.853944+00:00,T000181,28902::gpt_comp_s2w_28902_v1.png>>gpt_comp_s2w_28902_v3.png::T000181,,2266,1680,842
28902::gpt_comp_s2w_28902_v1.png||gpt_comp_s2w_28902_v4.png,28902,gpt_comp_s2w_28902_v1.png,gpt_comp_s2w_28902_v4.png,A << B,2,"3,4",1,no,2025-11-02T23:17:11.077020+00:00,T000182,28902::gpt_comp_s2w_28902_v1.png>>gpt_comp_s2w_28902_v4.png::T000182,,1369,1680,842
28902::gpt_comp_s2w_28902_v2.png||gpt_comp_s2w_28902_v3.png,28902,gpt_comp_s2w_28902_v2.png,gpt_comp_s2w_28902_v3.png,A < B,1,3,0,no,2025-11-02T23:17:28.348537+00:00,T000183,28902::gpt_comp_s2w_28902_v2.png>>gpt_comp_s2w_28902_v3.png::T000183,,1643,1680,842
28902::gpt_comp_s2w_28902_v2.png||gpt_comp_s2w_28902_v4.png,28902,gpt_comp_s2w_28902_v2.png,gpt_comp_s2w_28902_v4.png,A < B,1,3,0,no,2025-11-02T23:17:21.398822+00:00,T000184,28902::gpt_comp_s2w_28902_v2.png>>gpt_comp_s2w_28902_v4.png::T000184,,5229,1680,842
28902::gpt_comp_s2w_28902_v3.png||gpt_comp_s2w_28902_v4.png,28902,gpt_comp_s2w_28902_v3.png,gpt_comp_s2w_28902_v4.png,A > B,-1,2,0,no,2025-11-02T23:17:25.690493+00:00,T000185,28902::gpt_comp_s2w_28902_v3.png>>gpt_comp_s2w_28902_v4.png::T000185,,2878,1680,842
29179::gemini_comp_s2w_29179_v1.png||gemini_comp_s2w_29179_v2.png,29179,gemini_comp_s2w_29179_v1.png,gemini_comp_s2w_29179_v2.png,A > B,-1,2,0,no,2025-11-02T23:18:05.795893+00:00,T000186,29179::gemini_comp_s2w_29179_v1.png>>gemini_comp_s2w_29179_v2.png::T000186,,6675,1680,842
29179::gemini_comp_s2w_29179_v1.png||gemini_comp_s2w_29179_v3.png,29179,gemini_comp_s2w_29179_v1.png,gemini_comp_s2w_29179_v3.png,A > B,-1,2,0,no,2025-11-02T23:18:08.704853+00:00,T000187,29179::gemini_comp_s2w_29179_v1.png>>gemini_comp_s2w_29179_v3.png::T000187,,2003,1680,842
29179::gemini_comp_s2w_29179_v1.png||gemini_comp_s2w_29179_v4.png,29179,gemini_comp_s2w_29179_v1.png,gemini_comp_s2w_29179_v4.png,A > B,-1,2,0,no,2025-11-02T23:18:14.223679+00:00,T000188,29179::gemini_comp_s2w_29179_v1.png>>gemini_comp_s2w_29179_v4.png::T000188,,4427,1680,842
29179::gemini_comp_s2w_29179_v2.png||gemini_comp_s2w_29179_v3.png,29179,gemini_comp_s2w_29179_v2.png,gemini_comp_s2w_29179_v3.png,A > B,-1,"3,2",1,no,2025-11-02T23:17:46.747397+00:00,T000189,29179::gemini_comp_s2w_29179_v2.png>>gemini_comp_s2w_29179_v3.png::T000189,,8313,1680,842
29179::gemini_comp_s2w_29179_v2.png||gemini_comp_s2w_29179_v4.png,29179,gemini_comp_s2w_29179_v2.png,gemini_comp_s2w_29179_v4.png,A < B,1,3,0,no,2025-11-02T23:17:58.247307+00:00,T000190,29179::gemini_comp_s2w_29179_v2.png>>gemini_comp_s2w_29179_v4.png::T000190,,5022,1680,842
29179::gemini_comp_s2w_29179_v3.png||gemini_comp_s2w_29179_v4.png,29179,gemini_comp_s2w_29179_v3.png,gemini_comp_s2w_29179_v4.png,A < B,1,3,0,no,2025-11-02T23:17:52.435643+00:00,T000191,29179::gemini_comp_s2w_29179_v3.png>>gemini_comp_s2w_29179_v4.png::T000191,,4576,1680,842
2962::gpt_comp_s2w_2962_v1.png||gpt_comp_s2w_2962_v2.png,2962,gpt_comp_s2w_2962_v1.png,gpt_comp_s2w_2962_v2.png,A < B,1,3,0,no,2025-11-02T23:18:25.794343+00:00,T000192,2962::gpt_comp_s2w_2962_v1.png>>gpt_comp_s2w_2962_v2.png::T000192,,4476,1680,842
2962::gpt_comp_s2w_2962_v1.png||gpt_comp_s2w_2962_v3.png,2962,gpt_comp_s2w_2962_v1.png,gpt_comp_s2w_2962_v3.png,A > B,-1,2,0,no,2025-11-02T23:18:35.264849+00:00,T000193,2962::gpt_comp_s2w_2962_v1.png>>gpt_comp_s2w_2962_v3.png::T000193,,2262,1680,842
2962::gpt_comp_s2w_2962_v1.png||gpt_comp_s2w_2962_v4.png,2962,gpt_comp_s2w_2962_v1.png,gpt_comp_s2w_2962_v4.png,A > B,-1,2,0,no,2025-11-02T23:18:20.113495+00:00,T000194,2962::gpt_comp_s2w_2962_v1.png>>gpt_comp_s2w_2962_v4.png::T000194,,4344,1680,842
2962::gpt_comp_s2w_2962_v2.png||gpt_comp_s2w_2962_v3.png,2962,gpt_comp_s2w_2962_v2.png,gpt_comp_s2w_2962_v3.png,A > B,-1,2,0,no,2025-11-02T23:18:29.668864+00:00,T000195,2962::gpt_comp_s2w_2962_v2.png>>gpt_comp_s2w_2962_v3.png::T000195,,2834,1680,842
2962::gpt_comp_s2w_2962_v2.png||gpt_comp_s2w_2962_v4.png,2962,gpt_comp_s2w_2962_v2.png,gpt_comp_s2w_2962_v4.png,A > B,-1,2,0,no,2025-11-02T23:18:32.089736+00:00,T000196,2962::gpt_comp_s2w_2962_v2.png>>gpt_comp_s2w_2962_v4.png::T000196,,1541,1680,842
2962::gpt_comp_s2w_2962_v3.png||gpt_comp_s2w_2962_v4.png,2962,gpt_comp_s2w_2962_v3.png,gpt_comp_s2w_2962_v4.png,A < B,1,3,0,no,2025-11-02T23:18:43.411371+00:00,T000197,2962::gpt_comp_s2w_2962_v3.png>>gpt_comp_s2w_2962_v4.png::T000197,,7196,1680,842
30987::gemini_comp_s2w_30987_v1.png||gemini_comp_s2w_30987_v2.png,30987,gemini_comp_s2w_30987_v1.png,gemini_comp_s2w_30987_v2.png,A < B,1,3,0,no,2025-11-02T23:19:04.166017+00:00,T000198,30987::gemini_comp_s2w_30987_v1.png>>gemini_comp_s2w_30987_v2.png::T000198,,2592,1680,842
30987::gemini_comp_s2w_30987_v1.png||gemini_comp_s2w_30987_v3.png,30987,gemini_comp_s2w_30987_v1.png,gemini_comp_s2w_30987_v3.png,A << B,2,4,0,no,2025-11-02T23:19:00.099152+00:00,T000199,30987::gemini_comp_s2w_30987_v1.png>>gemini_comp_s2w_30987_v3.png::T000199,,1892,1680,842
30987::gemini_comp_s2w_30987_v1.png||gemini_comp_s2w_30987_v4.png,30987,gemini_comp_s2w_30987_v1.png,gemini_comp_s2w_30987_v4.png,A << B,2,4,0,no,2025-11-02T23:18:47.679761+00:00,T000200,30987::gemini_comp_s2w_30987_v1.png>>gemini_comp_s2w_30987_v4.png::T000200,,3347,1680,842
30987::gemini_comp_s2w_30987_v2.png||gemini_comp_s2w_30987_v3.png,30987,gemini_comp_s2w_30987_v2.png,gemini_comp_s2w_30987_v3.png,A < B,1,3,0,no,2025-11-02T23:18:57.109160+00:00,T000201,30987::gemini_comp_s2w_30987_v2.png>>gemini_comp_s2w_30987_v3.png::T000201,,8086,1680,842
30987::gemini_comp_s2w_30987_v2.png||gemini_comp_s2w_30987_v4.png,30987,gemini_comp_s2w_30987_v2.png,gemini_comp_s2w_30987_v4.png,A < B,1,"4,3",1,no,2025-11-02T23:19:09.505685+00:00,T000202,30987::gemini_comp_s2w_30987_v2.png>>gemini_comp_s2w_30987_v4.png::T000202,,828,1680,842
30987::gemini_comp_s2w_30987_v3.png||gemini_comp_s2w_30987_v4.png,30987,gemini_comp_s2w_30987_v3.png,gemini_comp_s2w_30987_v4.png,A < B,1,3,0,no,2025-11-02T23:19:13.557946+00:00,T000203,30987::gemini_comp_s2w_30987_v3.png>>gemini_comp_s2w_30987_v4.png::T000203,,3189,1680,842
31780::gemini_comp_s2w_31780_v1.png||gemini_comp_s2w_31780_v2.png,31780,gemini_comp_s2w_31780_v1.png,gemini_comp_s2w_31780_v2.png,A << B,2,"3,4",1,no,2025-11-02T23:19:24.691920+00:00,T000204,31780::gemini_comp_s2w_31780_v1.png>>gemini_comp_s2w_31780_v2.png::T000204,,5212,1680,842
31780::gemini_comp_s2w_31780_v1.png||gemini_comp_s2w_31780_v3.png,31780,gemini_comp_s2w_31780_v1.png,gemini_comp_s2w_31780_v3.png,A > B,-1,2,0,no,2025-11-02T23:19:35.482270+00:00,T000205,31780::gemini_comp_s2w_31780_v1.png>>gemini_comp_s2w_31780_v3.png::T000205,,5373,1680,842
31780::gemini_comp_s2w_31780_v1.png||gemini_comp_s2w_31780_v4.png,31780,gemini_comp_s2w_31780_v1.png,gemini_comp_s2w_31780_v4.png,A < B,1,3,0,no,2025-11-02T23:19:47.259854+00:00,T000206,31780::gemini_comp_s2w_31780_v1.png>>gemini_comp_s2w_31780_v4.png::T000206,,1245,1680,842
31780::gemini_comp_s2w_31780_v2.png||gemini_comp_s2w_31780_v3.png,31780,gemini_comp_s2w_31780_v2.png,gemini_comp_s2w_31780_v3.png,A >> B,-2,1,0,no,2025-11-02T23:19:28.713882+00:00,T000207,31780::gemini_comp_s2w_31780_v2.png>>gemini_comp_s2w_31780_v3.png::T000207,,2857,1680,842
31780::gemini_comp_s2w_31780_v2.png||gemini_comp_s2w_31780_v4.png,31780,gemini_comp_s2w_31780_v2.png,gemini_comp_s2w_31780_v4.png,A > B,-1,2,0,no,2025-11-02T23:19:38.822096+00:00,T000208,31780::gemini_comp_s2w_31780_v2.png>>gemini_comp_s2w_31780_v4.png::T000208,,1491,1680,842
31780::gemini_comp_s2w_31780_v3.png||gemini_comp_s2w_31780_v4.png,31780,gemini_comp_s2w_31780_v3.png,gemini_comp_s2w_31780_v4.png,A < B,1,3,0,no,2025-11-02T23:19:44.772947+00:00,T000209,31780::gemini_comp_s2w_31780_v3.png>>gemini_comp_s2w_31780_v4.png::T000209,,2322,1680,842
32234::gemini_comp_s2w_32234_v1.png||gemini_comp_s2w_32234_v2.png,32234,gemini_comp_s2w_32234_v1.png,gemini_comp_s2w_32234_v2.png,A > B,-1,2,0,no,2025-11-02T23:20:09.905912+00:00,T000210,32234::gemini_comp_s2w_32234_v1.png>>gemini_comp_s2w_32234_v2.png::T000210,,2275,1680,842
32234::gemini_comp_s2w_32234_v1.png||gemini_comp_s2w_32234_v3.png,32234,gemini_comp_s2w_32234_v1.png,gemini_comp_s2w_32234_v3.png,A > B,-1,2,0,no,2025-11-02T23:20:02.692889+00:00,T000211,32234::gemini_comp_s2w_32234_v1.png>>gemini_comp_s2w_32234_v3.png::T000211,,3427,1680,842
32234::gemini_comp_s2w_32234_v1.png||gemini_comp_s2w_32234_v4.png,32234,gemini_comp_s2w_32234_v1.png,gemini_comp_s2w_32234_v4.png,A > B,-1,2,0,no,2025-11-02T23:20:06.608918+00:00,T000212,32234::gemini_comp_s2w_32234_v1.png>>gemini_comp_s2w_32234_v4.png::T000212,,2202,1680,842
32234::gemini_comp_s2w_32234_v2.png||gemini_comp_s2w_32234_v3.png,32234,gemini_comp_s2w_32234_v2.png,gemini_comp_s2w_32234_v3.png,A < B,1,3,0,no,2025-11-02T23:19:58.326505+00:00,T000213,32234::gemini_comp_s2w_32234_v2.png>>gemini_comp_s2w_32234_v3.png::T000213,,2423,1680,842
32234::gemini_comp_s2w_32234_v2.png||gemini_comp_s2w_32234_v4.png,32234,gemini_comp_s2w_32234_v2.png,gemini_comp_s2w_32234_v4.png,A > B,-1,2,0,no,2025-11-02T23:19:54.949338+00:00,T000214,32234::gemini_comp_s2w_32234_v2.png>>gemini_comp_s2w_32234_v4.png::T000214,,5769,1680,842
32234::gemini_comp_s2w_32234_v3.png||gemini_comp_s2w_32234_v4.png,32234,gemini_comp_s2w_32234_v3.png,gemini_comp_s2w_32234_v4.png,A > B,-1,2,0,no,2025-11-02T23:21:41.424134+00:00,T000215,32234::gemini_comp_s2w_32234_v3.png>>gemini_comp_s2w_32234_v4.png::T000215,,90300,1680,842
32828::gpt_comp_s2w_32828_v1.png||gpt_comp_s2w_32828_v2.png,32828,gpt_comp_s2w_32828_v1.png,gpt_comp_s2w_32828_v2.png,A < B,1,3,0,no,2025-11-02T23:21:48.924829+00:00,T000216,32828::gpt_comp_s2w_32828_v1.png>>gpt_comp_s2w_32828_v2.png::T000216,,2690,1680,842
32828::gpt_comp_s2w_32828_v1.png||gpt_comp_s2w_32828_v3.png,32828,gpt_comp_s2w_32828_v1.png,gpt_comp_s2w_32828_v3.png,A > B,-1,2,0,no,2025-11-02T23:21:52.805756+00:00,T000217,32828::gpt_comp_s2w_32828_v1.png>>gpt_comp_s2w_32828_v3.png::T000217,,2002,1680,842
32828::gpt_comp_s2w_32828_v1.png||gpt_comp_s2w_32828_v4.png,32828,gpt_comp_s2w_32828_v1.png,gpt_comp_s2w_32828_v4.png,A > B,-1,2,0,no,2025-11-02T23:22:00.568413+00:00,T000218,32828::gpt_comp_s2w_32828_v1.png>>gpt_comp_s2w_32828_v4.png::T000218,,2641,1680,842
32828::gpt_comp_s2w_32828_v2.png||gpt_comp_s2w_32828_v3.png,32828,gpt_comp_s2w_32828_v2.png,gpt_comp_s2w_32828_v3.png,A > B,-1,2,0,no,2025-11-02T23:21:44.955052+00:00,T000219,32828::gpt_comp_s2w_32828_v2.png>>gpt_comp_s2w_32828_v3.png::T000219,,1955,1680,842
32828::gpt_comp_s2w_32828_v2.png||gpt_comp_s2w_32828_v4.png,32828,gpt_comp_s2w_32828_v2.png,gpt_comp_s2w_32828_v4.png,A > B,-1,2,0,no,2025-11-02T23:22:03.397837+00:00,T000220,32828::gpt_comp_s2w_32828_v2.png>>gpt_comp_s2w_32828_v4.png::T000220,,1444,1680,842
32828::gpt_comp_s2w_32828_v3.png||gpt_comp_s2w_32828_v4.png,32828,gpt_comp_s2w_32828_v3.png,gpt_comp_s2w_32828_v4.png,A < B,1,3,0,no,2025-11-02T23:21:57.070222+00:00,T000221,32828::gpt_comp_s2w_32828_v3.png>>gpt_comp_s2w_32828_v4.png::T000221,,3149,1680,842
33330::gpt_comp_s2w_33330_v1.png||gpt_comp_s2w_33330_v2.png,33330,gpt_comp_s2w_33330_v1.png,gpt_comp_s2w_33330_v2.png,A << B,2,4,0,no,2025-11-02T23:22:10.651652+00:00,T000222,33330::gpt_comp_s2w_33330_v1.png>>gpt_comp_s2w_33330_v2.png::T000222,,6334,1680,842
33330::gpt_comp_s2w_33330_v1.png||gpt_comp_s2w_33330_v3.png,33330,gpt_comp_s2w_33330_v1.png,gpt_comp_s2w_33330_v3.png,A < B,1,3,0,no,2025-11-02T23:22:34.318142+00:00,T000223,33330::gpt_comp_s2w_33330_v1.png>>gpt_comp_s2w_33330_v3.png::T000223,,2387,1680,842
33330::gpt_comp_s2w_33330_v1.png||gpt_comp_s2w_33330_v4.png,33330,gpt_comp_s2w_33330_v1.png,gpt_comp_s2w_33330_v4.png,A >> B,-2,1,0,no,2025-11-02T23:22:23.003618+00:00,T000224,33330::gpt_comp_s2w_33330_v1.png>>gpt_comp_s2w_33330_v4.png::T000224,,1978,1680,842
33330::gpt_comp_s2w_33330_v2.png||gpt_comp_s2w_33330_v3.png,33330,gpt_comp_s2w_33330_v2.png,gpt_comp_s2w_33330_v3.png,A < B,1,3,0,no,2025-11-02T23:22:29.167157+00:00,T000225,33330::gpt_comp_s2w_33330_v2.png>>gpt_comp_s2w_33330_v3.png::T000225,,5315,1680,842
33330::gpt_comp_s2w_33330_v2.png||gpt_comp_s2w_33330_v4.png,33330,gpt_comp_s2w_33330_v2.png,gpt_comp_s2w_33330_v4.png,A >> B,-2,1,0,no,2025-11-02T23:22:20.053441+00:00,T000226,33330::gpt_comp_s2w_33330_v2.png>>gpt_comp_s2w_33330_v4.png::T000226,,1932,1680,842
33330::gpt_comp_s2w_33330_v3.png||gpt_comp_s2w_33330_v4.png,33330,gpt_comp_s2w_33330_v3.png,gpt_comp_s2w_33330_v4.png,A >> B,-2,1,0,no,2025-11-02T23:22:17.307026+00:00,T000227,33330::gpt_comp_s2w_33330_v3.png>>gpt_comp_s2w_33330_v4.png::T000227,,5312,1680,842
33934::gpt_comp_s2w_33934_v1.png||gpt_comp_s2w_33934_v2.png,33934,gpt_comp_s2w_33934_v1.png,gpt_comp_s2w_33934_v2.png,A >> B,-2,1,0,no,2025-11-02T23:22:43.123777+00:00,T000228,33934::gpt_comp_s2w_33934_v1.png>>gpt_comp_s2w_33934_v2.png::T000228,,7835,1680,842
33934::gpt_comp_s2w_33934_v1.png||gpt_comp_s2w_33934_v3.png,33934,gpt_comp_s2w_33934_v1.png,gpt_comp_s2w_33934_v3.png,A > B,-1,"2,2",0,no,2025-11-02T23:23:11.969169+00:00,T000229,33934::gpt_comp_s2w_33934_v1.png>>gpt_comp_s2w_33934_v3.png::T000229,,4041,1680,842
33934::gpt_comp_s2w_33934_v1.png||gpt_comp_s2w_33934_v4.png,33934,gpt_comp_s2w_33934_v1.png,gpt_comp_s2w_33934_v4.png,A < B,1,3,0,no,2025-11-02T23:22:56.444748+00:00,T000230,33934::gpt_comp_s2w_33934_v1.png>>gpt_comp_s2w_33934_v4.png::T000230,,4765,1680,842
33934::gpt_comp_s2w_33934_v2.png||gpt_comp_s2w_33934_v3.png,33934,gpt_comp_s2w_33934_v2.png,gpt_comp_s2w_33934_v3.png,A >> B,-2,"2,1",1,no,2025-11-02T23:23:16.855902+00:00,T000231,33934::gpt_comp_s2w_33934_v2.png>>gpt_comp_s2w_33934_v3.png::T000231,,1474,1680,842
33934::gpt_comp_s2w_33934_v2.png||gpt_comp_s2w_33934_v4.png,33934,gpt_comp_s2w_33934_v2.png,gpt_comp_s2w_33934_v4.png,A < B,1,3,0,no,2025-11-02T23:23:01.699538+00:00,T000232,33934::gpt_comp_s2w_33934_v2.png>>gpt_comp_s2w_33934_v4.png::T000232,,3834,1680,842
33934::gpt_comp_s2w_33934_v3.png||gpt_comp_s2w_33934_v4.png,33934,gpt_comp_s2w_33934_v3.png,gpt_comp_s2w_33934_v4.png,A << B,2,"3,4",1,no,2025-11-02T23:22:50.930534+00:00,T000233,33934::gpt_comp_s2w_33934_v3.png>>gpt_comp_s2w_33934_v4.png::T000233,,2772,1680,842
3498::gemini_comp_s2w_3498_v1.png||gemini_comp_s2w_3498_v2.png,3498,gemini_comp_s2w_3498_v1.png,gemini_comp_s2w_3498_v2.png,A > B,-1,2,0,no,2025-11-02T23:23:37.924557+00:00,T000234,3498::gemini_comp_s2w_3498_v1.png>>gemini_comp_s2w_3498_v2.png::T000234,,2007,1680,842
3498::gemini_comp_s2w_3498_v1.png||gemini_comp_s2w_3498_v3.png,3498,gemini_comp_s2w_3498_v1.png,gemini_comp_s2w_3498_v3.png,A < B,1,3,0,no,2025-11-02T23:23:31.294512+00:00,T000235,3498::gemini_comp_s2w_3498_v1.png>>gemini_comp_s2w_3498_v3.png::T000235,,4613,1680,842
3498::gemini_comp_s2w_3498_v1.png||gemini_comp_s2w_3498_v4.png,3498,gemini_comp_s2w_3498_v1.png,gemini_comp_s2w_3498_v4.png,A < B,1,3,0,no,2025-11-02T23:23:45.450336+00:00,T000236,3498::gemini_comp_s2w_3498_v1.png>>gemini_comp_s2w_3498_v4.png::T000236,,6641,1680,842
3498::gemini_comp_s2w_3498_v2.png||gemini_comp_s2w_3498_v3.png,3498,gemini_comp_s2w_3498_v2.png,gemini_comp_s2w_3498_v3.png,A < B,1,3,0,no,2025-11-02T23:23:25.493231+00:00,T000237,3498::gemini_comp_s2w_3498_v2.png>>gemini_comp_s2w_3498_v3.png::T000237,,7313,1680,842
3498::gemini_comp_s2w_3498_v2.png||gemini_comp_s2w_3498_v4.png,3498,gemini_comp_s2w_3498_v2.png,gemini_comp_s2w_3498_v4.png,A < B,1,3,0,no,2025-11-02T23:26:36.275284+00:00,T000238,3498::gemini_comp_s2w_3498_v2.png>>gemini_comp_s2w_3498_v4.png::T000238,,169271,1680,842
3498::gemini_comp_s2w_3498_v3.png||gemini_comp_s2w_3498_v4.png,3498,gemini_comp_s2w_3498_v3.png,gemini_comp_s2w_3498_v4.png,A > B,-1,2,0,no,2025-11-02T23:23:34.771247+00:00,T000239,3498::gemini_comp_s2w_3498_v3.png>>gemini_comp_s2w_3498_v4.png::T000239,,2567,1680,842
35896::gemini_comp_s2w_35896_v1.png||gemini_comp_s2w_35896_v2.png,35896,gemini_comp_s2w_35896_v1.png,gemini_comp_s2w_35896_v2.png,A < B,1,3,0,no,2025-11-02T23:26:52.775746+00:00,T000240,35896::gemini_comp_s2w_35896_v1.png>>gemini_comp_s2w_35896_v2.png::T000240,,3752,1680,842
35896::gemini_comp_s2w_35896_v1.png||gemini_comp_s2w_35896_v3.png,35896,gemini_comp_s2w_35896_v1.png,gemini_comp_s2w_35896_v3.png,A < B,1,3,0,no,2025-11-02T23:26:48.262153+00:00,T000241,35896::gemini_comp_s2w_35896_v1.png>>gemini_comp_s2w_35896_v3.png::T000241,,5250,1680,842
35896::gemini_comp_s2w_35896_v1.png||gemini_comp_s2w_35896_v4.png,35896,gemini_comp_s2w_35896_v1.png,gemini_comp_s2w_35896_v4.png,A > B,-1,2,0,no,2025-11-02T23:26:58.275941+00:00,T000242,35896::gemini_comp_s2w_35896_v1.png>>gemini_comp_s2w_35896_v4.png::T000242,,4621,1680,842
35896::gemini_comp_s2w_35896_v2.png||gemini_comp_s2w_35896_v3.png,35896,gemini_comp_s2w_35896_v2.png,gemini_comp_s2w_35896_v3.png,A < B,1,3,0,no,2025-11-02T23:26:41.882924+00:00,T000243,35896::gemini_comp_s2w_35896_v2.png>>gemini_comp_s2w_35896_v3.png::T000243,,4338,1680,842
35896::gemini_comp_s2w_35896_v2.png||gemini_comp_s2w_35896_v4.png,35896,gemini_comp_s2w_35896_v2.png,gemini_comp_s2w_35896_v4.png,A > B,-1,2,0,no,2025-11-02T23:27:02.941094+00:00,T000244,35896::gemini_comp_s2w_35896_v2.png>>gemini_comp_s2w_35896_v4.png::T000244,,1475,1680,842
35896::gemini_comp_s2w_35896_v3.png||gemini_comp_s2w_35896_v4.png,35896,gemini_comp_s2w_35896_v3.png,gemini_comp_s2w_35896_v4.png,A > B,-1,2,0,no,2025-11-02T23:27:00.582888+00:00,T000245,35896::gemini_comp_s2w_35896_v3.png>>gemini_comp_s2w_35896_v4.png::T000245,,1501,1680,842
37185::gemini_comp_s2w_37185_v1.png||gemini_comp_s2w_37185_v2.png,37185,gemini_comp_s2w_37185_v1.png,gemini_comp_s2w_37185_v2.png,A < B,1,3,0,no,2025-11-02T23:27:07.500200+00:00,T000246,37185::gemini_comp_s2w_37185_v1.png>>gemini_comp_s2w_37185_v2.png::T000246,,3728,1680,842
37185::gemini_comp_s2w_37185_v1.png||gemini_comp_s2w_37185_v3.png,37185,gemini_comp_s2w_37185_v1.png,gemini_comp_s2w_37185_v3.png,A < B,1,3,0,no,2025-11-02T23:27:31.985180+00:00,T000247,37185::gemini_comp_s2w_37185_v1.png>>gemini_comp_s2w_37185_v3.png::T000247,,4240,1680,842
37185::gemini_comp_s2w_37185_v1.png||gemini_comp_s2w_37185_v4.png,37185,gemini_comp_s2w_37185_v1.png,gemini_comp_s2w_37185_v4.png,A > B,-1,2,0,no,2025-11-02T23:27:27.022938+00:00,T000248,37185::gemini_comp_s2w_37185_v1.png>>gemini_comp_s2w_37185_v4.png::T000248,,18581,1680,842
37185::gemini_comp_s2w_37185_v2.png||gemini_comp_s2w_37185_v3.png,37185,gemini_comp_s2w_37185_v2.png,gemini_comp_s2w_37185_v3.png,A < B,1,3,0,no,2025-11-02T23:27:34.077051+00:00,T000249,37185::gemini_comp_s2w_37185_v2.png>>gemini_comp_s2w_37185_v3.png::T000249,,1301,1680,842
37185::gemini_comp_s2w_37185_v2.png||gemini_comp_s2w_37185_v4.png,37185,gemini_comp_s2w_37185_v2.png,gemini_comp_s2w_37185_v4.png,A > B,-1,2,0,no,2025-11-02T23:27:36.738715+00:00,T000250,37185::gemini_comp_s2w_37185_v2.png>>gemini_comp_s2w_37185_v4.png::T000250,,1833,1680,842
37185::gemini_comp_s2w_37185_v3.png||gemini_comp_s2w_37185_v4.png,37185,gemini_comp_s2w_37185_v3.png,gemini_comp_s2w_37185_v4.png,A > B,-1,2,0,no,2025-11-02T23:27:38.731139+00:00,T000251,37185::gemini_comp_s2w_37185_v3.png>>gemini_comp_s2w_37185_v4.png::T000251,,1169,1680,842
38140::gpt_comp_s2w_38140_v1.png||gpt_comp_s2w_38140_v2.png,38140,gpt_comp_s2w_38140_v1.png,gpt_comp_s2w_38140_v2.png,A > B,-1,2,0,no,2025-11-02T23:28:01.758981+00:00,T000252,38140::gpt_comp_s2w_38140_v1.png>>gpt_comp_s2w_38140_v2.png::T000252,,2387,1680,842
38140::gpt_comp_s2w_38140_v1.png||gpt_comp_s2w_38140_v3.png,38140,gpt_comp_s2w_38140_v1.png,gpt_comp_s2w_38140_v3.png,A < B,1,3,0,no,2025-11-02T23:27:49.795878+00:00,T000253,38140::gpt_comp_s2w_38140_v1.png>>gpt_comp_s2w_38140_v3.png::T000253,,9991,1680,842
38140::gpt_comp_s2w_38140_v1.png||gpt_comp_s2w_38140_v4.png,38140,gpt_comp_s2w_38140_v1.png,gpt_comp_s2w_38140_v4.png,A < B,1,3,0,no,2025-11-02T23:28:08.709438+00:00,T000254,38140::gpt_comp_s2w_38140_v1.png>>gpt_comp_s2w_38140_v4.png::T000254,,2278,1680,842
38140::gpt_comp_s2w_38140_v2.png||gpt_comp_s2w_38140_v3.png,38140,gpt_comp_s2w_38140_v2.png,gpt_comp_s2w_38140_v3.png,A > B,-1,2,0,no,2025-11-02T23:27:57.628773+00:00,T000255,38140::gpt_comp_s2w_38140_v2.png>>gpt_comp_s2w_38140_v3.png::T000255,,7031,1680,842
38140::gpt_comp_s2w_38140_v2.png||gpt_comp_s2w_38140_v4.png,38140,gpt_comp_s2w_38140_v2.png,gpt_comp_s2w_38140_v4.png,A < B,1,3,0,no,2025-11-02T23:28:13.668358+00:00,T000256,38140::gpt_comp_s2w_38140_v2.png>>gpt_comp_s2w_38140_v4.png::T000256,,3924,1680,842
38140::gpt_comp_s2w_38140_v3.png||gpt_comp_s2w_38140_v4.png,38140,gpt_comp_s2w_38140_v3.png,gpt_comp_s2w_38140_v4.png,A < B,1,3,0,no,2025-11-02T23:28:05.502218+00:00,T000257,38140::gpt_comp_s2w_38140_v3.png>>gpt_comp_s2w_38140_v4.png::T000257,,2881,1680,842
39241::gemini_comp_s2w_39241_v1.png||gemini_comp_s2w_39241_v2.png,39241,gemini_comp_s2w_39241_v1.png,gemini_comp_s2w_39241_v2.png,A > B,-1,2,0,no,2025-11-02T23:28:18.448983+00:00,T000258,39241::gemini_comp_s2w_39241_v1.png>>gemini_comp_s2w_39241_v2.png::T000258,,3836,1680,842
39241::gemini_comp_s2w_39241_v1.png||gemini_comp_s2w_39241_v3.png,39241,gemini_comp_s2w_39241_v1.png,gemini_comp_s2w_39241_v3.png,A < B,1,3,0,no,2025-11-02T23:28:22.889565+00:00,T000259,39241::gemini_comp_s2w_39241_v1.png>>gemini_comp_s2w_39241_v3.png::T000259,,2866,1680,842
39241::gemini_comp_s2w_39241_v1.png||gemini_comp_s2w_39241_v4.png,39241,gemini_comp_s2w_39241_v1.png,gemini_comp_s2w_39241_v4.png,A > B,-1,2,0,no,2025-11-02T23:28:38.438652+00:00,T000260,39241::gemini_comp_s2w_39241_v1.png>>gemini_comp_s2w_39241_v4.png::T000260,,3687,1680,842
39241::gemini_comp_s2w_39241_v2.png||gemini_comp_s2w_39241_v3.png,39241,gemini_comp_s2w_39241_v2.png,gemini_comp_s2w_39241_v3.png,A < B,1,3,0,no,2025-11-02T23:28:33.942836+00:00,T000261,39241::gemini_comp_s2w_39241_v2.png>>gemini_comp_s2w_39241_v3.png::T000261,,1579,1680,842
39241::gemini_comp_s2w_39241_v2.png||gemini_comp_s2w_39241_v4.png,39241,gemini_comp_s2w_39241_v2.png,gemini_comp_s2w_39241_v4.png,A < B,1,3,0,no,2025-11-02T23:28:25.254052+00:00,T000262,39241::gemini_comp_s2w_39241_v2.png>>gemini_comp_s2w_39241_v4.png::T000262,,1534,1680,842
39241::gemini_comp_s2w_39241_v3.png||gemini_comp_s2w_39241_v4.png,39241,gemini_comp_s2w_39241_v3.png,gemini_comp_s2w_39241_v4.png,A > B,-1,2,0,no,2025-11-02T23:28:31.491426+00:00,T000263,39241::gemini_comp_s2w_39241_v3.png>>gemini_comp_s2w_39241_v4.png::T000263,,5410,1680,842
39995::gemini_comp_s2w_39995_v1.png||gemini_comp_s2w_39995_v2.png,39995,gemini_comp_s2w_39995_v1.png,gemini_comp_s2w_39995_v2.png,A < B,1,3,0,no,2025-11-02T23:28:59.267723+00:00,T000264,39995::gemini_comp_s2w_39995_v1.png>>gemini_comp_s2w_39995_v2.png::T000264,,2968,1680,842
39995::gemini_comp_s2w_39995_v1.png||gemini_comp_s2w_39995_v3.png,39995,gemini_comp_s2w_39995_v1.png,gemini_comp_s2w_39995_v3.png,A >> B,-2,"2,1",1,no,2025-11-02T23:28:46.979994+00:00,T000265,39995::gemini_comp_s2w_39995_v1.png>>gemini_comp_s2w_39995_v3.png::T000265,,712,1680,842
39995::gemini_comp_s2w_39995_v1.png||gemini_comp_s2w_39995_v4.png,39995,gemini_comp_s2w_39995_v1.png,gemini_comp_s2w_39995_v4.png,A < B,1,3,0,no,2025-11-02T23:29:05.253853+00:00,T000266,39995::gemini_comp_s2w_39995_v1.png>>gemini_comp_s2w_39995_v4.png::T000266,,5002,1680,842
39995::gemini_comp_s2w_39995_v2.png||gemini_comp_s2w_39995_v3.png,39995,gemini_comp_s2w_39995_v2.png,gemini_comp_s2w_39995_v3.png,A > B,-1,2,0,no,2025-11-02T23:28:42.527857+00:00,T000267,39995::gemini_comp_s2w_39995_v2.png>>gemini_comp_s2w_39995_v3.png::T000267,,2803,1680,842
39995::gemini_comp_s2w_39995_v2.png||gemini_comp_s2w_39995_v4.png,39995,gemini_comp_s2w_39995_v2.png,gemini_comp_s2w_39995_v4.png,A > B,-1,2,0,no,2025-11-02T23:28:55.152920+00:00,T000268,39995::gemini_comp_s2w_39995_v2.png>>gemini_comp_s2w_39995_v4.png::T000268,,3203,1680,842
39995::gemini_comp_s2w_39995_v3.png||gemini_comp_s2w_39995_v4.png,39995,gemini_comp_s2w_39995_v3.png,gemini_comp_s2w_39995_v4.png,A << B,2,4,0,no,2025-11-02T23:28:50.592004+00:00,T000269,39995::gemini_comp_s2w_39995_v3.png>>gemini_comp_s2w_39995_v4.png::T000269,,2698,1680,842
4034::gpt_comp_s2w_4034_v1.png||gpt_comp_s2w_4034_v2.png,4034,gpt_comp_s2w_4034_v1.png,gpt_comp_s2w_4034_v2.png,A < B,1,3,0,no,2025-11-02T23:29:27.033956+00:00,T000270,4034::gpt_comp_s2w_4034_v1.png>>gpt_comp_s2w_4034_v2.png::T000270,,2166,1680,842
4034::gpt_comp_s2w_4034_v1.png||gpt_comp_s2w_4034_v3.png,4034,gpt_comp_s2w_4034_v1.png,gpt_comp_s2w_4034_v3.png,A < B,1,3,0,no,2025-11-02T23:29:20.388776+00:00,T000271,4034::gpt_comp_s2w_4034_v1.png>>gpt_comp_s2w_4034_v3.png::T000271,,5061,1680,842
4034::gpt_comp_s2w_4034_v1.png||gpt_comp_s2w_4034_v4.png,4034,gpt_comp_s2w_4034_v1.png,gpt_comp_s2w_4034_v4.png,A < B,1,3,0,no,2025-11-02T23:29:14.362358+00:00,T000272,4034::gpt_comp_s2w_4034_v1.png>>gpt_comp_s2w_4034_v4.png::T000272,,2279,1680,842
4034::gpt_comp_s2w_4034_v2.png||gpt_comp_s2w_4034_v3.png,4034,gpt_comp_s2w_4034_v2.png,gpt_comp_s2w_4034_v3.png,A < B,1,3,0,no,2025-11-02T23:29:24.002968+00:00,T000273,4034::gpt_comp_s2w_4034_v2.png>>gpt_comp_s2w_4034_v3.png::T000273,,2534,1680,842
4034::gpt_comp_s2w_4034_v2.png||gpt_comp_s2w_4034_v4.png,4034,gpt_comp_s2w_4034_v2.png,gpt_comp_s2w_4034_v4.png,A < B,1,3,0,no,2025-11-02T23:29:11.189547+00:00,T000274,4034::gpt_comp_s2w_4034_v2.png>>gpt_comp_s2w_4034_v4.png::T000274,,5098,1680,842
4034::gpt_comp_s2w_4034_v3.png||gpt_comp_s2w_4034_v4.png,4034,gpt_comp_s2w_4034_v3.png,gpt_comp_s2w_4034_v4.png,A > B,-1,2,0,no,2025-11-02T23:29:32.010948+00:00,T000275,4034::gpt_comp_s2w_4034_v3.png>>gpt_comp_s2w_4034_v4.png::T000275,,3877,1680,842
40467::gpt_comp_s2w_40467_v1.png||gpt_comp_s2w_40467_v2.png,40467,gpt_comp_s2w_40467_v1.png,gpt_comp_s2w_40467_v2.png,A << B,2,4,0,no,2025-11-02T23:29:49.190265+00:00,T000276,40467::gpt_comp_s2w_40467_v1.png>>gpt_comp_s2w_40467_v2.png::T000276,,2785,1680,842
40467::gpt_comp_s2w_40467_v1.png||gpt_comp_s2w_40467_v3.png,40467,gpt_comp_s2w_40467_v1.png,gpt_comp_s2w_40467_v3.png,A > B,-1,"3,2",1,no,2025-11-02T23:29:45.369014+00:00,T000277,40467::gpt_comp_s2w_40467_v1.png>>gpt_comp_s2w_40467_v3.png::T000277,,2943,1680,842
40467::gpt_comp_s2w_40467_v1.png||gpt_comp_s2w_40467_v4.png,40467,gpt_comp_s2w_40467_v1.png,gpt_comp_s2w_40467_v4.png,A < B,1,3,0,no,2025-11-02T23:29:37.297869+00:00,T000278,40467::gpt_comp_s2w_40467_v1.png>>gpt_comp_s2w_40467_v4.png::T000278,,4362,1680,842
40467::gpt_comp_s2w_40467_v2.png||gpt_comp_s2w_40467_v3.png,40467,gpt_comp_s2w_40467_v2.png,gpt_comp_s2w_40467_v3.png,A >> B,-2,1,0,no,2025-11-02T23:29:52.137921+00:00,T000279,40467::gpt_comp_s2w_40467_v2.png>>gpt_comp_s2w_40467_v3.png::T000279,,2196,1680,842
40467::gpt_comp_s2w_40467_v2.png||gpt_comp_s2w_40467_v4.png,40467,gpt_comp_s2w_40467_v2.png,gpt_comp_s2w_40467_v4.png,A >> B,-2,1,0,no,2025-11-02T23:29:57.549484+00:00,T000280,40467::gpt_comp_s2w_40467_v2.png>>gpt_comp_s2w_40467_v4.png::T000280,,1961,1680,842
40467::gpt_comp_s2w_40467_v3.png||gpt_comp_s2w_40467_v4.png,40467,gpt_comp_s2w_40467_v3.png,gpt_comp_s2w_40467_v4.png,A > B,-1,2,0,no,2025-11-02T23:29:54.752884+00:00,T000281,40467::gpt_comp_s2w_40467_v3.png>>gpt_comp_s2w_40467_v4.png::T000281,,1734,1680,842
41454::gemini_comp_s2w_41454_v1.png||gemini_comp_s2w_41454_v2.png,41454,gemini_comp_s2w_41454_v1.png,gemini_comp_s2w_41454_v2.png,A < B,1,"2,3",1,no,2025-11-02T23:30:13.969879+00:00,T000282,41454::gemini_comp_s2w_41454_v1.png>>gemini_comp_s2w_41454_v2.png::T000282,,1860,1680,842
41454::gemini_comp_s2w_41454_v1.png||gemini_comp_s2w_41454_v3.png,41454,gemini_comp_s2w_41454_v1.png,gemini_comp_s2w_41454_v3.png,A < B,1,3,0,no,2025-11-02T23:30:17.585138+00:00,T000283,41454::gemini_comp_s2w_41454_v1.png>>gemini_comp_s2w_41454_v3.png::T000283,,2272,1680,842
41454::gemini_comp_s2w_41454_v1.png||gemini_comp_s2w_41454_v4.png,41454,gemini_comp_s2w_41454_v1.png,gemini_comp_s2w_41454_v4.png,A << B,2,4,0,no,2025-11-02T23:30:03.102019+00:00,T000284,41454::gemini_comp_s2w_41454_v1.png>>gemini_comp_s2w_41454_v4.png::T000284,,4275,1680,842
41454::gemini_comp_s2w_41454_v2.png||gemini_comp_s2w_41454_v3.png,41454,gemini_comp_s2w_41454_v2.png,gemini_comp_s2w_41454_v3.png,A < B,1,3,0,no,2025-11-02T23:30:24.551054+00:00,T000285,41454::gemini_comp_s2w_41454_v2.png>>gemini_comp_s2w_41454_v3.png::T000285,,1418,1680,842
41454::gemini_comp_s2w_41454_v2.png||gemini_comp_s2w_41454_v4.png,41454,gemini_comp_s2w_41454_v2.png,gemini_comp_s2w_41454_v4.png,A < B,1,3,0,no,2025-11-02T23:30:22.080649+00:00,T000286,41454::gemini_comp_s2w_41454_v2.png>>gemini_comp_s2w_41454_v4.png::T000286,,2962,1680,842
41454::gemini_comp_s2w_41454_v3.png||gemini_comp_s2w_41454_v4.png,41454,gemini_comp_s2w_41454_v3.png,gemini_comp_s2w_41454_v4.png,A > B,-1,2,0,no,2025-11-02T23:30:28.577081+00:00,T000287,41454::gemini_comp_s2w_41454_v3.png>>gemini_comp_s2w_41454_v4.png::T000287,,2943,1680,842
41874::gpt_comp_s2w_41874_v1.png||gpt_comp_s2w_41874_v2.png,41874,gpt_comp_s2w_41874_v1.png,gpt_comp_s2w_41874_v2.png,A > B,-1,"3,2",1,no,2025-11-02T23:30:51.548969+00:00,T000288,41874::gpt_comp_s2w_41874_v1.png>>gpt_comp_s2w_41874_v2.png::T000288,,4194,1680,842
41874::gpt_comp_s2w_41874_v1.png||gpt_comp_s2w_41874_v3.png,41874,gpt_comp_s2w_41874_v1.png,gpt_comp_s2w_41874_v3.png,A < B,1,3,0,no,2025-11-02T23:30:54.409085+00:00,T000289,41874::gpt_comp_s2w_41874_v1.png>>gpt_comp_s2w_41874_v3.png::T000289,,2005,1680,842
41874::gpt_comp_s2w_41874_v1.png||gpt_comp_s2w_41874_v4.png,41874,gpt_comp_s2w_41874_v1.png,gpt_comp_s2w_41874_v4.png,A << B,2,4,0,no,2025-11-02T23:30:34.303559+00:00,T000290,41874::gpt_comp_s2w_41874_v1.png>>gpt_comp_s2w_41874_v4.png::T000290,,4772,1680,842
41874::gpt_comp_s2w_41874_v2.png||gpt_comp_s2w_41874_v3.png,41874,gpt_comp_s2w_41874_v2.png,gpt_comp_s2w_41874_v3.png,A << B,2,4,0,no,2025-11-02T23:30:43.095084+00:00,T000291,41874::gpt_comp_s2w_41874_v2.png>>gpt_comp_s2w_41874_v3.png::T000291,,2168,1680,842
41874::gpt_comp_s2w_41874_v2.png||gpt_comp_s2w_41874_v4.png,41874,gpt_comp_s2w_41874_v2.png,gpt_comp_s2w_41874_v4.png,A < B,1,3,0,no,2025-11-02T23:30:57.419847+00:00,T000292,41874::gpt_comp_s2w_41874_v2.png>>gpt_comp_s2w_41874_v4.png::T000292,,2081,1680,842
41874::gpt_comp_s2w_41874_v3.png||gpt_comp_s2w_41874_v4.png,41874,gpt_comp_s2w_41874_v3.png,gpt_comp_s2w_41874_v4.png,A << B,2,4,0,no,2025-11-02T23:30:39.689723+00:00,T000293,41874::gpt_comp_s2w_41874_v3.png>>gpt_comp_s2w_41874_v4.png::T000293,,4566,1680,842
42605::gpt_comp_s2w_42605_v1.png||gpt_comp_s2w_42605_v2.png,42605,gpt_comp_s2w_42605_v1.png,gpt_comp_s2w_42605_v2.png,A > B,-1,2,0,no,2025-11-02T23:31:28.598472+00:00,T000294,42605::gpt_comp_s2w_42605_v1.png>>gpt_comp_s2w_42605_v2.png::T000294,,5081,1680,842
42605::gpt_comp_s2w_42605_v1.png||gpt_comp_s2w_42605_v3.png,42605,gpt_comp_s2w_42605_v1.png,gpt_comp_s2w_42605_v3.png,A < B,1,3,0,no,2025-11-02T23:31:08.013500+00:00,T000295,42605::gpt_comp_s2w_42605_v1.png>>gpt_comp_s2w_42605_v3.png::T000295,,5370,1680,842
42605::gpt_comp_s2w_42605_v1.png||gpt_comp_s2w_42605_v4.png,42605,gpt_comp_s2w_42605_v1.png,gpt_comp_s2w_42605_v4.png,A < B,1,3,0,no,2025-11-02T23:31:16.812913+00:00,T000296,42605::gpt_comp_s2w_42605_v1.png>>gpt_comp_s2w_42605_v4.png::T000296,,2985,1680,842
42605::gpt_comp_s2w_42605_v2.png||gpt_comp_s2w_42605_v3.png,42605,gpt_comp_s2w_42605_v2.png,gpt_comp_s2w_42605_v3.png,A < B,1,3,0,no,2025-11-02T23:31:22.609247+00:00,T000297,42605::gpt_comp_s2w_42605_v2.png>>gpt_comp_s2w_42605_v3.png::T000297,,4985,1680,842
42605::gpt_comp_s2w_42605_v2.png||gpt_comp_s2w_42605_v4.png,42605,gpt_comp_s2w_42605_v2.png,gpt_comp_s2w_42605_v4.png,A < B,1,3,0,no,2025-11-02T23:31:01.777924+00:00,T000298,42605::gpt_comp_s2w_42605_v2.png>>gpt_comp_s2w_42605_v4.png::T000298,,3544,1680,842
42605::gpt_comp_s2w_42605_v3.png||gpt_comp_s2w_42605_v4.png,42605,gpt_comp_s2w_42605_v3.png,gpt_comp_s2w_42605_v4.png,A > B,-1,2,0,no,2025-11-02T23:31:11.938827+00:00,T000299,42605::gpt_comp_s2w_42605_v3.png>>gpt_comp_s2w_42605_v4.png::T000299,,3083,1680,842
43005::gpt_comp_s2w_43005_v1.png||gpt_comp_s2w_43005_v2.png,43005,gpt_comp_s2w_43005_v1.png,gpt_comp_s2w_43005_v2.png,A > B,-1,2,0,no,2025-11-02T23:33:15.286373+00:00,T000300,43005::gpt_comp_s2w_43005_v1.png>>gpt_comp_s2w_43005_v2.png::T000300,,3007,1680,842
43005::gpt_comp_s2w_43005_v1.png||gpt_comp_s2w_43005_v3.png,43005,gpt_comp_s2w_43005_v1.png,gpt_comp_s2w_43005_v3.png,A >> B,-2,1,0,no,2025-11-02T23:33:11.302089+00:00,T000301,43005::gpt_comp_s2w_43005_v1.png>>gpt_comp_s2w_43005_v3.png::T000301,,2342,1680,842
43005::gpt_comp_s2w_43005_v1.png||gpt_comp_s2w_43005_v4.png,43005,gpt_comp_s2w_43005_v1.png,gpt_comp_s2w_43005_v4.png,A > B,-1,2,0,no,2025-11-02T23:33:23.764477+00:00,T000302,43005::gpt_comp_s2w_43005_v1.png>>gpt_comp_s2w_43005_v4.png::T000302,,1343,1680,842
43005::gpt_comp_s2w_43005_v2.png||gpt_comp_s2w_43005_v3.png,43005,gpt_comp_s2w_43005_v2.png,gpt_comp_s2w_43005_v3.png,A < B,1,3,0,no,2025-11-02T23:33:21.477115+00:00,T000303,43005::gpt_comp_s2w_43005_v2.png>>gpt_comp_s2w_43005_v3.png::T000303,,1609,1680,842
43005::gpt_comp_s2w_43005_v2.png||gpt_comp_s2w_43005_v4.png,43005,gpt_comp_s2w_43005_v2.png,gpt_comp_s2w_43005_v4.png,A > B,-1,2,0,no,2025-11-02T23:33:18.990539+00:00,T000304,43005::gpt_comp_s2w_43005_v2.png>>gpt_comp_s2w_43005_v4.png::T000304,,2568,1680,842
43005::gpt_comp_s2w_43005_v3.png||gpt_comp_s2w_43005_v4.png,43005,gpt_comp_s2w_43005_v3.png,gpt_comp_s2w_43005_v4.png,A >> B,-2,1,0,no,2025-11-02T23:33:07.765851+00:00,T000305,43005::gpt_comp_s2w_43005_v3.png>>gpt_comp_s2w_43005_v4.png::T000305,,3030,1680,842
43195::gpt_comp_s2w_43195_v1.png||gpt_comp_s2w_43195_v2.png,43195,gpt_comp_s2w_43195_v1.png,gpt_comp_s2w_43195_v2.png,A > B,-1,2,0,no,2025-11-02T23:33:57.090110+00:00,T000306,43195::gpt_comp_s2w_43195_v1.png>>gpt_comp_s2w_43195_v2.png::T000306,,2376,1680,842
43195::gpt_comp_s2w_43195_v1.png||gpt_comp_s2w_43195_v3.png,43195,gpt_comp_s2w_43195_v1.png,gpt_comp_s2w_43195_v3.png,A > B,-1,2,0,no,2025-11-02T23:33:29.484454+00:00,T000307,43195::gpt_comp_s2w_43195_v1.png>>gpt_comp_s2w_43195_v3.png::T000307,,4810,1680,842
43195::gpt_comp_s2w_43195_v1.png||gpt_comp_s2w_43195_v4.png,43195,gpt_comp_s2w_43195_v1.png,gpt_comp_s2w_43195_v4.png,A < B,1,3,0,no,2025-11-02T23:33:39.775394+00:00,T000308,43195::gpt_comp_s2w_43195_v1.png>>gpt_comp_s2w_43195_v4.png::T000308,,3641,1680,842
43195::gpt_comp_s2w_43195_v2.png||gpt_comp_s2w_43195_v3.png,43195,gpt_comp_s2w_43195_v2.png,gpt_comp_s2w_43195_v3.png,A < B,1,3,0,no,2025-11-02T23:33:47.562894+00:00,T000309,43195::gpt_comp_s2w_43195_v2.png>>gpt_comp_s2w_43195_v3.png::T000309,,6932,1680,842
43195::gpt_comp_s2w_43195_v2.png||gpt_comp_s2w_43195_v4.png,43195,gpt_comp_s2w_43195_v2.png,gpt_comp_s2w_43195_v4.png,A < B,1,3,0,no,2025-11-02T23:33:53.836010+00:00,T000310,43195::gpt_comp_s2w_43195_v2.png>>gpt_comp_s2w_43195_v4.png::T000310,,5448,1680,842
43195::gpt_comp_s2w_43195_v3.png||gpt_comp_s2w_43195_v4.png,43195,gpt_comp_s2w_43195_v3.png,gpt_comp_s2w_43195_v4.png,A < B,1,3,0,no,2025-11-02T23:33:34.895033+00:00,T000311,43195::gpt_comp_s2w_43195_v3.png>>gpt_comp_s2w_43195_v4.png::T000311,,4470,1680,842
43768::gemini_comp_s2w_43768_v1.png||gemini_comp_s2w_43768_v2.png,43768,gemini_comp_s2w_43768_v1.png,gemini_comp_s2w_43768_v2.png,A < B,1,"3,2,3",2,no,2025-11-02T23:34:22.554715+00:00,T000312,43768::gemini_comp_s2w_43768_v1.png>>gemini_comp_s2w_43768_v2.png::T000312,,3811,1680,842
43768::gemini_comp_s2w_43768_v1.png||gemini_comp_s2w_43768_v3.png,43768,gemini_comp_s2w_43768_v1.png,gemini_comp_s2w_43768_v3.png,A < B,1,"3,3",0,no,2025-11-02T23:34:31.829853+00:00,T000313,43768::gemini_comp_s2w_43768_v1.png>>gemini_comp_s2w_43768_v3.png::T000313,,1868,1680,842
43768::gemini_comp_s2w_43768_v1.png||gemini_comp_s2w_43768_v4.png,43768,gemini_comp_s2w_43768_v1.png,gemini_comp_s2w_43768_v4.png,A > B,-1,2,0,no,2025-11-02T23:34:36.910085+00:00,T000314,43768::gemini_comp_s2w_43768_v1.png>>gemini_comp_s2w_43768_v4.png::T000314,,1697,1680,842
43768::gemini_comp_s2w_43768_v2.png||gemini_comp_s2w_43768_v3.png,43768,gemini_comp_s2w_43768_v2.png,gemini_comp_s2w_43768_v3.png,A < B,1,3,0,no,2025-11-02T23:34:33.798585+00:00,T000315,43768::gemini_comp_s2w_43768_v2.png>>gemini_comp_s2w_43768_v3.png::T000315,,1204,1680,842
43768::gemini_comp_s2w_43768_v2.png||gemini_comp_s2w_43768_v4.png,43768,gemini_comp_s2w_43768_v2.png,gemini_comp_s2w_43768_v4.png,A < B,1,"2,3",1,no,2025-11-02T23:34:40.584508+00:00,T000316,43768::gemini_comp_s2w_43768_v2.png>>gemini_comp_s2w_43768_v4.png::T000316,,1526,1680,842
43768::gemini_comp_s2w_43768_v3.png||gemini_comp_s2w_43768_v4.png,43768,gemini_comp_s2w_43768_v3.png,gemini_comp_s2w_43768_v4.png,A > B,-1,2,0,no,2025-11-02T23:34:05.575758+00:00,T000317,43768::gemini_comp_s2w_43768_v3.png>>gemini_comp_s2w_43768_v4.png::T000317,,6956,1680,842
44186::gemini_comp_s2w_44186_v1.png||gemini_comp_s2w_44186_v2.png,44186,gemini_comp_s2w_44186_v1.png,gemini_comp_s2w_44186_v2.png,A < B,1,3,0,no,2025-11-02T23:34:48.413936+00:00,T000318,44186::gemini_comp_s2w_44186_v1.png>>gemini_comp_s2w_44186_v2.png::T000318,,1923,1680,842
44186::gemini_comp_s2w_44186_v1.png||gemini_comp_s2w_44186_v3.png,44186,gemini_comp_s2w_44186_v1.png,gemini_comp_s2w_44186_v3.png,A > B,-1,2,0,no,2025-11-02T23:34:45.544146+00:00,T000319,44186::gemini_comp_s2w_44186_v1.png>>gemini_comp_s2w_44186_v3.png::T000319,,3339,1680,842
44186::gemini_comp_s2w_44186_v1.png||gemini_comp_s2w_44186_v4.png,44186,gemini_comp_s2w_44186_v1.png,gemini_comp_s2w_44186_v4.png,A > B,-1,2,0,no,2025-11-02T23:34:51.230352+00:00,T000320,44186::gemini_comp_s2w_44186_v1.png>>gemini_comp_s2w_44186_v4.png::T000320,,1914,1680,842
44186::gemini_comp_s2w_44186_v2.png||gemini_comp_s2w_44186_v3.png,44186,gemini_comp_s2w_44186_v2.png,gemini_comp_s2w_44186_v3.png,A > B,-1,2,0,no,2025-11-02T23:34:53.024989+00:00,T000321,44186::gemini_comp_s2w_44186_v2.png>>gemini_comp_s2w_44186_v3.png::T000321,,882,1680,842
44186::gemini_comp_s2w_44186_v2.png||gemini_comp_s2w_44186_v4.png,44186,gemini_comp_s2w_44186_v2.png,gemini_comp_s2w_44186_v4.png,A > B,-1,2,0,no,2025-11-02T23:34:59.182081+00:00,T000322,44186::gemini_comp_s2w_44186_v2.png>>gemini_comp_s2w_44186_v4.png::T000322,,1402,1680,842
44186::gemini_comp_s2w_44186_v3.png||gemini_comp_s2w_44186_v4.png,44186,gemini_comp_s2w_44186_v3.png,gemini_comp_s2w_44186_v4.png,A < B,1,3,0,no,2025-11-02T23:34:56.151285+00:00,T000323,44186::gemini_comp_s2w_44186_v3.png>>gemini_comp_s2w_44186_v4.png::T000323,,2082,1680,842
45556::gpt_comp_s2w_45556_v1.png||gpt_comp_s2w_45556_v2.png,45556,gpt_comp_s2w_45556_v1.png,gpt_comp_s2w_45556_v2.png,A < B,1,3,0,no,2025-11-02T23:35:19.556068+00:00,T000324,45556::gpt_comp_s2w_45556_v1.png>>gpt_comp_s2w_45556_v2.png::T000324,,6943,1680,842
45556::gpt_comp_s2w_45556_v1.png||gpt_comp_s2w_45556_v3.png,45556,gpt_comp_s2w_45556_v1.png,gpt_comp_s2w_45556_v3.png,A > B,-1,2,0,no,2025-11-02T23:35:22.975411+00:00,T000325,45556::gpt_comp_s2w_45556_v1.png>>gpt_comp_s2w_45556_v3.png::T000325,,1847,1680,842
45556::gpt_comp_s2w_45556_v1.png||gpt_comp_s2w_45556_v4.png,45556,gpt_comp_s2w_45556_v1.png,gpt_comp_s2w_45556_v4.png,A < B,1,3,0,no,2025-11-02T23:35:28.070538+00:00,T000326,45556::gpt_comp_s2w_45556_v1.png>>gpt_comp_s2w_45556_v4.png::T000326,,4158,1680,842
45556::gpt_comp_s2w_45556_v2.png||gpt_comp_s2w_45556_v3.png,45556,gpt_comp_s2w_45556_v2.png,gpt_comp_s2w_45556_v3.png,A > B,-1,2,0,no,2025-11-02T23:35:03.895266+00:00,T000327,45556::gpt_comp_s2w_45556_v2.png>>gpt_comp_s2w_45556_v3.png::T000327,,3844,1680,842
45556::gpt_comp_s2w_45556_v2.png||gpt_comp_s2w_45556_v4.png,45556,gpt_comp_s2w_45556_v2.png,gpt_comp_s2w_45556_v4.png,A < B,1,3,0,no,2025-11-02T23:35:07.090112+00:00,T000328,45556::gpt_comp_s2w_45556_v2.png>>gpt_comp_s2w_45556_v4.png::T000328,,2327,1680,842
45556::gpt_comp_s2w_45556_v3.png||gpt_comp_s2w_45556_v4.png,45556,gpt_comp_s2w_45556_v3.png,gpt_comp_s2w_45556_v4.png,A < B,1,3,0,no,2025-11-02T23:35:11.525521+00:00,T000329,45556::gpt_comp_s2w_45556_v3.png>>gpt_comp_s2w_45556_v4.png::T000329,,2209,1680,842
46783::gpt_comp_s2w_46783_v1.png||gpt_comp_s2w_46783_v2.png,46783,gpt_comp_s2w_46783_v1.png,gpt_comp_s2w_46783_v2.png,A < B,1,3,0,no,2025-11-02T23:35:51.334073+00:00,T000330,46783::gpt_comp_s2w_46783_v1.png>>gpt_comp_s2w_46783_v2.png::T000330,,1875,1680,842
46783::gpt_comp_s2w_46783_v1.png||gpt_comp_s2w_46783_v3.png,46783,gpt_comp_s2w_46783_v1.png,gpt_comp_s2w_46783_v3.png,A < B,1,3,0,no,2025-11-02T23:35:43.988790+00:00,T000331,46783::gpt_comp_s2w_46783_v1.png>>gpt_comp_s2w_46783_v3.png::T000331,,3691,1680,842
46783::gpt_comp_s2w_46783_v1.png||gpt_comp_s2w_46783_v4.png,46783,gpt_comp_s2w_46783_v1.png,gpt_comp_s2w_46783_v4.png,A < B,1,3,0,no,2025-11-02T23:35:31.802066+00:00,T000332,46783::gpt_comp_s2w_46783_v1.png>>gpt_comp_s2w_46783_v4.png::T000332,,2876,1680,842
46783::gpt_comp_s2w_46783_v2.png||gpt_comp_s2w_46783_v3.png,46783,gpt_comp_s2w_46783_v2.png,gpt_comp_s2w_46783_v3.png,A < B,1,3,0,no,2025-11-02T23:35:48.230718+00:00,T000333,46783::gpt_comp_s2w_46783_v2.png>>gpt_comp_s2w_46783_v3.png::T000333,,2852,1680,842
46783::gpt_comp_s2w_46783_v2.png||gpt_comp_s2w_46783_v4.png,46783,gpt_comp_s2w_46783_v2.png,gpt_comp_s2w_46783_v4.png,A < B,1,3,0,no,2025-11-02T23:35:37.093003+00:00,T000334,46783::gpt_comp_s2w_46783_v2.png>>gpt_comp_s2w_46783_v4.png::T000334,,2504,1680,842
46783::gpt_comp_s2w_46783_v3.png||gpt_comp_s2w_46783_v4.png,46783,gpt_comp_s2w_46783_v3.png,gpt_comp_s2w_46783_v4.png,A < B,1,3,0,no,2025-11-02T23:35:56.358362+00:00,T000335,46783::gpt_comp_s2w_46783_v3.png>>gpt_comp_s2w_46783_v4.png::T000335,,2778,1680,842
47573::gpt_comp_s2w_47573_v1.png||gpt_comp_s2w_47573_v2.png,47573,gpt_comp_s2w_47573_v1.png,gpt_comp_s2w_47573_v2.png,A < B,1,3,0,no,2025-11-02T23:36:19.888167+00:00,T000336,47573::gpt_comp_s2w_47573_v1.png>>gpt_comp_s2w_47573_v2.png::T000336,,3631,1680,842
47573::gpt_comp_s2w_47573_v1.png||gpt_comp_s2w_47573_v3.png,47573,gpt_comp_s2w_47573_v1.png,gpt_comp_s2w_47573_v3.png,A < B,1,3,0,no,2025-11-02T23:36:14.649914+00:00,T000337,47573::gpt_comp_s2w_47573_v1.png>>gpt_comp_s2w_47573_v3.png::T000337,,5563,1680,842
47573::gpt_comp_s2w_47573_v1.png||gpt_comp_s2w_47573_v4.png,47573,gpt_comp_s2w_47573_v1.png,gpt_comp_s2w_47573_v4.png,A < B,1,3,0,no,2025-11-02T23:36:07.484254+00:00,T000338,47573::gpt_comp_s2w_47573_v1.png>>gpt_comp_s2w_47573_v4.png::T000338,,3594,1680,842
47573::gpt_comp_s2w_47573_v2.png||gpt_comp_s2w_47573_v3.png,47573,gpt_comp_s2w_47573_v2.png,gpt_comp_s2w_47573_v3.png,A < B,1,3,0,no,2025-11-02T23:36:22.235865+00:00,T000339,47573::gpt_comp_s2w_47573_v2.png>>gpt_comp_s2w_47573_v3.png::T000339,,1461,1680,842
47573::gpt_comp_s2w_47573_v2.png||gpt_comp_s2w_47573_v4.png,47573,gpt_comp_s2w_47573_v2.png,gpt_comp_s2w_47573_v4.png,A < B,1,3,0,no,2025-11-02T23:36:02.881411+00:00,T000340,47573::gpt_comp_s2w_47573_v2.png>>gpt_comp_s2w_47573_v4.png::T000340,,1631,1680,842
47573::gpt_comp_s2w_47573_v3.png||gpt_comp_s2w_47573_v4.png,47573,gpt_comp_s2w_47573_v3.png,gpt_comp_s2w_47573_v4.png,A < B,1,3,0,no,2025-11-02T23:36:00.189093+00:00,T000341,47573::gpt_comp_s2w_47573_v3.png>>gpt_comp_s2w_47573_v4.png::T000341,,2764,1680,842
49070::gpt_comp_s2w_49070_v1.png||gpt_comp_s2w_49070_v2.png,49070,gpt_comp_s2w_49070_v1.png,gpt_comp_s2w_49070_v2.png,A > B,-1,2,0,no,2025-11-02T23:36:32.798880+00:00,T000342,49070::gpt_comp_s2w_49070_v1.png>>gpt_comp_s2w_49070_v2.png::T000342,,3380,1680,842
49070::gpt_comp_s2w_49070_v1.png||gpt_comp_s2w_49070_v3.png,49070,gpt_comp_s2w_49070_v1.png,gpt_comp_s2w_49070_v3.png,A > B,-1,2,0,no,2025-11-02T23:36:37.525231+00:00,T000343,49070::gpt_comp_s2w_49070_v1.png>>gpt_comp_s2w_49070_v3.png::T000343,,3164,1680,842
49070::gpt_comp_s2w_49070_v1.png||gpt_comp_s2w_49070_v4.png,49070,gpt_comp_s2w_49070_v1.png,gpt_comp_s2w_49070_v4.png,A > B,-1,2,0,no,2025-11-02T23:36:49.623331+00:00,T000344,49070::gpt_comp_s2w_49070_v1.png>>gpt_comp_s2w_49070_v4.png::T000344,,4256,1680,842
49070::gpt_comp_s2w_49070_v2.png||gpt_comp_s2w_49070_v3.png,49070,gpt_comp_s2w_49070_v2.png,gpt_comp_s2w_49070_v3.png,A < B,1,3,0,no,2025-11-02T23:36:43.942263+00:00,T000345,49070::gpt_comp_s2w_49070_v2.png>>gpt_comp_s2w_49070_v3.png::T000345,,5371,1680,842
49070::gpt_comp_s2w_49070_v2.png||gpt_comp_s2w_49070_v4.png,49070,gpt_comp_s2w_49070_v2.png,gpt_comp_s2w_49070_v4.png,A < B,1,3,0,no,2025-11-02T23:36:28.243879+00:00,T000346,49070::gpt_comp_s2w_49070_v2.png>>gpt_comp_s2w_49070_v4.png::T000346,,5139,1680,842
49070::gpt_comp_s2w_49070_v3.png||gpt_comp_s2w_49070_v4.png,49070,gpt_comp_s2w_49070_v3.png,gpt_comp_s2w_49070_v4.png,A > B,-1,2,0,no,2025-11-02T23:36:57.415866+00:00,T000347,49070::gpt_comp_s2w_49070_v3.png>>gpt_comp_s2w_49070_v4.png::T000347,,3932,1680,842
49428::gemini_comp_s2w_49428_v1.png||gemini_comp_s2w_49428_v2.png,49428,gemini_comp_s2w_49428_v1.png,gemini_comp_s2w_49428_v2.png,A < B,1,3,0,no,2025-11-02T23:37:12.170478+00:00,T000348,49428::gemini_comp_s2w_49428_v1.png>>gemini_comp_s2w_49428_v2.png::T000348,,2790,1680,842
49428::gemini_comp_s2w_49428_v1.png||gemini_comp_s2w_49428_v3.png,49428,gemini_comp_s2w_49428_v1.png,gemini_comp_s2w_49428_v3.png,A < B,1,3,0,no,2025-11-02T23:37:02.023415+00:00,T000349,49428::gemini_comp_s2w_49428_v1.png>>gemini_comp_s2w_49428_v3.png::T000349,,3567,1680,842
49428::gemini_comp_s2w_49428_v1.png||gemini_comp_s2w_49428_v4.png,49428,gemini_comp_s2w_49428_v1.png,gemini_comp_s2w_49428_v4.png,A < B,1,3,0,no,2025-11-02T23:37:17.545176+00:00,T000350,49428::gemini_comp_s2w_49428_v1.png>>gemini_comp_s2w_49428_v4.png::T000350,,3940,1680,842
49428::gemini_comp_s2w_49428_v2.png||gemini_comp_s2w_49428_v3.png,49428,gemini_comp_s2w_49428_v2.png,gemini_comp_s2w_49428_v3.png,A < B,1,3,0,no,2025-11-02T23:37:24.385132+00:00,T000351,49428::gemini_comp_s2w_49428_v2.png>>gemini_comp_s2w_49428_v3.png::T000351,,5894,1680,842
49428::gemini_comp_s2w_49428_v2.png||gemini_comp_s2w_49428_v4.png,49428,gemini_comp_s2w_49428_v2.png,gemini_comp_s2w_49428_v4.png,A < B,1,"2,3",1,no,2025-11-02T23:37:08.151224+00:00,T000352,49428::gemini_comp_s2w_49428_v2.png>>gemini_comp_s2w_49428_v4.png::T000352,,1107,1680,842
49428::gemini_comp_s2w_49428_v3.png||gemini_comp_s2w_49428_v4.png,49428,gemini_comp_s2w_49428_v3.png,gemini_comp_s2w_49428_v4.png,A > B,-1,2,0,no,2025-11-02T23:37:29.324997+00:00,T000353,49428::gemini_comp_s2w_49428_v3.png>>gemini_comp_s2w_49428_v4.png::T000353,,3984,1680,842
50565::gpt_comp_s2w_50565_v1.png||gpt_comp_s2w_50565_v2.png,50565,gpt_comp_s2w_50565_v1.png,gpt_comp_s2w_50565_v2.png,A < B,1,3,0,no,2025-11-02T23:37:59.323741+00:00,T000354,50565::gpt_comp_s2w_50565_v1.png>>gpt_comp_s2w_50565_v2.png::T000354,,6472,1680,842
50565::gpt_comp_s2w_50565_v1.png||gpt_comp_s2w_50565_v3.png,50565,gpt_comp_s2w_50565_v1.png,gpt_comp_s2w_50565_v3.png,A < B,1,3,0,no,2025-11-02T23:37:43.278301+00:00,T000355,50565::gpt_comp_s2w_50565_v1.png>>gpt_comp_s2w_50565_v3.png::T000355,,2509,1680,842
50565::gpt_comp_s2w_50565_v1.png||gpt_comp_s2w_50565_v4.png,50565,gpt_comp_s2w_50565_v1.png,gpt_comp_s2w_50565_v4.png,A > B,-1,2,0,no,2025-11-02T23:37:47.020563+00:00,T000356,50565::gpt_comp_s2w_50565_v1.png>>gpt_comp_s2w_50565_v4.png::T000356,,2869,1680,842
50565::gpt_comp_s2w_50565_v2.png||gpt_comp_s2w_50565_v3.png,50565,gpt_comp_s2w_50565_v2.png,gpt_comp_s2w_50565_v3.png,A < B,1,3,0,no,2025-11-02T23:37:51.506980+00:00,T000357,50565::gpt_comp_s2w_50565_v2.png>>gpt_comp_s2w_50565_v3.png::T000357,,1789,1680,842
50565::gpt_comp_s2w_50565_v2.png||gpt_comp_s2w_50565_v4.png,50565,gpt_comp_s2w_50565_v2.png,gpt_comp_s2w_50565_v4.png,A < B,1,3,0,no,2025-11-02T23:37:35.941717+00:00,T000358,50565::gpt_comp_s2w_50565_v2.png>>gpt_comp_s2w_50565_v4.png::T000358,,5260,1680,842
50565::gpt_comp_s2w_50565_v3.png||gpt_comp_s2w_50565_v4.png,50565,gpt_comp_s2w_50565_v3.png,gpt_comp_s2w_50565_v4.png,A > B,-1,2,0,no,2025-11-02T23:37:39.520228+00:00,T000359,50565::gpt_comp_s2w_50565_v3.png>>gpt_comp_s2w_50565_v4.png::T000359,,2689,1680,842
51339::gpt_comp_s2w_51339_v1.png||gpt_comp_s2w_51339_v2.png,51339,gpt_comp_s2w_51339_v1.png,gpt_comp_s2w_51339_v2.png,A < B,1,3,0,no,2025-11-02T23:38:02.832656+00:00,T000360,51339::gpt_comp_s2w_51339_v1.png>>gpt_comp_s2w_51339_v2.png::T000360,,2599,1680,842
51339::gpt_comp_s2w_51339_v1.png||gpt_comp_s2w_51339_v3.png,51339,gpt_comp_s2w_51339_v1.png,gpt_comp_s2w_51339_v3.png,A >> B,-2,1,0,no,2025-11-02T23:38:13.601769+00:00,T000361,51339::gpt_comp_s2w_51339_v1.png>>gpt_comp_s2w_51339_v3.png::T000361,,2241,1680,842
51339::gpt_comp_s2w_51339_v1.png||gpt_comp_s2w_51339_v4.png,51339,gpt_comp_s2w_51339_v1.png,gpt_comp_s2w_51339_v4.png,A < B,1,3,0,no,2025-11-02T23:38:10.591331+00:00,T000362,51339::gpt_comp_s2w_51339_v1.png>>gpt_comp_s2w_51339_v4.png::T000362,,3416,1680,842
51339::gpt_comp_s2w_51339_v2.png||gpt_comp_s2w_51339_v3.png,51339,gpt_comp_s2w_51339_v2.png,gpt_comp_s2w_51339_v3.png,A > B,-1,2,0,no,2025-11-02T23:38:06.080996+00:00,T000363,51339::gpt_comp_s2w_51339_v2.png>>gpt_comp_s2w_51339_v3.png::T000363,,2242,1680,842
51339::gpt_comp_s2w_51339_v2.png||gpt_comp_s2w_51339_v4.png,51339,gpt_comp_s2w_51339_v2.png,gpt_comp_s2w_51339_v4.png,A > B,-1,2,0,no,2025-11-02T23:38:18.454921+00:00,T000364,51339::gpt_comp_s2w_51339_v2.png>>gpt_comp_s2w_51339_v4.png::T000364,,3921,1680,842
51339::gpt_comp_s2w_51339_v3.png||gpt_comp_s2w_51339_v4.png,51339,gpt_comp_s2w_51339_v3.png,gpt_comp_s2w_51339_v4.png,A << B,2,4,0,no,2025-11-02T23:38:21.702365+00:00,T000365,51339::gpt_comp_s2w_51339_v3.png>>gpt_comp_s2w_51339_v4.png::T000365,,2336,1680,842
52014::gpt_comp_s2w_52014_v1.png||gpt_comp_s2w_52014_v2.png,52014,gpt_comp_s2w_52014_v1.png,gpt_comp_s2w_52014_v2.png,A << B,2,4,0,no,2025-11-02T23:38:31.497489+00:00,T000366,52014::gpt_comp_s2w_52014_v1.png>>gpt_comp_s2w_52014_v2.png::T000366,,2830,1680,842
52014::gpt_comp_s2w_52014_v1.png||gpt_comp_s2w_52014_v3.png,52014,gpt_comp_s2w_52014_v1.png,gpt_comp_s2w_52014_v3.png,A < B,1,3,0,no,2025-11-02T23:38:38.340831+00:00,T000367,52014::gpt_comp_s2w_52014_v1.png>>gpt_comp_s2w_52014_v3.png::T000367,,2954,1680,842
52014::gpt_comp_s2w_52014_v1.png||gpt_comp_s2w_52014_v4.png,52014,gpt_comp_s2w_52014_v1.png,gpt_comp_s2w_52014_v4.png,A > B,-1,2,0,no,2025-11-02T23:38:41.253087+00:00,T000368,52014::gpt_comp_s2w_52014_v1.png>>gpt_comp_s2w_52014_v4.png::T000368,,1814,1680,842
52014::gpt_comp_s2w_52014_v2.png||gpt_comp_s2w_52014_v3.png,52014,gpt_comp_s2w_52014_v2.png,gpt_comp_s2w_52014_v3.png,A > B,-1,2,0,no,2025-11-02T23:38:44.023901+00:00,T000369,52014::gpt_comp_s2w_52014_v2.png>>gpt_comp_s2w_52014_v3.png::T000369,,1853,1680,842
52014::gpt_comp_s2w_52014_v2.png||gpt_comp_s2w_52014_v4.png,52014,gpt_comp_s2w_52014_v2.png,gpt_comp_s2w_52014_v4.png,A >> B,-2,1,0,no,2025-11-02T23:38:34.570553+00:00,T000370,52014::gpt_comp_s2w_52014_v2.png>>gpt_comp_s2w_52014_v4.png::T000370,,2097,1680,842
52014::gpt_comp_s2w_52014_v3.png||gpt_comp_s2w_52014_v4.png,52014,gpt_comp_s2w_52014_v3.png,gpt_comp_s2w_52014_v4.png,A > B,-1,2,0,no,2025-11-02T23:38:27.455865+00:00,T000371,52014::gpt_comp_s2w_52014_v3.png>>gpt_comp_s2w_52014_v4.png::T000371,,4854,1680,842
53497::gemini_comp_s2w_53497_v1.png||gemini_comp_s2w_53497_v2.png,53497,gemini_comp_s2w_53497_v1.png,gemini_comp_s2w_53497_v2.png,A > B,-1,2,0,no,2025-11-02T23:39:40.779375+00:00,T000372,53497::gemini_comp_s2w_53497_v1.png>>gemini_comp_s2w_53497_v2.png::T000372,,1290,1680,842
53497::gemini_comp_s2w_53497_v1.png||gemini_comp_s2w_53497_v3.png,53497,gemini_comp_s2w_53497_v1.png,gemini_comp_s2w_53497_v3.png,A > B,-1,2,0,no,2025-11-02T23:39:12.018274+00:00,T000373,53497::gemini_comp_s2w_53497_v1.png>>gemini_comp_s2w_53497_v3.png::T000373,,3443,1680,842
53497::gemini_comp_s2w_53497_v1.png||gemini_comp_s2w_53497_v4.png,53497,gemini_comp_s2w_53497_v1.png,gemini_comp_s2w_53497_v4.png,A > B,-1,2,0,no,2025-11-02T23:39:38.629400+00:00,T000374,53497::gemini_comp_s2w_53497_v1.png>>gemini_comp_s2w_53497_v4.png::T000374,,25127,1680,842
53497::gemini_comp_s2w_53497_v2.png||gemini_comp_s2w_53497_v3.png,53497,gemini_comp_s2w_53497_v2.png,gemini_comp_s2w_53497_v3.png,A < B,1,3,0,no,2025-11-02T23:38:57.910408+00:00,T000375,53497::gemini_comp_s2w_53497_v2.png>>gemini_comp_s2w_53497_v3.png::T000375,,12964,1680,842
53497::gemini_comp_s2w_53497_v2.png||gemini_comp_s2w_53497_v4.png,53497,gemini_comp_s2w_53497_v2.png,gemini_comp_s2w_53497_v4.png,A > B,-1,2,0,no,2025-11-02T23:39:06.689585+00:00,T000376,53497::gemini_comp_s2w_53497_v2.png>>gemini_comp_s2w_53497_v4.png::T000376,,7872,1680,842
53497::gemini_comp_s2w_53497_v3.png||gemini_comp_s2w_53497_v4.png,53497,gemini_comp_s2w_53497_v3.png,gemini_comp_s2w_53497_v4.png,A > B,-1,2,0,no,2025-11-02T23:39:44.761558+00:00,T000377,53497::gemini_comp_s2w_53497_v3.png>>gemini_comp_s2w_53497_v4.png::T000377,,3049,1680,842
54988::gpt_comp_s2w_54988_v1.png||gpt_comp_s2w_54988_v2.png,54988,gpt_comp_s2w_54988_v1.png,gpt_comp_s2w_54988_v2.png,A < B,1,3,0,no,2025-11-02T23:40:08.363231+00:00,T000378,54988::gpt_comp_s2w_54988_v1.png>>gpt_comp_s2w_54988_v2.png::T000378,,1292,1680,842
54988::gpt_comp_s2w_54988_v1.png||gpt_comp_s2w_54988_v3.png,54988,gpt_comp_s2w_54988_v1.png,gpt_comp_s2w_54988_v3.png,A < B,1,3,0,no,2025-11-02T23:39:50.183852+00:00,T000379,54988::gpt_comp_s2w_54988_v1.png>>gpt_comp_s2w_54988_v3.png::T000379,,4356,1680,842
54988::gpt_comp_s2w_54988_v1.png||gpt_comp_s2w_54988_v4.png,54988,gpt_comp_s2w_54988_v1.png,gpt_comp_s2w_54988_v4.png,A < B,1,3,0,no,2025-11-02T23:40:06.120229+00:00,T000380,54988::gpt_comp_s2w_54988_v1.png>>gpt_comp_s2w_54988_v4.png::T000380,,2020,1680,842
54988::gpt_comp_s2w_54988_v2.png||gpt_comp_s2w_54988_v3.png,54988,gpt_comp_s2w_54988_v2.png,gpt_comp_s2w_54988_v3.png,A > B,-1,2,0,no,2025-11-02T23:40:13.667541+00:00,T000381,54988::gpt_comp_s2w_54988_v2.png>>gpt_comp_s2w_54988_v3.png::T000381,,3326,1680,842
54988::gpt_comp_s2w_54988_v2.png||gpt_comp_s2w_54988_v4.png,54988,gpt_comp_s2w_54988_v2.png,gpt_comp_s2w_54988_v4.png,A > B,-1,2,0,no,2025-11-02T23:39:57.135127+00:00,T000382,54988::gpt_comp_s2w_54988_v2.png>>gpt_comp_s2w_54988_v4.png::T000382,,6048,1680,842
54988::gpt_comp_s2w_54988_v3.png||gpt_comp_s2w_54988_v4.png,54988,gpt_comp_s2w_54988_v3.png,gpt_comp_s2w_54988_v4.png,A > B,-1,2,0,no,2025-11-02T23:40:02.667466+00:00,T000383,54988::gpt_comp_s2w_54988_v3.png>>gpt_comp_s2w_54988_v4.png::T000383,,4621,1680,842
55305::gpt_comp_s2w_55305_v1.png||gpt_comp_s2w_55305_v2.png,55305,gpt_comp_s2w_55305_v1.png,gpt_comp_s2w_55305_v2.png,A < B,1,3,0,no,2025-11-02T23:40:27.221378+00:00,T000384,55305::gpt_comp_s2w_55305_v1.png>>gpt_comp_s2w_55305_v2.png::T000384,,2215,1680,842
55305::gpt_comp_s2w_55305_v1.png||gpt_comp_s2w_55305_v3.png,55305,gpt_comp_s2w_55305_v1.png,gpt_comp_s2w_55305_v3.png,A > B,-1,2,0,no,2025-11-02T23:40:18.440854+00:00,T000385,55305::gpt_comp_s2w_55305_v1.png>>gpt_comp_s2w_55305_v3.png::T000385,,3784,1680,842
55305::gpt_comp_s2w_55305_v1.png||gpt_comp_s2w_55305_v4.png,55305,gpt_comp_s2w_55305_v1.png,gpt_comp_s2w_55305_v4.png,A < B,1,3,0,no,2025-11-02T23:40:23.989263+00:00,T000386,55305::gpt_comp_s2w_55305_v1.png>>gpt_comp_s2w_55305_v4.png::T000386,,3881,1680,842
55305::gpt_comp_s2w_55305_v2.png||gpt_comp_s2w_55305_v3.png,55305,gpt_comp_s2w_55305_v2.png,gpt_comp_s2w_55305_v3.png,A > B,-1,2,0,no,2025-11-02T23:40:36.335226+00:00,T000387,55305::gpt_comp_s2w_55305_v2.png>>gpt_comp_s2w_55305_v3.png::T000387,,1545,1680,842
55305::gpt_comp_s2w_55305_v2.png||gpt_comp_s2w_55305_v4.png,55305,gpt_comp_s2w_55305_v2.png,gpt_comp_s2w_55305_v4.png,A < B,1,"2,3",1,no,2025-11-02T23:40:42.894640+00:00,T000388,55305::gpt_comp_s2w_55305_v2.png>>gpt_comp_s2w_55305_v4.png::T000388,,2917,1680,842
55305::gpt_comp_s2w_55305_v3.png||gpt_comp_s2w_55305_v4.png,55305,gpt_comp_s2w_55305_v3.png,gpt_comp_s2w_55305_v4.png,A > B,-1,2,0,no,2025-11-02T23:40:33.906920+00:00,T000389,55305::gpt_comp_s2w_55305_v3.png>>gpt_comp_s2w_55305_v4.png::T000389,,4888,1680,842
5651::gpt_comp_s2w_5651_v1.png||gpt_comp_s2w_5651_v2.png,5651,gpt_comp_s2w_5651_v1.png,gpt_comp_s2w_5651_v2.png,A < B,1,3,0,no,2025-11-02T23:40:57.343742+00:00,T000390,5651::gpt_comp_s2w_5651_v1.png>>gpt_comp_s2w_5651_v2.png::T000390,,2165,1680,842
5651::gpt_comp_s2w_5651_v1.png||gpt_comp_s2w_5651_v3.png,5651,gpt_comp_s2w_5651_v1.png,gpt_comp_s2w_5651_v3.png,A < B,1,3,0,no,2025-11-02T23:41:07.465439+00:00,T000391,5651::gpt_comp_s2w_5651_v1.png>>gpt_comp_s2w_5651_v3.png::T000391,,2313,1680,842
5651::gpt_comp_s2w_5651_v1.png||gpt_comp_s2w_5651_v4.png,5651,gpt_comp_s2w_5651_v1.png,gpt_comp_s2w_5651_v4.png,A < B,1,3,0,no,2025-11-02T23:40:49.625235+00:00,T000392,5651::gpt_comp_s2w_5651_v1.png>>gpt_comp_s2w_5651_v4.png::T000392,,5211,1680,842
5651::gpt_comp_s2w_5651_v2.png||gpt_comp_s2w_5651_v3.png,5651,gpt_comp_s2w_5651_v2.png,gpt_comp_s2w_5651_v3.png,A > B,-1,2,0,no,2025-11-02T23:40:54.068894+00:00,T000393,5651::gpt_comp_s2w_5651_v2.png>>gpt_comp_s2w_5651_v3.png::T000393,,3599,1680,842
5651::gpt_comp_s2w_5651_v2.png||gpt_comp_s2w_5651_v4.png,5651,gpt_comp_s2w_5651_v2.png,gpt_comp_s2w_5651_v4.png,A > B,-1,2,0,no,2025-11-02T23:41:12.445904+00:00,T000394,5651::gpt_comp_s2w_5651_v2.png>>gpt_comp_s2w_5651_v4.png::T000394,,2878,1680,842
5651::gpt_comp_s2w_5651_v3.png||gpt_comp_s2w_5651_v4.png,5651,gpt_comp_s2w_5651_v3.png,gpt_comp_s2w_5651_v4.png,A > B,-1,2,0,no,2025-11-02T23:41:04.304466+00:00,T000395,5651::gpt_comp_s2w_5651_v3.png>>gpt_comp_s2w_5651_v4.png::T000395,,6104,1680,842
56961::gpt_comp_s2w_56961_v1.png||gpt_comp_s2w_56961_v2.png,56961,gpt_comp_s2w_56961_v1.png,gpt_comp_s2w_56961_v2.png,A > B,-1,2,0,no,2025-11-02T23:41:37.493648+00:00,T000396,56961::gpt_comp_s2w_56961_v1.png>>gpt_comp_s2w_56961_v2.png::T000396,,3547,1680,842
56961::gpt_comp_s2w_56961_v1.png||gpt_comp_s2w_56961_v3.png,56961,gpt_comp_s2w_56961_v1.png,gpt_comp_s2w_56961_v3.png,A < B,1,3,0,no,2025-11-02T23:41:40.420356+00:00,T000397,56961::gpt_comp_s2w_56961_v1.png>>gpt_comp_s2w_56961_v3.png::T000397,,1958,1680,842
56961::gpt_comp_s2w_56961_v1.png||gpt_comp_s2w_56961_v4.png,56961,gpt_comp_s2w_56961_v1.png,gpt_comp_s2w_56961_v4.png,A < B,1,3,0,no,2025-11-02T23:41:27.705673+00:00,T000398,56961::gpt_comp_s2w_56961_v1.png>>gpt_comp_s2w_56961_v4.png::T000398,,2236,1680,842
56961::gpt_comp_s2w_56961_v2.png||gpt_comp_s2w_56961_v3.png,56961,gpt_comp_s2w_56961_v2.png,gpt_comp_s2w_56961_v3.png,A > B,-1,2,0,no,2025-11-02T23:41:24.487893+00:00,T000399,56961::gpt_comp_s2w_56961_v2.png>>gpt_comp_s2w_56961_v3.png::T000399,,9677,1680,842
56961::gpt_comp_s2w_56961_v2.png||gpt_comp_s2w_56961_v4.png,56961,gpt_comp_s2w_56961_v2.png,gpt_comp_s2w_56961_v4.png,A < B,1,3,0,no,2025-11-02T23:41:33.083230+00:00,T000400,56961::gpt_comp_s2w_56961_v2.png>>gpt_comp_s2w_56961_v4.png::T000400,,4480,1680,842
56961::gpt_comp_s2w_56961_v3.png||gpt_comp_s2w_56961_v4.png,56961,gpt_comp_s2w_56961_v3.png,gpt_comp_s2w_56961_v4.png,A > B,-1,2,0,no,2025-11-02T23:41:45.589542+00:00,T000401,56961::gpt_comp_s2w_56961_v3.png>>gpt_comp_s2w_56961_v4.png::T000401,,4234,1680,842
5763::gpt_comp_s2w_5763_v1.png||gpt_comp_s2w_5763_v2.png,5763,gpt_comp_s2w_5763_v1.png,gpt_comp_s2w_5763_v2.png,A < B,1,3,0,no,2025-11-02T23:44:54.661947+00:00,T000402,5763::gpt_comp_s2w_5763_v1.png>>gpt_comp_s2w_5763_v2.png::T000402,,1418,1680,842
5763::gpt_comp_s2w_5763_v1.png||gpt_comp_s2w_5763_v3.png,5763,gpt_comp_s2w_5763_v1.png,gpt_comp_s2w_5763_v3.png,A < B,1,3,0,no,2025-11-02T23:44:45.592197+00:00,T000403,5763::gpt_comp_s2w_5763_v1.png>>gpt_comp_s2w_5763_v3.png::T000403,,3054,1680,842
5763::gpt_comp_s2w_5763_v1.png||gpt_comp_s2w_5763_v4.png,5763,gpt_comp_s2w_5763_v1.png,gpt_comp_s2w_5763_v4.png,A < B,1,3,0,no,2025-11-02T23:44:41.439344+00:00,T000404,5763::gpt_comp_s2w_5763_v1.png>>gpt_comp_s2w_5763_v4.png::T000404,,169965,1680,842
5763::gpt_comp_s2w_5763_v2.png||gpt_comp_s2w_5763_v3.png,5763,gpt_comp_s2w_5763_v2.png,gpt_comp_s2w_5763_v3.png,A < B,1,3,0,no,2025-11-02T23:44:52.106654+00:00,T000405,5763::gpt_comp_s2w_5763_v2.png>>gpt_comp_s2w_5763_v3.png::T000405,,1564,1680,842
5763::gpt_comp_s2w_5763_v2.png||gpt_comp_s2w_5763_v4.png,5763,gpt_comp_s2w_5763_v2.png,gpt_comp_s2w_5763_v4.png,A < B,1,3,0,no,2025-11-02T23:44:49.634939+00:00,T000406,5763::gpt_comp_s2w_5763_v2.png>>gpt_comp_s2w_5763_v4.png::T000406,,3167,1680,842
5763::gpt_comp_s2w_5763_v3.png||gpt_comp_s2w_5763_v4.png,5763,gpt_comp_s2w_5763_v3.png,gpt_comp_s2w_5763_v4.png,A > B,-1,2,0,no,2025-11-02T23:41:50.198049+00:00,T000407,5763::gpt_comp_s2w_5763_v3.png>>gpt_comp_s2w_5763_v4.png::T000407,,3662,1680,842
57893::gpt_comp_s2w_57893_v1.png||gpt_comp_s2w_57893_v2.png,57893,gpt_comp_s2w_57893_v1.png,gpt_comp_s2w_57893_v2.png,A > B,-1,2,0,no,2025-11-02T23:45:13.518990+00:00,T000408,57893::gpt_comp_s2w_57893_v1.png>>gpt_comp_s2w_57893_v2.png::T000408,,1687,1680,842
57893::gpt_comp_s2w_57893_v1.png||gpt_comp_s2w_57893_v3.png,57893,gpt_comp_s2w_57893_v1.png,gpt_comp_s2w_57893_v3.png,A > B,-1,2,0,no,2025-11-02T23:44:58.769029+00:00,T000409,57893::gpt_comp_s2w_57893_v1.png>>gpt_comp_s2w_57893_v3.png::T000409,,3120,1680,842
57893::gpt_comp_s2w_57893_v1.png||gpt_comp_s2w_57893_v4.png,57893,gpt_comp_s2w_57893_v1.png,gpt_comp_s2w_57893_v4.png,A >> B,-2,"2,1",1,no,2025-11-02T23:45:04.519791+00:00,T000410,57893::gpt_comp_s2w_57893_v1.png>>gpt_comp_s2w_57893_v4.png::T000410,,1381,1680,842
57893::gpt_comp_s2w_57893_v2.png||gpt_comp_s2w_57893_v3.png,57893,gpt_comp_s2w_57893_v2.png,gpt_comp_s2w_57893_v3.png,A > B,-1,2,0,no,2025-11-02T23:45:21.385952+00:00,T000411,57893::gpt_comp_s2w_57893_v2.png>>gpt_comp_s2w_57893_v3.png::T000411,,7122,1680,842
57893::gpt_comp_s2w_57893_v2.png||gpt_comp_s2w_57893_v4.png,57893,gpt_comp_s2w_57893_v2.png,gpt_comp_s2w_57893_v4.png,A > B,-1,2,0,no,2025-11-02T23:45:10.595003+00:00,T000412,57893::gpt_comp_s2w_57893_v2.png>>gpt_comp_s2w_57893_v4.png::T000412,,5043,1680,842
57893::gpt_comp_s2w_57893_v3.png||gpt_comp_s2w_57893_v4.png,57893,gpt_comp_s2w_57893_v3.png,gpt_comp_s2w_57893_v4.png,A >> B,-2,1,0,no,2025-11-02T23:45:24.424448+00:00,T000413,57893::gpt_comp_s2w_57893_v3.png>>gpt_comp_s2w_57893_v4.png::T000413,,2347,1680,842
58376::gemini_comp_s2w_58376_v1.png||gemini_comp_s2w_58376_v2.png,58376,gemini_comp_s2w_58376_v1.png,gemini_comp_s2w_58376_v2.png,A > B,-1,2,0,no,2025-11-02T23:45:45.583831+00:00,T000414,58376::gemini_comp_s2w_58376_v1.png>>gemini_comp_s2w_58376_v2.png::T000414,,3387,1680,842
58376::gemini_comp_s2w_58376_v1.png||gemini_comp_s2w_58376_v3.png,58376,gemini_comp_s2w_58376_v1.png,gemini_comp_s2w_58376_v3.png,A > B,-1,2,0,no,2025-11-02T23:45:32.336429+00:00,T000415,58376::gemini_comp_s2w_58376_v1.png>>gemini_comp_s2w_58376_v3.png::T000415,,1995,1680,842
58376::gemini_comp_s2w_58376_v1.png||gemini_comp_s2w_58376_v4.png,58376,gemini_comp_s2w_58376_v1.png,gemini_comp_s2w_58376_v4.png,A < B,1,"2,3",1,no,2025-11-02T23:45:51.860170+00:00,T000416,58376::gemini_comp_s2w_58376_v1.png>>gemini_comp_s2w_58376_v4.png::T000416,,1864,1680,842
58376::gemini_comp_s2w_58376_v2.png||gemini_comp_s2w_58376_v3.png,58376,gemini_comp_s2w_58376_v2.png,gemini_comp_s2w_58376_v3.png,A < B,1,3,0,no,2025-11-02T23:45:38.353778+00:00,T000417,58376::gemini_comp_s2w_58376_v2.png>>gemini_comp_s2w_58376_v3.png::T000417,,4613,1680,842
58376::gemini_comp_s2w_58376_v2.png||gemini_comp_s2w_58376_v4.png,58376,gemini_comp_s2w_58376_v2.png,gemini_comp_s2w_58376_v4.png,A < B,1,3,0,no,2025-11-02T23:45:29.433950+00:00,T000418,58376::gemini_comp_s2w_58376_v2.png>>gemini_comp_s2w_58376_v4.png::T000418,,4167,1680,842
58376::gemini_comp_s2w_58376_v3.png||gemini_comp_s2w_58376_v4.png,58376,gemini_comp_s2w_58376_v3.png,gemini_comp_s2w_58376_v4.png,A > B,-1,2,0,no,2025-11-02T23:45:41.201075+00:00,T000419,58376::gemini_comp_s2w_58376_v3.png>>gemini_comp_s2w_58376_v4.png::T000419,,2094,1680,842
59228::gpt_comp_s2w_59228_v1.png||gpt_comp_s2w_59228_v2.png,59228,gpt_comp_s2w_59228_v1.png,gpt_comp_s2w_59228_v2.png,A > B,-1,2,0,no,2025-11-02T23:46:17.790517+00:00,T000420,59228::gpt_comp_s2w_59228_v1.png>>gpt_comp_s2w_59228_v2.png::T000420,,3401,1680,842
59228::gpt_comp_s2w_59228_v1.png||gpt_comp_s2w_59228_v3.png,59228,gpt_comp_s2w_59228_v1.png,gpt_comp_s2w_59228_v3.png,A < B,1,3,0,no,2025-11-02T23:46:08.766983+00:00,T000421,59228::gpt_comp_s2w_59228_v1.png>>gpt_comp_s2w_59228_v3.png::T000421,,5056,1680,842
59228::gpt_comp_s2w_59228_v1.png||gpt_comp_s2w_59228_v4.png,59228,gpt_comp_s2w_59228_v1.png,gpt_comp_s2w_59228_v4.png,A < B,1,3,0,no,2025-11-02T23:46:02.868228+00:00,T000422,59228::gpt_comp_s2w_59228_v1.png>>gpt_comp_s2w_59228_v4.png::T000422,,5363,1680,842
59228::gpt_comp_s2w_59228_v2.png||gpt_comp_s2w_59228_v3.png,59228,gpt_comp_s2w_59228_v2.png,gpt_comp_s2w_59228_v3.png,A >> B,-2,1,0,no,2025-11-02T23:46:13.469720+00:00,T000423,59228::gpt_comp_s2w_59228_v2.png>>gpt_comp_s2w_59228_v3.png::T000423,,3604,1680,842
59228::gpt_comp_s2w_59228_v2.png||gpt_comp_s2w_59228_v4.png,59228,gpt_comp_s2w_59228_v2.png,gpt_comp_s2w_59228_v4.png,A > B,-1,2,0,no,2025-11-02T23:46:23.960077+00:00,T000424,59228::gpt_comp_s2w_59228_v2.png>>gpt_comp_s2w_59228_v4.png::T000424,,5129,1680,842
59228::gpt_comp_s2w_59228_v3.png||gpt_comp_s2w_59228_v4.png,59228,gpt_comp_s2w_59228_v3.png,gpt_comp_s2w_59228_v4.png,A > B,-1,2,0,no,2025-11-02T23:45:56.057471+00:00,T000425,59228::gpt_comp_s2w_59228_v3.png>>gpt_comp_s2w_59228_v4.png::T000425,,2716,1680,842
59493::gemini_comp_s2w_59493_v1.png||gemini_comp_s2w_59493_v2.png,59493,gemini_comp_s2w_59493_v1.png,gemini_comp_s2w_59493_v2.png,A < B,1,3,0,no,2025-11-02T23:46:32.487722+00:00,T000426,59493::gemini_comp_s2w_59493_v1.png>>gemini_comp_s2w_59493_v2.png::T000426,,7535,1680,842
59493::gemini_comp_s2w_59493_v1.png||gemini_comp_s2w_59493_v3.png,59493,gemini_comp_s2w_59493_v1.png,gemini_comp_s2w_59493_v3.png,A < B,1,3,0,no,2025-11-02T23:46:34.986167+00:00,T000427,59493::gemini_comp_s2w_59493_v1.png>>gemini_comp_s2w_59493_v3.png::T000427,,1468,1680,842
59493::gemini_comp_s2w_59493_v1.png||gemini_comp_s2w_59493_v4.png,59493,gemini_comp_s2w_59493_v1.png,gemini_comp_s2w_59493_v4.png,A < B,1,3,0,no,2025-11-02T23:46:59.937094+00:00,T000428,59493::gemini_comp_s2w_59493_v1.png>>gemini_comp_s2w_59493_v4.png::T000428,,6349,1680,842
59493::gemini_comp_s2w_59493_v2.png||gemini_comp_s2w_59493_v3.png,59493,gemini_comp_s2w_59493_v2.png,gemini_comp_s2w_59493_v3.png,A > B,-1,2,0,no,2025-11-02T23:46:48.713119+00:00,T000429,59493::gemini_comp_s2w_59493_v2.png>>gemini_comp_s2w_59493_v3.png::T000429,,8474,1680,842
59493::gemini_comp_s2w_59493_v2.png||gemini_comp_s2w_59493_v4.png,59493,gemini_comp_s2w_59493_v2.png,gemini_comp_s2w_59493_v4.png,A < B,1,3,0,no,2025-11-02T23:46:51.813589+00:00,T000430,59493::gemini_comp_s2w_59493_v2.png>>gemini_comp_s2w_59493_v4.png::T000430,,2091,1680,842
59493::gemini_comp_s2w_59493_v3.png||gemini_comp_s2w_59493_v4.png,59493,gemini_comp_s2w_59493_v3.png,gemini_comp_s2w_59493_v4.png,A < B,1,3,0,no,2025-11-02T23:46:39.291189+00:00,T000431,59493::gemini_comp_s2w_59493_v3.png>>gemini_comp_s2w_59493_v4.png::T000431,,3386,1680,842
60062::gemini_comp_s2w_60062_v1.png||gemini_comp_s2w_60062_v2.png,60062,gemini_comp_s2w_60062_v1.png,gemini_comp_s2w_60062_v2.png,A >> B,-2,1,0,no,2025-11-02T23:47:06.335847+00:00,T000432,60062::gemini_comp_s2w_60062_v1.png>>gemini_comp_s2w_60062_v2.png::T000432,,1530,1680,842
60062::gemini_comp_s2w_60062_v1.png||gemini_comp_s2w_60062_v3.png,60062,gemini_comp_s2w_60062_v1.png,gemini_comp_s2w_60062_v3.png,A >> B,-2,1,0,no,2025-11-02T23:47:03.913146+00:00,T000433,60062::gemini_comp_s2w_60062_v1.png>>gemini_comp_s2w_60062_v3.png::T000433,,3117,1680,842
60062::gemini_comp_s2w_60062_v1.png||gemini_comp_s2w_60062_v4.png,60062,gemini_comp_s2w_60062_v1.png,gemini_comp_s2w_60062_v4.png,A > B,-1,"3,2",1,no,2025-11-02T23:47:30.362385+00:00,T000434,60062::gemini_comp_s2w_60062_v1.png>>gemini_comp_s2w_60062_v4.png::T000434,,3965,1680,842
60062::gemini_comp_s2w_60062_v2.png||gemini_comp_s2w_60062_v3.png,60062,gemini_comp_s2w_60062_v2.png,gemini_comp_s2w_60062_v3.png,A > B,-1,2,0,no,2025-11-02T23:47:18.609555+00:00,T000435,60062::gemini_comp_s2w_60062_v2.png>>gemini_comp_s2w_60062_v3.png::T000435,,3700,1680,842
60062::gemini_comp_s2w_60062_v2.png||gemini_comp_s2w_60062_v4.png,60062,gemini_comp_s2w_60062_v2.png,gemini_comp_s2w_60062_v4.png,A > B,-1,"1,2",1,no,2025-11-02T23:47:13.588490+00:00,T000436,60062::gemini_comp_s2w_60062_v2.png>>gemini_comp_s2w_60062_v4.png::T000436,,959,1680,842
60062::gemini_comp_s2w_60062_v3.png||gemini_comp_s2w_60062_v4.png,60062,gemini_comp_s2w_60062_v3.png,gemini_comp_s2w_60062_v4.png,A < B,1,3,0,no,2025-11-02T23:47:22.810247+00:00,T000437,60062::gemini_comp_s2w_60062_v3.png>>gemini_comp_s2w_60062_v4.png::T000437,,3397,1680,842
60089::gemini_comp_s2w_60089_v1.png||gemini_comp_s2w_60089_v2.png,60089,gemini_comp_s2w_60089_v1.png,gemini_comp_s2w_60089_v2.png,A > B,-1,2,0,no,2025-11-02T23:47:44.103563+00:00,T000438,60089::gemini_comp_s2w_60089_v1.png>>gemini_comp_s2w_60089_v2.png::T000438,,5180,1680,842
60089::gemini_comp_s2w_60089_v1.png||gemini_comp_s2w_60089_v3.png,60089,gemini_comp_s2w_60089_v1.png,gemini_comp_s2w_60089_v3.png,A > B,-1,2,0,no,2025-11-02T23:47:34.060501+00:00,T000439,60089::gemini_comp_s2w_60089_v1.png>>gemini_comp_s2w_60089_v3.png::T000439,,2731,1680,842
60089::gemini_comp_s2w_60089_v1.png||gemini_comp_s2w_60089_v4.png,60089,gemini_comp_s2w_60089_v1.png,gemini_comp_s2w_60089_v4.png,A > B,-1,2,0,no,2025-11-02T23:49:40.835360+00:00,T000440,60089::gemini_comp_s2w_60089_v1.png>>gemini_comp_s2w_60089_v4.png::T000440,,2739,1680,842
60089::gemini_comp_s2w_60089_v2.png||gemini_comp_s2w_60089_v3.png,60089,gemini_comp_s2w_60089_v2.png,gemini_comp_s2w_60089_v3.png,A > B,-1,"2,2",0,no,2025-11-02T23:49:37.034410+00:00,T000441,60089::gemini_comp_s2w_60089_v2.png>>gemini_comp_s2w_60089_v3.png::T000441,,207,1680,842
60089::gemini_comp_s2w_60089_v2.png||gemini_comp_s2w_60089_v4.png,60089,gemini_comp_s2w_60089_v2.png,gemini_comp_s2w_60089_v4.png,A < B,1,3,0,no,2025-11-02T23:47:37.201153+00:00,T000442,60089::gemini_comp_s2w_60089_v2.png>>gemini_comp_s2w_60089_v4.png::T000442,,2229,1680,842
60089::gemini_comp_s2w_60089_v3.png||gemini_comp_s2w_60089_v4.png,60089,gemini_comp_s2w_60089_v3.png,gemini_comp_s2w_60089_v4.png,A < B,1,3,0,no,2025-11-02T23:49:27.464180+00:00,T000443,60089::gemini_comp_s2w_60089_v3.png>>gemini_comp_s2w_60089_v4.png::T000443,,102307,1680,842
60858::gemini_comp_s2w_60858_v1.png||gemini_comp_s2w_60858_v2.png,60858,gemini_comp_s2w_60858_v1.png,gemini_comp_s2w_60858_v2.png,A < B,1,"2,3",1,no,2025-11-02T23:49:48.976699+00:00,T000444,60858::gemini_comp_s2w_60858_v1.png>>gemini_comp_s2w_60858_v2.png::T000444,,1174,1680,842
60858::gemini_comp_s2w_60858_v1.png||gemini_comp_s2w_60858_v3.png,60858,gemini_comp_s2w_60858_v1.png,gemini_comp_s2w_60858_v3.png,A < B,1,3,0,no,2025-11-02T23:50:12.104214+00:00,T000445,60858::gemini_comp_s2w_60858_v1.png>>gemini_comp_s2w_60858_v3.png::T000445,,3122,1680,842
60858::gemini_comp_s2w_60858_v1.png||gemini_comp_s2w_60858_v4.png,60858,gemini_comp_s2w_60858_v1.png,gemini_comp_s2w_60858_v4.png,A > B,-1,2,0,no,2025-11-02T23:49:57.676281+00:00,T000446,60858::gemini_comp_s2w_60858_v1.png>>gemini_comp_s2w_60858_v4.png::T000446,,5521,1680,842
60858::gemini_comp_s2w_60858_v2.png||gemini_comp_s2w_60858_v3.png,60858,gemini_comp_s2w_60858_v2.png,gemini_comp_s2w_60858_v3.png,A < B,1,3,0,no,2025-11-02T23:50:04.213966+00:00,T000447,60858::gemini_comp_s2w_60858_v2.png>>gemini_comp_s2w_60858_v3.png::T000447,,2129,1680,842
60858::gemini_comp_s2w_60858_v2.png||gemini_comp_s2w_60858_v4.png,60858,gemini_comp_s2w_60858_v2.png,gemini_comp_s2w_60858_v4.png,A < B,1,3,0,no,2025-11-02T23:50:08.202661+00:00,T000448,60858::gemini_comp_s2w_60858_v2.png>>gemini_comp_s2w_60858_v4.png::T000448,,2908,1680,842
60858::gemini_comp_s2w_60858_v3.png||gemini_comp_s2w_60858_v4.png,60858,gemini_comp_s2w_60858_v3.png,gemini_comp_s2w_60858_v4.png,A > B,-1,2,0,no,2025-11-02T23:50:01.048939+00:00,T000449,60858::gemini_comp_s2w_60858_v3.png>>gemini_comp_s2w_60858_v4.png::T000449,,1969,1680,842
62333::gemini_comp_s2w_62333_v1.png||gemini_comp_s2w_62333_v2.png,62333,gemini_comp_s2w_62333_v1.png,gemini_comp_s2w_62333_v2.png,A < B,1,3,0,no,2025-11-02T23:50:21.861214+00:00,T000450,62333::gemini_comp_s2w_62333_v1.png>>gemini_comp_s2w_62333_v2.png::T000450,,8223,1680,842
62333::gemini_comp_s2w_62333_v1.png||gemini_comp_s2w_62333_v3.png,62333,gemini_comp_s2w_62333_v1.png,gemini_comp_s2w_62333_v3.png,A > B,-1,2,0,no,2025-11-02T23:50:48.791363+00:00,T000451,62333::gemini_comp_s2w_62333_v1.png>>gemini_comp_s2w_62333_v3.png::T000451,,2027,1680,842
62333::gemini_comp_s2w_62333_v1.png||gemini_comp_s2w_62333_v4.png,62333,gemini_comp_s2w_62333_v1.png,gemini_comp_s2w_62333_v4.png,A < B,1,3,0,no,2025-11-02T23:50:45.844478+00:00,T000452,62333::gemini_comp_s2w_62333_v1.png>>gemini_comp_s2w_62333_v4.png::T000452,,2889,1680,842
62333::gemini_comp_s2w_62333_v2.png||gemini_comp_s2w_62333_v3.png,62333,gemini_comp_s2w_62333_v2.png,gemini_comp_s2w_62333_v3.png,A > B,-1,2,0,no,2025-11-02T23:50:51.194553+00:00,T000453,62333::gemini_comp_s2w_62333_v2.png>>gemini_comp_s2w_62333_v3.png::T000453,,1552,1680,842
62333::gemini_comp_s2w_62333_v2.png||gemini_comp_s2w_62333_v4.png,62333,gemini_comp_s2w_62333_v2.png,gemini_comp_s2w_62333_v4.png,A < B,1,3,0,no,2025-11-02T23:50:34.170590+00:00,T000454,62333::gemini_comp_s2w_62333_v2.png>>gemini_comp_s2w_62333_v4.png::T000454,,10894,1680,842
62333::gemini_comp_s2w_62333_v3.png||gemini_comp_s2w_62333_v4.png,62333,gemini_comp_s2w_62333_v3.png,gemini_comp_s2w_62333_v4.png,A < B,1,3,0,no,2025-11-02T23:50:42.111169+00:00,T000455,62333::gemini_comp_s2w_62333_v3.png>>gemini_comp_s2w_62333_v4.png::T000455,,6766,1680,842
62785::gpt_comp_s2w_62785_v1.png||gpt_comp_s2w_62785_v2.png,62785,gpt_comp_s2w_62785_v1.png,gpt_comp_s2w_62785_v2.png,A < B,1,3,0,no,2025-11-02T23:51:06.997983+00:00,T000456,62785::gpt_comp_s2w_62785_v1.png>>gpt_comp_s2w_62785_v2.png::T000456,,5208,1680,842
62785::gpt_comp_s2w_62785_v1.png||gpt_comp_s2w_62785_v3.png,62785,gpt_comp_s2w_62785_v1.png,gpt_comp_s2w_62785_v3.png,A < B,1,3,0,no,2025-11-02T23:51:19.284987+00:00,T000457,62785::gpt_comp_s2w_62785_v1.png>>gpt_comp_s2w_62785_v3.png::T000457,,1647,1680,842
62785::gpt_comp_s2w_62785_v1.png||gpt_comp_s2w_62785_v4.png,62785,gpt_comp_s2w_62785_v1.png,gpt_comp_s2w_62785_v4.png,A > B,-1,2,0,no,2025-11-02T23:51:30.227388+00:00,T000458,62785::gpt_comp_s2w_62785_v1.png>>gpt_comp_s2w_62785_v4.png::T000458,,9872,1680,842
62785::gpt_comp_s2w_62785_v2.png||gpt_comp_s2w_62785_v3.png,62785,gpt_comp_s2w_62785_v2.png,gpt_comp_s2w_62785_v3.png,A < B,1,3,0,no,2025-11-02T23:51:00.710286+00:00,T000459,62785::gpt_comp_s2w_62785_v2.png>>gpt_comp_s2w_62785_v3.png::T000459,,8398,1680,842
62785::gpt_comp_s2w_62785_v2.png||gpt_comp_s2w_62785_v4.png,62785,gpt_comp_s2w_62785_v2.png,gpt_comp_s2w_62785_v4.png,A > B,-1,2,0,no,2025-11-02T23:51:14.236516+00:00,T000460,62785::gpt_comp_s2w_62785_v2.png>>gpt_comp_s2w_62785_v4.png::T000460,,6158,1680,842
62785::gpt_comp_s2w_62785_v3.png||gpt_comp_s2w_62785_v4.png,62785,gpt_comp_s2w_62785_v3.png,gpt_comp_s2w_62785_v4.png,A > B,-1,2,0,no,2025-11-02T23:51:16.751807+00:00,T000461,62785::gpt_comp_s2w_62785_v3.png>>gpt_comp_s2w_62785_v4.png::T000461,,1637,1680,842
63085::gemini_comp_s2w_63085_v1.png||gemini_comp_s2w_63085_v2.png,63085,gemini_comp_s2w_63085_v1.png,gemini_comp_s2w_63085_v2.png,A < B,1,3,0,no,2025-11-02T23:51:39.631623+00:00,T000462,63085::gemini_comp_s2w_63085_v1.png>>gemini_comp_s2w_63085_v2.png::T000462,,3613,1680,842
63085::gemini_comp_s2w_63085_v1.png||gemini_comp_s2w_63085_v3.png,63085,gemini_comp_s2w_63085_v1.png,gemini_comp_s2w_63085_v3.png,A < B,1,3,0,no,2025-11-02T23:51:52.056576+00:00,T000463,63085::gemini_comp_s2w_63085_v1.png>>gemini_comp_s2w_63085_v3.png::T000463,,2298,1680,842
63085::gemini_comp_s2w_63085_v1.png||gemini_comp_s2w_63085_v4.png,63085,gemini_comp_s2w_63085_v1.png,gemini_comp_s2w_63085_v4.png,A < B,1,3,0,no,2025-11-02T23:51:46.198509+00:00,T000464,63085::gemini_comp_s2w_63085_v1.png>>gemini_comp_s2w_63085_v4.png::T000464,,1666,1680,842
63085::gemini_comp_s2w_63085_v2.png||gemini_comp_s2w_63085_v3.png,63085,gemini_comp_s2w_63085_v2.png,gemini_comp_s2w_63085_v3.png,A < B,1,3,0,no,2025-11-02T23:51:55.213312+00:00,T000465,63085::gemini_comp_s2w_63085_v2.png>>gemini_comp_s2w_63085_v3.png::T000465,,2285,1680,842
63085::gemini_comp_s2w_63085_v2.png||gemini_comp_s2w_63085_v4.png,63085,gemini_comp_s2w_63085_v2.png,gemini_comp_s2w_63085_v4.png,A > B,-1,2,0,no,2025-11-02T23:51:43.653679+00:00,T000466,63085::gemini_comp_s2w_63085_v2.png>>gemini_comp_s2w_63085_v4.png::T000466,,3010,1680,842
63085::gemini_comp_s2w_63085_v3.png||gemini_comp_s2w_63085_v4.png,63085,gemini_comp_s2w_63085_v3.png,gemini_comp_s2w_63085_v4.png,A > B,-1,2,0,no,2025-11-02T23:51:33.813095+00:00,T000467,63085::gemini_comp_s2w_63085_v3.png>>gemini_comp_s2w_63085_v4.png::T000467,,2508,1680,842
63614::gpt_comp_s2w_63614_v1.png||gpt_comp_s2w_63614_v2.png,63614,gpt_comp_s2w_63614_v1.png,gpt_comp_s2w_63614_v2.png,A > B,-1,2,0,no,2025-11-02T23:52:02.360940+00:00,T000468,63614::gpt_comp_s2w_63614_v1.png>>gpt_comp_s2w_63614_v2.png::T000468,,2401,1680,842
63614::gpt_comp_s2w_63614_v1.png||gpt_comp_s2w_63614_v3.png,63614,gpt_comp_s2w_63614_v1.png,gpt_comp_s2w_63614_v3.png,A < B,1,3,0,no,2025-11-02T23:52:05.912762+00:00,T000469,63614::gpt_comp_s2w_63614_v1.png>>gpt_comp_s2w_63614_v3.png::T000469,,2286,1680,842
63614::gpt_comp_s2w_63614_v1.png||gpt_comp_s2w_63614_v4.png,63614,gpt_comp_s2w_63614_v1.png,gpt_comp_s2w_63614_v4.png,A > B,-1,2,0,no,2025-11-02T23:52:12.438023+00:00,T000470,63614::gpt_comp_s2w_63614_v1.png>>gpt_comp_s2w_63614_v4.png::T000470,,3233,1680,842
63614::gpt_comp_s2w_63614_v2.png||gpt_comp_s2w_63614_v3.png,63614,gpt_comp_s2w_63614_v2.png,gpt_comp_s2w_63614_v3.png,A < B,1,3,0,no,2025-11-02T23:52:08.428541+00:00,T000471,63614::gpt_comp_s2w_63614_v2.png>>gpt_comp_s2w_63614_v3.png::T000471,,1696,1680,842
63614::gpt_comp_s2w_63614_v2.png||gpt_comp_s2w_63614_v4.png,63614,gpt_comp_s2w_63614_v2.png,gpt_comp_s2w_63614_v4.png,A > B,-1,2,0,no,2025-11-02T23:51:59.063810+00:00,T000472,63614::gpt_comp_s2w_63614_v2.png>>gpt_comp_s2w_63614_v4.png::T000472,,2493,1680,842
63614::gpt_comp_s2w_63614_v3.png||gpt_comp_s2w_63614_v4.png,63614,gpt_comp_s2w_63614_v3.png,gpt_comp_s2w_63614_v4.png,A > B,-1,2,0,no,2025-11-02T23:52:14.707771+00:00,T000473,63614::gpt_comp_s2w_63614_v3.png>>gpt_comp_s2w_63614_v4.png::T000473,,1373,1680,842
63656::gemini_comp_s2w_63656_v1.png||gemini_comp_s2w_63656_v2.png,63656,gemini_comp_s2w_63656_v1.png,gemini_comp_s2w_63656_v2.png,A > B,-1,2,0,no,2025-11-02T23:52:22.277780+00:00,T000474,63656::gemini_comp_s2w_63656_v1.png>>gemini_comp_s2w_63656_v2.png::T000474,,2892,1680,842
63656::gemini_comp_s2w_63656_v1.png||gemini_comp_s2w_63656_v3.png,63656,gemini_comp_s2w_63656_v1.png,gemini_comp_s2w_63656_v3.png,A > B,-1,2,0,no,2025-11-02T23:52:33.484214+00:00,T000475,63656::gemini_comp_s2w_63656_v1.png>>gemini_comp_s2w_63656_v3.png::T000475,,1464,1680,842
63656::gemini_comp_s2w_63656_v1.png||gemini_comp_s2w_63656_v4.png,63656,gemini_comp_s2w_63656_v1.png,gemini_comp_s2w_63656_v4.png,A > B,-1,2,0,no,2025-11-02T23:52:18.263714+00:00,T000476,63656::gemini_comp_s2w_63656_v1.png>>gemini_comp_s2w_63656_v4.png::T000476,,2728,1680,842
63656::gemini_comp_s2w_63656_v2.png||gemini_comp_s2w_63656_v3.png,63656,gemini_comp_s2w_63656_v2.png,gemini_comp_s2w_63656_v3.png,A > B,-1,2,0,no,2025-11-02T23:52:25.465584+00:00,T000477,63656::gemini_comp_s2w_63656_v2.png>>gemini_comp_s2w_63656_v3.png::T000477,,2099,1680,842
63656::gemini_comp_s2w_63656_v2.png||gemini_comp_s2w_63656_v4.png,63656,gemini_comp_s2w_63656_v2.png,gemini_comp_s2w_63656_v4.png,A < B,1,3,0,no,2025-11-02T23:52:30.630435+00:00,T000478,63656::gemini_comp_s2w_63656_v2.png>>gemini_comp_s2w_63656_v4.png::T000478,,1608,1680,842
63656::gemini_comp_s2w_63656_v3.png||gemini_comp_s2w_63656_v4.png,63656,gemini_comp_s2w_63656_v3.png,gemini_comp_s2w_63656_v4.png,A < B,1,3,0,no,2025-11-02T23:52:28.143355+00:00,T000479,63656::gemini_comp_s2w_63656_v3.png>>gemini_comp_s2w_63656_v4.png::T000479,,1796,1680,842
66612::gpt_comp_s2w_66612_v1.png||gpt_comp_s2w_66612_v2.png,66612,gpt_comp_s2w_66612_v1.png,gpt_comp_s2w_66612_v2.png,A < B,1,3,0,no,2025-11-02T23:52:49.663797+00:00,T000480,66612::gpt_comp_s2w_66612_v1.png>>gpt_comp_s2w_66612_v2.png::T000480,,3204,1680,842
66612::gpt_comp_s2w_66612_v1.png||gpt_comp_s2w_66612_v3.png,66612,gpt_comp_s2w_66612_v1.png,gpt_comp_s2w_66612_v3.png,A < B,1,3,0,no,2025-11-02T23:52:56.686974+00:00,T000481,66612::gpt_comp_s2w_66612_v1.png>>gpt_comp_s2w_66612_v3.png::T000481,,1895,1680,842
66612::gpt_comp_s2w_66612_v1.png||gpt_comp_s2w_66612_v4.png,66612,gpt_comp_s2w_66612_v1.png,gpt_comp_s2w_66612_v4.png,A < B,1,3,0,no,2025-11-02T23:52:37.169168+00:00,T000482,66612::gpt_comp_s2w_66612_v1.png>>gpt_comp_s2w_66612_v4.png::T000482,,2793,1680,842
66612::gpt_comp_s2w_66612_v2.png||gpt_comp_s2w_66612_v3.png,66612,gpt_comp_s2w_66612_v2.png,gpt_comp_s2w_66612_v3.png,A < B,1,3,0,no,2025-11-02T23:52:53.259317+00:00,T000483,66612::gpt_comp_s2w_66612_v2.png>>gpt_comp_s2w_66612_v3.png::T000483,,2778,1680,842
66612::gpt_comp_s2w_66612_v2.png||gpt_comp_s2w_66612_v4.png,66612,gpt_comp_s2w_66612_v2.png,gpt_comp_s2w_66612_v4.png,A < B,1,3,0,no,2025-11-02T23:52:45.551627+00:00,T000484,66612::gpt_comp_s2w_66612_v2.png>>gpt_comp_s2w_66612_v4.png::T000484,,1431,1680,842
66612::gpt_comp_s2w_66612_v3.png||gpt_comp_s2w_66612_v4.png,66612,gpt_comp_s2w_66612_v3.png,gpt_comp_s2w_66612_v4.png,A < B,1,3,0,no,2025-11-02T23:52:43.398880+00:00,T000485,66612::gpt_comp_s2w_66612_v3.png>>gpt_comp_s2w_66612_v4.png::T000485,,5266,1680,842
68018::gpt_comp_s2w_68018_v1.png||gpt_comp_s2w_68018_v2.png,68018,gpt_comp_s2w_68018_v1.png,gpt_comp_s2w_68018_v2.png,A < B,1,3,0,no,2025-11-02T23:53:26.658434+00:00,T000486,68018::gpt_comp_s2w_68018_v1.png>>gpt_comp_s2w_68018_v2.png::T000486,,6896,1680,842
68018::gpt_comp_s2w_68018_v1.png||gpt_comp_s2w_68018_v3.png,68018,gpt_comp_s2w_68018_v1.png,gpt_comp_s2w_68018_v3.png,A < B,1,3,0,no,2025-11-02T23:53:10.894375+00:00,T000487,68018::gpt_comp_s2w_68018_v1.png>>gpt_comp_s2w_68018_v3.png::T000487,,2392,1680,842
68018::gpt_comp_s2w_68018_v1.png||gpt_comp_s2w_68018_v4.png,68018,gpt_comp_s2w_68018_v1.png,gpt_comp_s2w_68018_v4.png,A < B,1,3,0,no,2025-11-02T23:53:00.614750+00:00,T000488,68018::gpt_comp_s2w_68018_v1.png>>gpt_comp_s2w_68018_v4.png::T000488,,2613,1680,842
68018::gpt_comp_s2w_68018_v2.png||gpt_comp_s2w_68018_v3.png,68018,gpt_comp_s2w_68018_v2.png,gpt_comp_s2w_68018_v3.png,A < B,1,3,0,no,2025-11-02T23:53:03.471168+00:00,T000489,68018::gpt_comp_s2w_68018_v2.png>>gpt_comp_s2w_68018_v3.png::T000489,,1847,1680,842
68018::gpt_comp_s2w_68018_v2.png||gpt_comp_s2w_68018_v4.png,68018,gpt_comp_s2w_68018_v2.png,gpt_comp_s2w_68018_v4.png,A < B,1,3,0,no,2025-11-02T23:53:18.406693+00:00,T000490,68018::gpt_comp_s2w_68018_v2.png>>gpt_comp_s2w_68018_v4.png::T000490,,6637,1680,842
68018::gpt_comp_s2w_68018_v3.png||gpt_comp_s2w_68018_v4.png,68018,gpt_comp_s2w_68018_v3.png,gpt_comp_s2w_68018_v4.png,A < B,1,3,0,no,2025-11-02T23:53:07.556510+00:00,T000491,68018::gpt_comp_s2w_68018_v3.png>>gpt_comp_s2w_68018_v4.png::T000491,,3130,1680,842
68037::gemini_comp_s2w_68037_v1.png||gemini_comp_s2w_68037_v2.png,68037,gemini_comp_s2w_68037_v1.png,gemini_comp_s2w_68037_v2.png,A < B,1,3,0,no,2025-11-02T23:53:37.773145+00:00,T000492,68037::gemini_comp_s2w_68037_v1.png>>gemini_comp_s2w_68037_v2.png::T000492,,2471,1680,842
68037::gemini_comp_s2w_68037_v1.png||gemini_comp_s2w_68037_v3.png,68037,gemini_comp_s2w_68037_v1.png,gemini_comp_s2w_68037_v3.png,A < B,1,3,0,no,2025-11-02T23:53:44.176724+00:00,T000493,68037::gemini_comp_s2w_68037_v1.png>>gemini_comp_s2w_68037_v3.png::T000493,,1954,1680,842
68037::gemini_comp_s2w_68037_v1.png||gemini_comp_s2w_68037_v4.png,68037,gemini_comp_s2w_68037_v1.png,gemini_comp_s2w_68037_v4.png,A < B,1,3,0,no,2025-11-02T23:53:49.606977+00:00,T000494,68037::gemini_comp_s2w_68037_v1.png>>gemini_comp_s2w_68037_v4.png::T000494,,2611,1680,842
68037::gemini_comp_s2w_68037_v2.png||gemini_comp_s2w_68037_v3.png,68037,gemini_comp_s2w_68037_v2.png,gemini_comp_s2w_68037_v3.png,A > B,-1,2,0,no,2025-11-02T23:53:34.411075+00:00,T000495,68037::gemini_comp_s2w_68037_v2.png>>gemini_comp_s2w_68037_v3.png::T000495,,1475,1680,842
68037::gemini_comp_s2w_68037_v2.png||gemini_comp_s2w_68037_v4.png,68037,gemini_comp_s2w_68037_v2.png,gemini_comp_s2w_68037_v4.png,A > B,-1,"3,2",1,no,2025-11-02T23:53:32.032149+00:00,T000496,68037::gemini_comp_s2w_68037_v2.png>>gemini_comp_s2w_68037_v4.png::T000496,,999,1680,842
68037::gemini_comp_s2w_68037_v3.png||gemini_comp_s2w_68037_v4.png,68037,gemini_comp_s2w_68037_v3.png,gemini_comp_s2w_68037_v4.png,A < B,1,3,0,no,2025-11-02T23:53:40.928962+00:00,T000497,68037::gemini_comp_s2w_68037_v3.png>>gemini_comp_s2w_68037_v4.png::T000497,,2145,1680,842
68136::gemini_comp_s2w_68136_v1.png||gemini_comp_s2w_68136_v2.png,68136,gemini_comp_s2w_68136_v1.png,gemini_comp_s2w_68136_v2.png,A < B,1,3,0,no,2025-11-02T23:55:18.777366+00:00,T000498,68136::gemini_comp_s2w_68136_v1.png>>gemini_comp_s2w_68136_v2.png::T000498,,2374,1680,842
68136::gemini_comp_s2w_68136_v1.png||gemini_comp_s2w_68136_v3.png,68136,gemini_comp_s2w_68136_v1.png,gemini_comp_s2w_68136_v3.png,A < B,1,3,0,no,2025-11-02T23:55:13.202558+00:00,T000499,68136::gemini_comp_s2w_68136_v1.png>>gemini_comp_s2w_68136_v3.png::T000499,,1361,1680,842
68136::gemini_comp_s2w_68136_v1.png||gemini_comp_s2w_68136_v4.png,68136,gemini_comp_s2w_68136_v1.png,gemini_comp_s2w_68136_v4.png,A < B,1,3,0,no,2025-11-02T23:55:11.015774+00:00,T000500,68136::gemini_comp_s2w_68136_v1.png>>gemini_comp_s2w_68136_v4.png::T000500,,2869,1680,842
68136::gemini_comp_s2w_68136_v2.png||gemini_comp_s2w_68136_v3.png,68136,gemini_comp_s2w_68136_v2.png,gemini_comp_s2w_68136_v3.png,A < B,1,3,0,no,2025-11-02T23:55:07.228954+00:00,T000501,68136::gemini_comp_s2w_68136_v2.png>>gemini_comp_s2w_68136_v3.png::T000501,,1654,1680,842
68136::gemini_comp_s2w_68136_v2.png||gemini_comp_s2w_68136_v4.png,68136,gemini_comp_s2w_68136_v2.png,gemini_comp_s2w_68136_v4.png,A < B,1,3,0,no,2025-11-02T23:55:04.529336+00:00,T000502,68136::gemini_comp_s2w_68136_v2.png>>gemini_comp_s2w_68136_v4.png::T000502,,73956,1680,842
68136::gemini_comp_s2w_68136_v3.png||gemini_comp_s2w_68136_v4.png,68136,gemini_comp_s2w_68136_v3.png,gemini_comp_s2w_68136_v4.png,A > B,-1,2,0,no,2025-11-02T23:55:15.466890+00:00,T000503,68136::gemini_comp_s2w_68136_v3.png>>gemini_comp_s2w_68136_v4.png::T000503,,1285,1680,842
68809::gpt_comp_s2w_68809_v1.png||gpt_comp_s2w_68809_v2.png,68809,gpt_comp_s2w_68809_v1.png,gpt_comp_s2w_68809_v2.png,A < B,1,3,0,no,2025-11-02T23:55:43.855138+00:00,T000504,68809::gpt_comp_s2w_68809_v1.png>>gpt_comp_s2w_68809_v2.png::T000504,,2748,1680,842
68809::gpt_comp_s2w_68809_v1.png||gpt_comp_s2w_68809_v3.png,68809,gpt_comp_s2w_68809_v1.png,gpt_comp_s2w_68809_v3.png,A << B,2,4,0,no,2025-11-02T23:55:36.259755+00:00,T000505,68809::gpt_comp_s2w_68809_v1.png>>gpt_comp_s2w_68809_v3.png::T000505,,3566,1680,842
68809::gpt_comp_s2w_68809_v1.png||gpt_comp_s2w_68809_v4.png,68809,gpt_comp_s2w_68809_v1.png,gpt_comp_s2w_68809_v4.png,A < B,1,3,0,no,2025-11-02T23:55:49.866025+00:00,T000506,68809::gpt_comp_s2w_68809_v1.png>>gpt_comp_s2w_68809_v4.png::T000506,,2965,1680,842
68809::gpt_comp_s2w_68809_v2.png||gpt_comp_s2w_68809_v3.png,68809,gpt_comp_s2w_68809_v2.png,gpt_comp_s2w_68809_v3.png,A < B,1,3,0,no,2025-11-02T23:55:24.586840+00:00,T000507,68809::gpt_comp_s2w_68809_v2.png>>gpt_comp_s2w_68809_v3.png::T000507,,4173,1680,842
68809::gpt_comp_s2w_68809_v2.png||gpt_comp_s2w_68809_v4.png,68809,gpt_comp_s2w_68809_v2.png,gpt_comp_s2w_68809_v4.png,A < B,1,3,0,no,2025-11-02T23:55:40.477818+00:00,T000508,68809::gpt_comp_s2w_68809_v2.png>>gpt_comp_s2w_68809_v4.png::T000508,,1398,1680,842
68809::gpt_comp_s2w_68809_v3.png||gpt_comp_s2w_68809_v4.png,68809,gpt_comp_s2w_68809_v3.png,gpt_comp_s2w_68809_v4.png,A < B,1,3,0,no,2025-11-02T23:55:31.125997+00:00,T000509,68809::gpt_comp_s2w_68809_v3.png>>gpt_comp_s2w_68809_v4.png::T000509,,5514,1680,842
70410::gemini_comp_s2w_70410_v1.png||gemini_comp_s2w_70410_v2.png,70410,gemini_comp_s2w_70410_v1.png,gemini_comp_s2w_70410_v2.png,A >> B,-2,"2,1",1,no,2025-11-02T23:55:57.120623+00:00,T000510,70410::gemini_comp_s2w_70410_v1.png>>gemini_comp_s2w_70410_v2.png::T000510,,1197,1680,842
70410::gemini_comp_s2w_70410_v1.png||gemini_comp_s2w_70410_v3.png,70410,gemini_comp_s2w_70410_v1.png,gemini_comp_s2w_70410_v3.png,A > B,-1,"1,2",1,no,2025-11-02T23:56:07.598926+00:00,T000511,70410::gemini_comp_s2w_70410_v1.png>>gemini_comp_s2w_70410_v3.png::T000511,,1721,1680,842
70410::gemini_comp_s2w_70410_v1.png||gemini_comp_s2w_70410_v4.png,70410,gemini_comp_s2w_70410_v1.png,gemini_comp_s2w_70410_v4.png,A >> B,-2,1,0,no,2025-11-02T23:56:00.395801+00:00,T000512,70410::gemini_comp_s2w_70410_v1.png>>gemini_comp_s2w_70410_v4.png::T000512,,2175,1680,842
70410::gemini_comp_s2w_70410_v2.png||gemini_comp_s2w_70410_v3.png,70410,gemini_comp_s2w_70410_v2.png,gemini_comp_s2w_70410_v3.png,A < B,1,3,0,no,2025-11-02T23:56:16.080042+00:00,T000513,70410::gemini_comp_s2w_70410_v2.png>>gemini_comp_s2w_70410_v3.png::T000513,,1972,1680,842
70410::gemini_comp_s2w_70410_v2.png||gemini_comp_s2w_70410_v4.png,70410,gemini_comp_s2w_70410_v2.png,gemini_comp_s2w_70410_v4.png,A > B,-1,2,0,no,2025-11-02T23:56:13.207024+00:00,T000514,70410::gemini_comp_s2w_70410_v2.png>>gemini_comp_s2w_70410_v4.png::T000514,,2537,1680,842
70410::gemini_comp_s2w_70410_v3.png||gemini_comp_s2w_70410_v4.png,70410,gemini_comp_s2w_70410_v3.png,gemini_comp_s2w_70410_v4.png,A > B,-1,2,0,no,2025-11-02T23:56:09.759366+00:00,T000515,70410::gemini_comp_s2w_70410_v3.png>>gemini_comp_s2w_70410_v4.png::T000515,,1224,1680,842
70484::gpt_comp_s2w_70484_v1.png||gpt_comp_s2w_70484_v2.png,70484,gpt_comp_s2w_70484_v1.png,gpt_comp_s2w_70484_v2.png,A > B,-1,2,0,no,2025-11-02T23:56:28.380491+00:00,T000516,70484::gpt_comp_s2w_70484_v1.png>>gpt_comp_s2w_70484_v2.png::T000516,,1869,1680,842
70484::gpt_comp_s2w_70484_v1.png||gpt_comp_s2w_70484_v3.png,70484,gpt_comp_s2w_70484_v1.png,gpt_comp_s2w_70484_v3.png,A < B,1,3,0,no,2025-11-02T23:56:18.907080+00:00,T000517,70484::gpt_comp_s2w_70484_v1.png>>gpt_comp_s2w_70484_v3.png::T000517,,1950,1680,842
70484::gpt_comp_s2w_70484_v1.png||gpt_comp_s2w_70484_v4.png,70484,gpt_comp_s2w_70484_v1.png,gpt_comp_s2w_70484_v4.png,A > B,-1,2,0,no,2025-11-02T23:56:25.256958+00:00,T000518,70484::gpt_comp_s2w_70484_v1.png>>gpt_comp_s2w_70484_v4.png::T000518,,1834,1680,842
70484::gpt_comp_s2w_70484_v2.png||gpt_comp_s2w_70484_v3.png,70484,gpt_comp_s2w_70484_v2.png,gpt_comp_s2w_70484_v3.png,A << B,2,4,0,no,2025-11-02T23:56:34.949678+00:00,T000519,70484::gpt_comp_s2w_70484_v2.png>>gpt_comp_s2w_70484_v3.png::T000519,,2467,1680,842
70484::gpt_comp_s2w_70484_v2.png||gpt_comp_s2w_70484_v4.png,70484,gpt_comp_s2w_70484_v2.png,gpt_comp_s2w_70484_v4.png,A >> B,-2,"2,1",1,no,2025-11-02T23:56:31.670794+00:00,T000520,70484::gpt_comp_s2w_70484_v2.png>>gpt_comp_s2w_70484_v4.png::T000520,,748,1680,842
70484::gpt_comp_s2w_70484_v3.png||gpt_comp_s2w_70484_v4.png,70484,gpt_comp_s2w_70484_v3.png,gpt_comp_s2w_70484_v4.png,A > B,-1,2,0,no,2025-11-02T23:56:22.534738+00:00,T000521,70484::gpt_comp_s2w_70484_v3.png>>gpt_comp_s2w_70484_v4.png::T000521,,2756,1680,842
71030::gemini_comp_s2w_71030_v1.png||gemini_comp_s2w_71030_v2.png,71030,gemini_comp_s2w_71030_v1.png,gemini_comp_s2w_71030_v2.png,A << B,2,4,0,no,2025-11-02T23:56:42.083502+00:00,T000522,71030::gemini_comp_s2w_71030_v1.png>>gemini_comp_s2w_71030_v2.png::T000522,,2290,1680,842
71030::gemini_comp_s2w_71030_v1.png||gemini_comp_s2w_71030_v3.png,71030,gemini_comp_s2w_71030_v1.png,gemini_comp_s2w_71030_v3.png,A < B,1,3,0,no,2025-11-02T23:56:45.229963+00:00,T000523,71030::gemini_comp_s2w_71030_v1.png>>gemini_comp_s2w_71030_v3.png::T000523,,2089,1680,842
71030::gemini_comp_s2w_71030_v1.png||gemini_comp_s2w_71030_v4.png,71030,gemini_comp_s2w_71030_v1.png,gemini_comp_s2w_71030_v4.png,A < B,1,3,0,no,2025-11-02T23:56:54.201473+00:00,T000524,71030::gemini_comp_s2w_71030_v1.png>>gemini_comp_s2w_71030_v4.png::T000524,,1853,1680,842
71030::gemini_comp_s2w_71030_v2.png||gemini_comp_s2w_71030_v3.png,71030,gemini_comp_s2w_71030_v2.png,gemini_comp_s2w_71030_v3.png,A > B,-1,2,0,no,2025-11-02T23:56:48.452329+00:00,T000525,71030::gemini_comp_s2w_71030_v2.png>>gemini_comp_s2w_71030_v3.png::T000525,,2299,1680,842
71030::gemini_comp_s2w_71030_v2.png||gemini_comp_s2w_71030_v4.png,71030,gemini_comp_s2w_71030_v2.png,gemini_comp_s2w_71030_v4.png,A >> B,-2,1,0,no,2025-11-02T23:56:38.939192+00:00,T000526,71030::gemini_comp_s2w_71030_v2.png>>gemini_comp_s2w_71030_v4.png::T000526,,3117,1680,842
71030::gemini_comp_s2w_71030_v3.png||gemini_comp_s2w_71030_v4.png,71030,gemini_comp_s2w_71030_v3.png,gemini_comp_s2w_71030_v4.png,A > B,-1,2,0,no,2025-11-02T23:56:51.460993+00:00,T000527,71030::gemini_comp_s2w_71030_v3.png>>gemini_comp_s2w_71030_v4.png::T000527,,2234,1680,842
71261::gemini_comp_s2w_71261_v1.png||gemini_comp_s2w_71261_v2.png,71261,gemini_comp_s2w_71261_v1.png,gemini_comp_s2w_71261_v2.png,A > B,-1,2,0,no,2025-11-02T23:57:18.832884+00:00,T000528,71261::gemini_comp_s2w_71261_v1.png>>gemini_comp_s2w_71261_v2.png::T000528,,2484,1680,842
71261::gemini_comp_s2w_71261_v1.png||gemini_comp_s2w_71261_v3.png,71261,gemini_comp_s2w_71261_v1.png,gemini_comp_s2w_71261_v3.png,A < B,1,3,0,no,2025-11-02T23:57:03.961815+00:00,T000529,71261::gemini_comp_s2w_71261_v1.png>>gemini_comp_s2w_71261_v3.png::T000529,,3550,1680,842
71261::gemini_comp_s2w_71261_v1.png||gemini_comp_s2w_71261_v4.png,71261,gemini_comp_s2w_71261_v1.png,gemini_comp_s2w_71261_v4.png,A > B,-1,2,0,no,2025-11-02T23:57:11.474577+00:00,T000530,71261::gemini_comp_s2w_71261_v1.png>>gemini_comp_s2w_71261_v4.png::T000530,,2122,1680,842
71261::gemini_comp_s2w_71261_v2.png||gemini_comp_s2w_71261_v3.png,71261,gemini_comp_s2w_71261_v2.png,gemini_comp_s2w_71261_v3.png,A < B,1,3,0,no,2025-11-02T23:56:59.533179+00:00,T000531,71261::gemini_comp_s2w_71261_v2.png>>gemini_comp_s2w_71261_v3.png::T000531,,4347,1680,842
71261::gemini_comp_s2w_71261_v2.png||gemini_comp_s2w_71261_v4.png,71261,gemini_comp_s2w_71261_v2.png,gemini_comp_s2w_71261_v4.png,A > B,-1,2,0,no,2025-11-02T23:57:08.170157+00:00,T000532,71261::gemini_comp_s2w_71261_v2.png>>gemini_comp_s2w_71261_v4.png::T000532,,3357,1680,842
71261::gemini_comp_s2w_71261_v3.png||gemini_comp_s2w_71261_v4.png,71261,gemini_comp_s2w_71261_v3.png,gemini_comp_s2w_71261_v4.png,A >> B,-2,1,0,no,2025-11-02T23:57:15.410913+00:00,T000533,71261::gemini_comp_s2w_71261_v3.png>>gemini_comp_s2w_71261_v4.png::T000533,,2389,1680,842
71464::gemini_comp_s2w_71464_v1.png||gemini_comp_s2w_71464_v2.png,71464,gemini_comp_s2w_71464_v1.png,gemini_comp_s2w_71464_v2.png,A << B,2,4,0,no,2025-11-02T23:57:37.025930+00:00,T000534,71464::gemini_comp_s2w_71464_v1.png>>gemini_comp_s2w_71464_v2.png::T000534,,2789,1680,842
71464::gemini_comp_s2w_71464_v1.png||gemini_comp_s2w_71464_v3.png,71464,gemini_comp_s2w_71464_v1.png,gemini_comp_s2w_71464_v3.png,A > B,-1,2,0,no,2025-11-02T23:57:28.957024+00:00,T000535,71464::gemini_comp_s2w_71464_v1.png>>gemini_comp_s2w_71464_v3.png::T000535,,1079,1680,842
71464::gemini_comp_s2w_71464_v1.png||gemini_comp_s2w_71464_v4.png,71464,gemini_comp_s2w_71464_v1.png,gemini_comp_s2w_71464_v4.png,A < B,1,3,0,no,2025-11-02T23:57:39.325199+00:00,T000536,71464::gemini_comp_s2w_71464_v1.png>>gemini_comp_s2w_71464_v4.png::T000536,,1365,1680,842
71464::gemini_comp_s2w_71464_v2.png||gemini_comp_s2w_71464_v3.png,71464,gemini_comp_s2w_71464_v2.png,gemini_comp_s2w_71464_v3.png,A >> B,-2,1,0,no,2025-11-02T23:57:22.043948+00:00,T000537,71464::gemini_comp_s2w_71464_v2.png>>gemini_comp_s2w_71464_v3.png::T000537,,2257,1680,842
71464::gemini_comp_s2w_71464_v2.png||gemini_comp_s2w_71464_v4.png,71464,gemini_comp_s2w_71464_v2.png,gemini_comp_s2w_71464_v4.png,A > B,-1,2,0,no,2025-11-02T23:57:27.192486+00:00,T000538,71464::gemini_comp_s2w_71464_v2.png>>gemini_comp_s2w_71464_v4.png::T000538,,2444,1680,842
71464::gemini_comp_s2w_71464_v3.png||gemini_comp_s2w_71464_v4.png,71464,gemini_comp_s2w_71464_v3.png,gemini_comp_s2w_71464_v4.png,A < B,1,3,0,no,2025-11-02T23:57:33.306317+00:00,T000539,71464::gemini_comp_s2w_71464_v3.png>>gemini_comp_s2w_71464_v4.png::T000539,,1543,1680,842
71507::gemini_comp_s2w_71507_v1.png||gemini_comp_s2w_71507_v2.png,71507,gemini_comp_s2w_71507_v1.png,gemini_comp_s2w_71507_v2.png,A < B,1,"2,2,3",1,no,2025-11-02T23:58:11.069811+00:00,T000540,71507::gemini_comp_s2w_71507_v1.png>>gemini_comp_s2w_71507_v2.png::T000540,,2225,1680,842
71507::gemini_comp_s2w_71507_v1.png||gemini_comp_s2w_71507_v3.png,71507,gemini_comp_s2w_71507_v1.png,gemini_comp_s2w_71507_v3.png,A < B,1,3,0,no,2025-11-02T23:57:48.682526+00:00,T000541,71507::gemini_comp_s2w_71507_v1.png>>gemini_comp_s2w_71507_v3.png::T000541,,8383,1680,842
71507::gemini_comp_s2w_71507_v1.png||gemini_comp_s2w_71507_v4.png,71507,gemini_comp_s2w_71507_v1.png,gemini_comp_s2w_71507_v4.png,A > B,-1,2,0,no,2025-11-02T23:57:57.462408+00:00,T000542,71507::gemini_comp_s2w_71507_v1.png>>gemini_comp_s2w_71507_v4.png::T000542,,4239,1680,842
71507::gemini_comp_s2w_71507_v2.png||gemini_comp_s2w_71507_v3.png,71507,gemini_comp_s2w_71507_v2.png,gemini_comp_s2w_71507_v3.png,A < B,1,3,0,no,2025-11-02T23:57:52.298098+00:00,T000543,71507::gemini_comp_s2w_71507_v2.png>>gemini_comp_s2w_71507_v3.png::T000543,,2854,1680,842
71507::gemini_comp_s2w_71507_v2.png||gemini_comp_s2w_71507_v4.png,71507,gemini_comp_s2w_71507_v2.png,gemini_comp_s2w_71507_v4.png,A < B,1,3,0,no,2025-11-02T23:58:13.453291+00:00,T000544,71507::gemini_comp_s2w_71507_v2.png>>gemini_comp_s2w_71507_v4.png::T000544,,1281,1680,842
71507::gemini_comp_s2w_71507_v3.png||gemini_comp_s2w_71507_v4.png,71507,gemini_comp_s2w_71507_v3.png,gemini_comp_s2w_71507_v4.png,A >> B,-2,"2,1",1,no,2025-11-02T23:58:02.033020+00:00,T000545,71507::gemini_comp_s2w_71507_v3.png>>gemini_comp_s2w_71507_v4.png::T000545,,582,1680,842
72157::gemini_comp_s2w_72157_v1.png||gemini_comp_s2w_72157_v2.png,72157,gemini_comp_s2w_72157_v1.png,gemini_comp_s2w_72157_v2.png,A < B,1,3,0,no,2025-11-02T23:58:27.530686+00:00,T000546,72157::gemini_comp_s2w_72157_v1.png>>gemini_comp_s2w_72157_v2.png::T000546,,1788,1680,842
72157::gemini_comp_s2w_72157_v1.png||gemini_comp_s2w_72157_v3.png,72157,gemini_comp_s2w_72157_v1.png,gemini_comp_s2w_72157_v3.png,A > B,-1,2,0,no,2025-11-03T00:01:39.966960+00:00,T000547,72157::gemini_comp_s2w_72157_v1.png>>gemini_comp_s2w_72157_v3.png::T000547,,186666,1680,842
72157::gemini_comp_s2w_72157_v1.png||gemini_comp_s2w_72157_v4.png,72157,gemini_comp_s2w_72157_v1.png,gemini_comp_s2w_72157_v4.png,A < B,1,3,0,no,2025-11-02T23:58:23.785571+00:00,T000548,72157::gemini_comp_s2w_72157_v1.png>>gemini_comp_s2w_72157_v4.png::T000548,,1247,1680,842
72157::gemini_comp_s2w_72157_v2.png||gemini_comp_s2w_72157_v3.png,72157,gemini_comp_s2w_72157_v2.png,gemini_comp_s2w_72157_v3.png,A >> B,-2,1,0,no,2025-11-02T23:58:31.676541+00:00,T000549,72157::gemini_comp_s2w_72157_v2.png>>gemini_comp_s2w_72157_v3.png::T000549,,3159,1680,842
72157::gemini_comp_s2w_72157_v2.png||gemini_comp_s2w_72157_v4.png,72157,gemini_comp_s2w_72157_v2.png,gemini_comp_s2w_72157_v4.png,A > B,-1,2,0,no,2025-11-03T00:01:44.409341+00:00,T000550,72157::gemini_comp_s2w_72157_v2.png>>gemini_comp_s2w_72157_v4.png::T000550,,3066,1680,842
72157::gemini_comp_s2w_72157_v3.png||gemini_comp_s2w_72157_v4.png,72157,gemini_comp_s2w_72157_v3.png,gemini_comp_s2w_72157_v4.png,A < B,1,3,0,no,2025-11-02T23:58:21.363515+00:00,T000551,72157::gemini_comp_s2w_72157_v3.png>>gemini_comp_s2w_72157_v4.png::T000551,,2048,1680,842
7606::gemini_comp_s2w_7606_v1.png||gemini_comp_s2w_7606_v2.png,7606,gemini_comp_s2w_7606_v1.png,gemini_comp_s2w_7606_v2.png,A < B,1,3,0,no,2025-11-03T00:01:47.479080+00:00,T000552,7606::gemini_comp_s2w_7606_v1.png>>gemini_comp_s2w_7606_v2.png::T000552,,2267,1680,842
7606::gemini_comp_s2w_7606_v1.png||gemini_comp_s2w_7606_v3.png,7606,gemini_comp_s2w_7606_v1.png,gemini_comp_s2w_7606_v3.png,A < B,1,3,0,no,2025-11-03T00:02:13.629361+00:00,T000553,7606::gemini_comp_s2w_7606_v1.png>>gemini_comp_s2w_7606_v3.png::T000553,,2483,1680,842
7606::gemini_comp_s2w_7606_v1.png||gemini_comp_s2w_7606_v4.png,7606,gemini_comp_s2w_7606_v1.png,gemini_comp_s2w_7606_v4.png,A > B,-1,2,0,no,2025-11-03T00:02:09.711450+00:00,T000554,7606::gemini_comp_s2w_7606_v1.png>>gemini_comp_s2w_7606_v4.png::T000554,,4559,1680,842
7606::gemini_comp_s2w_7606_v2.png||gemini_comp_s2w_7606_v3.png,7606,gemini_comp_s2w_7606_v2.png,gemini_comp_s2w_7606_v3.png,A > B,-1,2,0,no,2025-11-03T00:02:04.044389+00:00,T000555,7606::gemini_comp_s2w_7606_v2.png>>gemini_comp_s2w_7606_v3.png::T000555,,2653,1680,842
7606::gemini_comp_s2w_7606_v2.png||gemini_comp_s2w_7606_v4.png,7606,gemini_comp_s2w_7606_v2.png,gemini_comp_s2w_7606_v4.png,A > B,-1,2,0,no,2025-11-03T00:02:00.451683+00:00,T000556,7606::gemini_comp_s2w_7606_v2.png>>gemini_comp_s2w_7606_v4.png::T000556,,2916,1680,842
7606::gemini_comp_s2w_7606_v3.png||gemini_comp_s2w_7606_v4.png,7606,gemini_comp_s2w_7606_v3.png,gemini_comp_s2w_7606_v4.png,A < B,1,3,0,no,2025-11-03T00:01:56.441940+00:00,T000557,7606::gemini_comp_s2w_7606_v3.png>>gemini_comp_s2w_7606_v4.png::T000557,,8058,1680,842
8365::gpt_comp_s2w_8365_v1.png||gpt_comp_s2w_8365_v2.png,8365,gpt_comp_s2w_8365_v1.png,gpt_comp_s2w_8365_v2.png,A >> B,-2,1,0,no,2025-11-03T00:02:27.118380+00:00,T000558,8365::gpt_comp_s2w_8365_v1.png>>gpt_comp_s2w_8365_v2.png::T000558,,2157,1680,842
8365::gpt_comp_s2w_8365_v1.png||gpt_comp_s2w_8365_v3.png,8365,gpt_comp_s2w_8365_v1.png,gpt_comp_s2w_8365_v3.png,A > B,-1,"3,2",1,no,2025-11-03T00:02:31.960019+00:00,T000559,8365::gpt_comp_s2w_8365_v1.png>>gpt_comp_s2w_8365_v3.png::T000559,,1010,1680,842
8365::gpt_comp_s2w_8365_v1.png||gpt_comp_s2w_8365_v4.png,8365,gpt_comp_s2w_8365_v1.png,gpt_comp_s2w_8365_v4.png,A > B,-1,2,0,no,2025-11-03T00:02:17.021207+00:00,T000560,8365::gpt_comp_s2w_8365_v1.png>>gpt_comp_s2w_8365_v4.png::T000560,,2667,1680,842
8365::gpt_comp_s2w_8365_v2.png||gpt_comp_s2w_8365_v3.png,8365,gpt_comp_s2w_8365_v2.png,gpt_comp_s2w_8365_v3.png,A << B,2,4,0,no,2025-11-03T00:02:34.785337+00:00,T000561,8365::gpt_comp_s2w_8365_v2.png>>gpt_comp_s2w_8365_v3.png::T000561,,1652,1680,842
8365::gpt_comp_s2w_8365_v2.png||gpt_comp_s2w_8365_v4.png,8365,gpt_comp_s2w_8365_v2.png,gpt_comp_s2w_8365_v4.png,A < B,1,3,0,no,2025-11-03T00:02:20.635616+00:00,T000562,8365::gpt_comp_s2w_8365_v2.png>>gpt_comp_s2w_8365_v4.png::T000562,,2744,1680,842
8365::gpt_comp_s2w_8365_v3.png||gpt_comp_s2w_8365_v4.png,8365,gpt_comp_s2w_8365_v3.png,gpt_comp_s2w_8365_v4.png,A > B,-1,2,0,no,2025-11-03T00:02:23.325631+00:00,T000563,8365::gpt_comp_s2w_8365_v3.png>>gpt_comp_s2w_8365_v4.png::T000563,,1965,1680,842
8548::gemini_comp_s2w_8548_v1.png||gemini_comp_s2w_8548_v2.png,8548,gemini_comp_s2w_8548_v1.png,gemini_comp_s2w_8548_v2.png,A > B,-1,2,0,no,2025-11-03T00:03:16.445811+00:00,T000564,8548::gemini_comp_s2w_8548_v1.png>>gemini_comp_s2w_8548_v2.png::T000564,,3867,1680,842
8548::gemini_comp_s2w_8548_v1.png||gemini_comp_s2w_8548_v3.png,8548,gemini_comp_s2w_8548_v1.png,gemini_comp_s2w_8548_v3.png,A < B,1,3,0,no,2025-11-03T00:02:44.715396+00:00,T000565,8548::gemini_comp_s2w_8548_v1.png>>gemini_comp_s2w_8548_v3.png::T000565,,2517,1680,842
8548::gemini_comp_s2w_8548_v1.png||gemini_comp_s2w_8548_v4.png,8548,gemini_comp_s2w_8548_v1.png,gemini_comp_s2w_8548_v4.png,A < B,1,3,0,no,2025-11-03T00:02:41.244626+00:00,T000566,8548::gemini_comp_s2w_8548_v1.png>>gemini_comp_s2w_8548_v4.png::T000566,,5491,1680,842
8548::gemini_comp_s2w_8548_v2.png||gemini_comp_s2w_8548_v3.png,8548,gemini_comp_s2w_8548_v2.png,gemini_comp_s2w_8548_v3.png,A > B,-1,2,0,no,2025-11-03T00:02:48.438368+00:00,T000567,8548::gemini_comp_s2w_8548_v2.png>>gemini_comp_s2w_8548_v3.png::T000567,,2897,1680,842
8548::gemini_comp_s2w_8548_v2.png||gemini_comp_s2w_8548_v4.png,8548,gemini_comp_s2w_8548_v2.png,gemini_comp_s2w_8548_v4.png,A > B,-1,"3,2",1,no,2025-11-03T00:03:02.627974+00:00,T000568,8548::gemini_comp_s2w_8548_v2.png>>gemini_comp_s2w_8548_v4.png::T000568,,2603,1680,842
8548::gemini_comp_s2w_8548_v3.png||gemini_comp_s2w_8548_v4.png,8548,gemini_comp_s2w_8548_v3.png,gemini_comp_s2w_8548_v4.png,A < B,1,"2,3",1,no,2025-11-03T00:03:11.599327+00:00,T000569,8548::gemini_comp_s2w_8548_v3.png>>gemini_comp_s2w_8548_v4.png::T000569,,3901,1680,842
9244::gemini_comp_s2w_9244_v1.png||gemini_comp_s2w_9244_v2.png,9244,gemini_comp_s2w_9244_v1.png,gemini_comp_s2w_9244_v2.png,A < B,1,3,0,no,2025-11-03T00:03:40.914098+00:00,T000570,9244::gemini_comp_s2w_9244_v1.png>>gemini_comp_s2w_9244_v2.png::T000570,,1549,1680,842
9244::gemini_comp_s2w_9244_v1.png||gemini_comp_s2w_9244_v3.png,9244,gemini_comp_s2w_9244_v1.png,gemini_comp_s2w_9244_v3.png,A < B,1,3,0,no,2025-11-03T00:03:19.361915+00:00,T000571,9244::gemini_comp_s2w_9244_v1.png>>gemini_comp_s2w_9244_v3.png::T000571,,2049,1680,842
9244::gemini_comp_s2w_9244_v1.png||gemini_comp_s2w_9244_v4.png,9244,gemini_comp_s2w_9244_v1.png,gemini_comp_s2w_9244_v4.png,A < B,1,3,0,no,2025-11-03T00:03:25.544995+00:00,T000572,9244::gemini_comp_s2w_9244_v1.png>>gemini_comp_s2w_9244_v4.png::T000572,,1362,1680,842
9244::gemini_comp_s2w_9244_v2.png||gemini_comp_s2w_9244_v3.png,9244,gemini_comp_s2w_9244_v2.png,gemini_comp_s2w_9244_v3.png,A > B,-1,2,0,no,2025-11-03T00:03:29.967729+00:00,T000573,9244::gemini_comp_s2w_9244_v2.png>>gemini_comp_s2w_9244_v3.png::T000573,,3358,1680,842
9244::gemini_comp_s2w_9244_v2.png||gemini_comp_s2w_9244_v4.png,9244,gemini_comp_s2w_9244_v2.png,gemini_comp_s2w_9244_v4.png,A < B,1,3,0,no,2025-11-03T00:03:22.779514+00:00,T000574,9244::gemini_comp_s2w_9244_v2.png>>gemini_comp_s2w_9244_v4.png::T000574,,2322,1680,842
9244::gemini_comp_s2w_9244_v3.png||gemini_comp_s2w_9244_v4.png,9244,gemini_comp_s2w_9244_v3.png,gemini_comp_s2w_9244_v4.png,A < B,1,3,0,no,2025-11-03T00:03:37.975972+00:00,T000575,9244::gemini_comp_s2w_9244_v3.png>>gemini_comp_s2w_9244_v4.png::T000575,,7111,1680,842
9249::gpt_comp_s2w_9249_v1.png||gpt_comp_s2w_9249_v2.png,9249,gpt_comp_s2w_9249_v1.png,gpt_comp_s2w_9249_v2.png,A < B,1,"2,3",1,no,2025-11-03T00:03:56.504513+00:00,T000576,9249::gpt_comp_s2w_9249_v1.png>>gpt_comp_s2w_9249_v2.png::T000576,,1869,1680,842
9249::gpt_comp_s2w_9249_v1.png||gpt_comp_s2w_9249_v3.png,9249,gpt_comp_s2w_9249_v1.png,gpt_comp_s2w_9249_v3.png,A > B,-1,2,0,no,2025-11-03T00:03:51.559764+00:00,T000577,9249::gpt_comp_s2w_9249_v1.png>>gpt_comp_s2w_9249_v3.png::T000577,,2275,1680,842
9249::gpt_comp_s2w_9249_v1.png||gpt_comp_s2w_9249_v4.png,9249,gpt_comp_s2w_9249_v1.png,gpt_comp_s2w_9249_v4.png,A < B,1,3,0,no,2025-11-03T00:03:59.277698+00:00,T000578,9249::gpt_comp_s2w_9249_v1.png>>gpt_comp_s2w_9249_v4.png::T000578,,1842,1680,842
9249::gpt_comp_s2w_9249_v2.png||gpt_comp_s2w_9249_v3.png,9249,gpt_comp_s2w_9249_v2.png,gpt_comp_s2w_9249_v3.png,A < B,1,3,0,no,2025-11-03T00:04:04.117668+00:00,T000579,9249::gpt_comp_s2w_9249_v2.png>>gpt_comp_s2w_9249_v3.png::T000579,,3916,1680,842
9249::gpt_comp_s2w_9249_v2.png||gpt_comp_s2w_9249_v4.png,9249,gpt_comp_s2w_9249_v2.png,gpt_comp_s2w_9249_v4.png,A < B,1,3,0,no,2025-11-03T00:03:44.258566+00:00,T000580,9249::gpt_comp_s2w_9249_v2.png>>gpt_comp_s2w_9249_v4.png::T000580,,2518,1680,842
9249::gpt_comp_s2w_9249_v3.png||gpt_comp_s2w_9249_v4.png,9249,gpt_comp_s2w_9249_v3.png,gpt_comp_s2w_9249_v4.png,A < B,1,3,0,no,2025-11-03T00:03:48.391084+00:00,T000581,9249::gpt_comp_s2w_9249_v3.png>>gpt_comp_s2w_9249_v4.png::T000581,,3255,1680,842
9347::gpt_comp_s2w_9347_v1.png||gpt_comp_s2w_9347_v2.png,9347,gpt_comp_s2w_9347_v1.png,gpt_comp_s2w_9347_v2.png,A > B,-1,2,0,no,2025-11-03T00:08:02.785852+00:00,T000582,9347::gpt_comp_s2w_9347_v1.png>>gpt_comp_s2w_9347_v2.png::T000582,,237725,1680,842
9347::gpt_comp_s2w_9347_v1.png||gpt_comp_s2w_9347_v3.png,9347,gpt_comp_s2w_9347_v1.png,gpt_comp_s2w_9347_v3.png,A > B,-1,2,0,no,2025-11-03T00:08:09.674276+00:00,T000583,9347::gpt_comp_s2w_9347_v1.png>>gpt_comp_s2w_9347_v3.png::T000583,,1871,1680,842
9347::gpt_comp_s2w_9347_v1.png||gpt_comp_s2w_9347_v4.png,9347,gpt_comp_s2w_9347_v1.png,gpt_comp_s2w_9347_v4.png,A > B,-1,2,0,no,2025-11-03T00:08:06.965583+00:00,T000584,9347::gpt_comp_s2w_9347_v1.png>>gpt_comp_s2w_9347_v4.png::T000584,,2774,1680,842
9347::gpt_comp_s2w_9347_v2.png||gpt_comp_s2w_9347_v3.png,9347,gpt_comp_s2w_9347_v2.png,gpt_comp_s2w_9347_v3.png,A < B,1,3,0,no,2025-11-03T00:08:22.934535+00:00,T000585,9347::gpt_comp_s2w_9347_v2.png>>gpt_comp_s2w_9347_v3.png::T000585,,4280,1680,842
9347::gpt_comp_s2w_9347_v2.png||gpt_comp_s2w_9347_v4.png,9347,gpt_comp_s2w_9347_v2.png,gpt_comp_s2w_9347_v4.png,A << B,2,4,0,no,2025-11-03T00:08:17.790504+00:00,T000586,9347::gpt_comp_s2w_9347_v2.png>>gpt_comp_s2w_9347_v4.png::T000586,,4092,1680,842
9347::gpt_comp_s2w_9347_v3.png||gpt_comp_s2w_9347_v4.png,9347,gpt_comp_s2w_9347_v3.png,gpt_comp_s2w_9347_v4.png,A > B,-1,2,0,no,2025-11-03T00:08:12.775729+00:00,T000587,9347::gpt_comp_s2w_9347_v3.png>>gpt_comp_s2w_9347_v4.png::T000587,,2087,1680,842
9640::gpt_comp_s2w_9640_v1.png||gpt_comp_s2w_9640_v2.png,9640,gpt_comp_s2w_9640_v1.png,gpt_comp_s2w_9640_v2.png,A < B,1,3,0,no,2025-11-03T00:08:39.958701+00:00,T000588,9640::gpt_comp_s2w_9640_v1.png>>gpt_comp_s2w_9640_v2.png::T000588,,1978,1680,842
9640::gpt_comp_s2w_9640_v1.png||gpt_comp_s2w_9640_v3.png,9640,gpt_comp_s2w_9640_v1.png,gpt_comp_s2w_9640_v3.png,A < B,1,3,0,no,2025-11-03T00:08:27.215050+00:00,T000589,9640::gpt_comp_s2w_9640_v1.png>>gpt_comp_s2w_9640_v3.png::T000589,,3292,1680,842
9640::gpt_comp_s2w_9640_v1.png||gpt_comp_s2w_9640_v4.png,9640,gpt_comp_s2w_9640_v1.png,gpt_comp_s2w_9640_v4.png,A < B,1,3,0,no,2025-11-03T00:08:37.174674+00:00,T000590,9640::gpt_comp_s2w_9640_v1.png>>gpt_comp_s2w_9640_v4.png::T000590,,3284,1680,842
9640::gpt_comp_s2w_9640_v2.png||gpt_comp_s2w_9640_v3.png,9640,gpt_comp_s2w_9640_v2.png,gpt_comp_s2w_9640_v3.png,A > B,-1,"3,2",1,no,2025-11-03T00:08:32.946090+00:00,T000591,9640::gpt_comp_s2w_9640_v2.png>>gpt_comp_s2w_9640_v3.png::T000591,,2616,1680,842
9640::gpt_comp_s2w_9640_v2.png||gpt_comp_s2w_9640_v4.png,9640,gpt_comp_s2w_9640_v2.png,gpt_comp_s2w_9640_v4.png,A < B,1,3,0,no,2025-11-03T00:08:41.924366+00:00,T000592,9640::gpt_comp_s2w_9640_v2.png>>gpt_comp_s2w_9640_v4.png::T000592,,1240,1680,842
9640::gpt_comp_s2w_9640_v3.png||gpt_comp_s2w_9640_v4.png,9640,gpt_comp_s2w_9640_v3.png,gpt_comp_s2w_9640_v4.png,A > B,-1,2,0,no,2025-11-03T00:08:45.909553+00:00,T000593,9640::gpt_comp_s2w_9640_v3.png>>gpt_comp_s2w_9640_v4.png::T000593,,3086,1680,842
9791::gpt_comp_s2w_9791_v1.png||gpt_comp_s2w_9791_v2.png,9791,gpt_comp_s2w_9791_v1.png,gpt_comp_s2w_9791_v2.png,A >> B,-2,"2,1",1,no,2025-11-03T00:09:21.958862+00:00,T000594,9791::gpt_comp_s2w_9791_v1.png>>gpt_comp_s2w_9791_v2.png::T000594,,2696,1680,842
9791::gpt_comp_s2w_9791_v1.png||gpt_comp_s2w_9791_v3.png,9791,gpt_comp_s2w_9791_v1.png,gpt_comp_s2w_9791_v3.png,A < B,1,3,0,no,2025-11-03T00:08:52.732697+00:00,T000595,9791::gpt_comp_s2w_9791_v1.png>>gpt_comp_s2w_9791_v3.png::T000595,,2745,1680,842
9791::gpt_comp_s2w_9791_v1.png||gpt_comp_s2w_9791_v4.png,9791,gpt_comp_s2w_9791_v1.png,gpt_comp_s2w_9791_v4.png,A < B,1,3,0,no,2025-11-03T00:08:49.149369+00:00,T000596,9791::gpt_comp_s2w_9791_v1.png>>gpt_comp_s2w_9791_v4.png::T000596,,2292,1680,842
9791::gpt_comp_s2w_9791_v2.png||gpt_comp_s2w_9791_v3.png,9791,gpt_comp_s2w_9791_v2.png,gpt_comp_s2w_9791_v3.png,A << B,2,4,0,no,2025-11-03T00:09:14.443056+00:00,T000597,9791::gpt_comp_s2w_9791_v2.png>>gpt_comp_s2w_9791_v3.png::T000597,,2609,1680,842
9791::gpt_comp_s2w_9791_v2.png||gpt_comp_s2w_9791_v4.png,9791,gpt_comp_s2w_9791_v2.png,gpt_comp_s2w_9791_v4.png,A << B,2,4,0,no,2025-11-03T00:09:05.989585+00:00,T000598,9791::gpt_comp_s2w_9791_v2.png>>gpt_comp_s2w_9791_v4.png::T000598,,2567,1680,842
9791::gpt_comp_s2w_9791_v3.png||gpt_comp_s2w_9791_v4.png,9791,gpt_comp_s2w_9791_v3.png,gpt_comp_s2w_9791_v4.png,A > B,-1,2,0,no,2025-11-03T00:08:58.698589+00:00,T000599,9791::gpt_comp_s2w_9791_v3.png>>gpt_comp_s2w_9791_v4.png::T000599,,4778,1680,842
17058::gpt_comp_s2w_17058_v1.png||gpt_comp_s2w_17058_v3.png,17058,gpt_comp_s2w_17058_v1.png,gpt_comp_s2w_17058_v3.png,A < B,1,3,0,yes,2025-11-03T00:10:16.132927+00:00,DUP_T000067,17058::gpt_comp_s2w_17058_v1.png>>gpt_comp_s2w_17058_v3.png::DUP_T000067,T000067,3802,1680,842
1897::gemini_comp_s2w_1897_v1.png||gemini_comp_s2w_1897_v3.png,1897,gemini_comp_s2w_1897_v1.png,gemini_comp_s2w_1897_v3.png,A < B,1,3,0,yes,2025-11-03T00:09:27.277261+00:00,DUP_T000091,1897::gemini_comp_s2w_1897_v1.png>>gemini_comp_s2w_1897_v3.png::DUP_T000091,T000091,3607,1680,842
28040::gemini_comp_s2w_28040_v3.png||gemini_comp_s2w_28040_v4.png,28040,gemini_comp_s2w_28040_v3.png,gemini_comp_s2w_28040_v4.png,A >> B,-2,1,0,yes,2025-11-03T00:10:00.748099+00:00,DUP_T000167,28040::gemini_comp_s2w_28040_v3.png>>gemini_comp_s2w_28040_v4.png::DUP_T000167,T000167,2105,1680,842
2962::gpt_comp_s2w_2962_v1.png||gpt_comp_s2w_2962_v2.png,2962,gpt_comp_s2w_2962_v1.png,gpt_comp_s2w_2962_v2.png,A > B,-1,2,0,yes,2025-11-03T00:09:31.374344+00:00,DUP_T000192,2962::gpt_comp_s2w_2962_v1.png>>gpt_comp_s2w_2962_v2.png::DUP_T000192,T000192,2734,1680,842
2962::gpt_comp_s2w_2962_v1.png||gpt_comp_s2w_2962_v3.png,2962,gpt_comp_s2w_2962_v1.png,gpt_comp_s2w_2962_v3.png,A > B,-1,2,0,yes,2025-11-03T00:10:06.376062+00:00,DUP_T000193,2962::gpt_comp_s2w_2962_v1.png>>gpt_comp_s2w_2962_v3.png::DUP_T000193,T000193,3178,1680,842
51339::gpt_comp_s2w_51339_v1.png||gpt_comp_s2w_51339_v3.png,51339,gpt_comp_s2w_51339_v1.png,gpt_comp_s2w_51339_v3.png,A >> B,-2,1,0,yes,2025-11-03T00:10:10.238543+00:00,DUP_T000361,51339::gpt_comp_s2w_51339_v1.png>>gpt_comp_s2w_51339_v3.png::DUP_T000361,T000361,2881,1680,842
5651::gpt_comp_s2w_5651_v2.png||gpt_comp_s2w_5651_v3.png,5651,gpt_comp_s2w_5651_v2.png,gpt_comp_s2w_5651_v3.png,A > B,-1,2,0,yes,2025-11-03T00:09:39.788285+00:00,DUP_T000393,5651::gpt_comp_s2w_5651_v2.png>>gpt_comp_s2w_5651_v3.png::DUP_T000393,T000393,4952,1680,842
57893::gpt_comp_s2w_57893_v2.png||gpt_comp_s2w_57893_v4.png,57893,gpt_comp_s2w_57893_v2.png,gpt_comp_s2w_57893_v4.png,A >> B,-2,1,0,yes,2025-11-03T00:09:57.337741+00:00,DUP_T000412,57893::gpt_comp_s2w_57893_v2.png>>gpt_comp_s2w_57893_v4.png::DUP_T000412,T000412,5053,1680,842
70410::gemini_comp_s2w_70410_v1.png||gemini_comp_s2w_70410_v2.png,70410,gemini_comp_s2w_70410_v1.png,gemini_comp_s2w_70410_v2.png,A >> B,-2,1,0,yes,2025-11-03T00:10:30.562650+00:00,DUP_T000510,70410::gemini_comp_s2w_70410_v1.png>>gemini_comp_s2w_70410_v2.png::DUP_T000510,T000510,3311,1680,842
9244::gemini_comp_s2w_9244_v2.png||gemini_comp_s2w_9244_v4.png,9244,gemini_comp_s2w_9244_v2.png,gemini_comp_s2w_9244_v4.png,A > B,-1,2,0,yes,2025-11-03T00:09:51.138825+00:00,DUP_T000574,9244::gemini_comp_s2w_9244_v2.png>>gemini_comp_s2w_9244_v4.png::DUP_T000574,T000574,8805,1680,842
