pair_id,screen_id,left_file,right_file,final_choice,final_score,choice_trace,num_choice_changes,attention_check,timestamp_utc,uid,cid,orig_uid,rt_ms,client_w,client_h
10681::gpt_comp_s2w_10681_v1.png||gpt_comp_s2w_10681_v2.png,10681,gpt_comp_s2w_10681_v1.png,gpt_comp_s2w_10681_v2.png,A > B,-1,2,0,no,2025-11-02T23:14:07.094861+00:00,T000000,10681::gpt_comp_s2w_10681_v1.png>>gpt_comp_s2w_10681_v2.png::T000000,,144950,1296,626
10681::gpt_comp_s2w_10681_v1.png||gpt_comp_s2w_10681_v3.png,10681,gpt_comp_s2w_10681_v1.png,gpt_comp_s2w_10681_v3.png,A >> B,-2,1,0,no,2025-11-02T23:20:39.262961+00:00,T000001,10681::gpt_comp_s2w_10681_v1.png>>gpt_comp_s2w_10681_v3.png::T000001,,16120,1296,626
10681::gpt_comp_s2w_10681_v1.png||gpt_comp_s2w_10681_v4.png,10681,gpt_comp_s2w_10681_v1.png,gpt_comp_s2w_10681_v4.png,A >> B,-2,1,0,no,2025-11-02T23:17:56.845735+00:00,T000002,10681::gpt_comp_s2w_10681_v1.png>>gpt_comp_s2w_10681_v4.png::T000002,,65333,1296,626
10681::gpt_comp_s2w_10681_v2.png||gpt_comp_s2w_10681_v3.png,10681,gpt_comp_s2w_10681_v2.png,gpt_comp_s2w_10681_v3.png,A > B,-1,2,0,no,2025-11-02T23:16:48.902178+00:00,T000003,10681::gpt_comp_s2w_10681_v2.png>>gpt_comp_s2w_10681_v3.png::T000003,,58728,1296,626
10681::gpt_comp_s2w_10681_v2.png||gpt_comp_s2w_10681_v4.png,10681,gpt_comp_s2w_10681_v2.png,gpt_comp_s2w_10681_v4.png,A > B,-1,2,0,no,2025-11-02T23:21:11.956110+00:00,T000004,10681::gpt_comp_s2w_10681_v2.png>>gpt_comp_s2w_10681_v4.png::T000004,,28812,1296,626
10681::gpt_comp_s2w_10681_v3.png||gpt_comp_s2w_10681_v4.png,10681,gpt_comp_s2w_10681_v3.png,gpt_comp_s2w_10681_v4.png,A > B,-1,2,0,no,2025-11-02T23:15:41.204726+00:00,T000005,10681::gpt_comp_s2w_10681_v3.png>>gpt_comp_s2w_10681_v4.png::T000005,,77852,1296,626
12842::gemini_comp_s2w_12842_v1.png||gemini_comp_s2w_12842_v2.png,12842,gemini_comp_s2w_12842_v1.png,gemini_comp_s2w_12842_v2.png,A >> B,-2,1,0,no,2025-11-02T23:25:48.472049+00:00,T000006,12842::gemini_comp_s2w_12842_v1.png>>gemini_comp_s2w_12842_v2.png::T000006,,21694,1296,626
12842::gemini_comp_s2w_12842_v1.png||gemini_comp_s2w_12842_v3.png,12842,gemini_comp_s2w_12842_v1.png,gemini_comp_s2w_12842_v3.png,A < B,1,3,0,no,2025-11-02T23:24:46.782057+00:00,T000007,12842::gemini_comp_s2w_12842_v1.png>>gemini_comp_s2w_12842_v3.png::T000007,,85241,1296,626
12842::gemini_comp_s2w_12842_v1.png||gemini_comp_s2w_12842_v4.png,12842,gemini_comp_s2w_12842_v1.png,gemini_comp_s2w_12842_v4.png,A > B,-1,2,0,no,2025-11-02T23:25:13.182417+00:00,T000008,12842::gemini_comp_s2w_12842_v1.png>>gemini_comp_s2w_12842_v4.png::T000008,,22567,1296,626
12842::gemini_comp_s2w_12842_v2.png||gemini_comp_s2w_12842_v3.png,12842,gemini_comp_s2w_12842_v2.png,gemini_comp_s2w_12842_v3.png,A < B,1,3,0,no,2025-11-02T23:22:44.059463+00:00,T000009,12842::gemini_comp_s2w_12842_v2.png>>gemini_comp_s2w_12842_v3.png::T000009,,17389,1296,626
12842::gemini_comp_s2w_12842_v2.png||gemini_comp_s2w_12842_v4.png,12842,gemini_comp_s2w_12842_v2.png,gemini_comp_s2w_12842_v4.png,A < B,1,3,0,no,2025-11-02T23:22:15.665413+00:00,T000010,12842::gemini_comp_s2w_12842_v2.png>>gemini_comp_s2w_12842_v4.png::T000010,,31327,1296,626
12842::gemini_comp_s2w_12842_v3.png||gemini_comp_s2w_12842_v4.png,12842,gemini_comp_s2w_12842_v3.png,gemini_comp_s2w_12842_v4.png,A > B,-1,2,0,no,2025-11-02T23:23:14.051885+00:00,T000011,12842::gemini_comp_s2w_12842_v3.png>>gemini_comp_s2w_12842_v4.png::T000011,,25373,1296,626
13350::gemini_comp_s2w_13350_v1.png||gemini_comp_s2w_13350_v2.png,13350,gemini_comp_s2w_13350_v1.png,gemini_comp_s2w_13350_v2.png,A > B,-1,2,0,no,2025-11-02T23:29:56.803017+00:00,T000012,13350::gemini_comp_s2w_13350_v1.png>>gemini_comp_s2w_13350_v2.png::T000012,,60487,1296,626
13350::gemini_comp_s2w_13350_v1.png||gemini_comp_s2w_13350_v3.png,13350,gemini_comp_s2w_13350_v1.png,gemini_comp_s2w_13350_v3.png,A < B,1,"2,3",1,no,2025-11-02T23:27:53.647213+00:00,T000013,13350::gemini_comp_s2w_13350_v1.png>>gemini_comp_s2w_13350_v3.png::T000013,,31075,1296,626
13350::gemini_comp_s2w_13350_v1.png||gemini_comp_s2w_13350_v4.png,13350,gemini_comp_s2w_13350_v1.png,gemini_comp_s2w_13350_v4.png,A > B,-1,2,0,no,2025-11-02T23:31:44.029030+00:00,T000014,13350::gemini_comp_s2w_13350_v1.png>>gemini_comp_s2w_13350_v4.png::T000014,,10773,1296,626
13350::gemini_comp_s2w_13350_v2.png||gemini_comp_s2w_13350_v3.png,13350,gemini_comp_s2w_13350_v2.png,gemini_comp_s2w_13350_v3.png,A < B,1,3,0,no,2025-11-02T23:31:28.884137+00:00,T000015,13350::gemini_comp_s2w_13350_v2.png>>gemini_comp_s2w_13350_v3.png::T000015,,13164,1296,626
13350::gemini_comp_s2w_13350_v2.png||gemini_comp_s2w_13350_v4.png,13350,gemini_comp_s2w_13350_v2.png,gemini_comp_s2w_13350_v4.png,A < B,1,3,0,no,2025-11-02T23:31:13.032399+00:00,T000016,13350::gemini_comp_s2w_13350_v2.png>>gemini_comp_s2w_13350_v4.png::T000016,,11478,1296,626
13350::gemini_comp_s2w_13350_v3.png||gemini_comp_s2w_13350_v4.png,13350,gemini_comp_s2w_13350_v3.png,gemini_comp_s2w_13350_v4.png,A > B,-1,2,0,no,2025-11-02T23:28:29.228387+00:00,T000017,13350::gemini_comp_s2w_13350_v3.png>>gemini_comp_s2w_13350_v4.png::T000017,,4895,1296,626
13585::gemini_comp_s2w_13585_v1.png||gemini_comp_s2w_13585_v2.png,13585,gemini_comp_s2w_13585_v1.png,gemini_comp_s2w_13585_v2.png,A << B,2,4,0,no,2025-11-02T23:34:09.507899+00:00,T000018,13585::gemini_comp_s2w_13585_v1.png>>gemini_comp_s2w_13585_v2.png::T000018,,36111,1296,626
13585::gemini_comp_s2w_13585_v1.png||gemini_comp_s2w_13585_v3.png,13585,gemini_comp_s2w_13585_v1.png,gemini_comp_s2w_13585_v3.png,A << B,2,4,0,no,2025-11-02T23:32:47.434185+00:00,T000019,13585::gemini_comp_s2w_13585_v1.png>>gemini_comp_s2w_13585_v3.png::T000019,,22791,1296,626
13585::gemini_comp_s2w_13585_v1.png||gemini_comp_s2w_13585_v4.png,13585,gemini_comp_s2w_13585_v1.png,gemini_comp_s2w_13585_v4.png,A << B,2,4,0,no,2025-11-02T23:35:45.300440+00:00,T000020,13585::gemini_comp_s2w_13585_v1.png>>gemini_comp_s2w_13585_v4.png::T000020,,8722,1296,626
13585::gemini_comp_s2w_13585_v2.png||gemini_comp_s2w_13585_v3.png,13585,gemini_comp_s2w_13585_v2.png,gemini_comp_s2w_13585_v3.png,A << B,2,4,0,no,2025-11-02T23:35:58.916826+00:00,T000021,13585::gemini_comp_s2w_13585_v2.png>>gemini_comp_s2w_13585_v3.png::T000021,,8498,1296,626
13585::gemini_comp_s2w_13585_v2.png||gemini_comp_s2w_13585_v4.png,13585,gemini_comp_s2w_13585_v2.png,gemini_comp_s2w_13585_v4.png,A << B,2,4,0,no,2025-11-02T23:33:30.854355+00:00,T000022,13585::gemini_comp_s2w_13585_v2.png>>gemini_comp_s2w_13585_v4.png::T000022,,38028,1296,626
13585::gemini_comp_s2w_13585_v3.png||gemini_comp_s2w_13585_v4.png,13585,gemini_comp_s2w_13585_v3.png,gemini_comp_s2w_13585_v4.png,A < B,1,3,0,no,2025-11-02T23:35:32.183305+00:00,T000023,13585::gemini_comp_s2w_13585_v3.png>>gemini_comp_s2w_13585_v4.png::T000023,,47334,1296,626
14289::gpt_comp_s2w_14289_v1.png||gpt_comp_s2w_14289_v2.png,14289,gpt_comp_s2w_14289_v1.png,gpt_comp_s2w_14289_v2.png,A << B,2,4,0,no,2025-11-02T23:39:30.259483+00:00,T000024,14289::gpt_comp_s2w_14289_v1.png>>gpt_comp_s2w_14289_v2.png::T000024,,16960,1296,626
14289::gpt_comp_s2w_14289_v1.png||gpt_comp_s2w_14289_v3.png,14289,gpt_comp_s2w_14289_v1.png,gpt_comp_s2w_14289_v3.png,A > B,-1,2,0,no,2025-11-02T23:40:03.450306+00:00,T000025,14289::gpt_comp_s2w_14289_v1.png>>gpt_comp_s2w_14289_v3.png::T000025,,15356,1296,626
14289::gpt_comp_s2w_14289_v1.png||gpt_comp_s2w_14289_v4.png,14289,gpt_comp_s2w_14289_v1.png,gpt_comp_s2w_14289_v4.png,A > B,-1,2,0,no,2025-11-02T23:38:37.955937+00:00,T000026,14289::gpt_comp_s2w_14289_v1.png>>gpt_comp_s2w_14289_v4.png::T000026,,25882,1296,626
14289::gpt_comp_s2w_14289_v2.png||gpt_comp_s2w_14289_v3.png,14289,gpt_comp_s2w_14289_v2.png,gpt_comp_s2w_14289_v3.png,A >> B,-2,1,0,no,2025-11-02T23:37:48.488986+00:00,T000027,14289::gpt_comp_s2w_14289_v2.png>>gpt_comp_s2w_14289_v3.png::T000027,,42179,1296,626
14289::gpt_comp_s2w_14289_v2.png||gpt_comp_s2w_14289_v4.png,14289,gpt_comp_s2w_14289_v2.png,gpt_comp_s2w_14289_v4.png,A >> B,-2,1,0,no,2025-11-02T23:39:44.114176+00:00,T000028,14289::gpt_comp_s2w_14289_v2.png>>gpt_comp_s2w_14289_v4.png::T000028,,12175,1296,626
14289::gpt_comp_s2w_14289_v3.png||gpt_comp_s2w_14289_v4.png,14289,gpt_comp_s2w_14289_v3.png,gpt_comp_s2w_14289_v4.png,A < B,1,3,0,no,2025-11-02T23:39:10.563303+00:00,T000029,14289::gpt_comp_s2w_14289_v3.png>>gpt_comp_s2w_14289_v4.png::T000029,,16541,1296,626
15033::gpt_comp_s2w_15033_v1.png||gpt_comp_s2w_15033_v2.png,15033,gpt_comp_s2w_15033_v1.png,gpt_comp_s2w_15033_v2.png,A > B,-1,2,0,no,2025-11-02T23:43:14.377825+00:00,T000030,15033::gpt_comp_s2w_15033_v1.png>>gpt_comp_s2w_15033_v2.png::T000030,,18186,1296,626
15033::gpt_comp_s2w_15033_v1.png||gpt_comp_s2w_15033_v3.png,15033,gpt_comp_s2w_15033_v1.png,gpt_comp_s2w_15033_v3.png,A < B,1,3,0,no,2025-11-02T23:42:37.701762+00:00,T000031,15033::gpt_comp_s2w_15033_v1.png>>gpt_comp_s2w_15033_v3.png::T000031,,10165,1296,626
15033::gpt_comp_s2w_15033_v1.png||gpt_comp_s2w_15033_v4.png,15033,gpt_comp_s2w_15033_v1.png,gpt_comp_s2w_15033_v4.png,A < B,1,3,0,no,2025-11-02T23:40:51.003936+00:00,T000032,15033::gpt_comp_s2w_15033_v1.png>>gpt_comp_s2w_15033_v4.png::T000032,,38000,1296,626
15033::gpt_comp_s2w_15033_v2.png||gpt_comp_s2w_15033_v3.png,15033,gpt_comp_s2w_15033_v2.png,gpt_comp_s2w_15033_v3.png,A < B,1,3,0,no,2025-11-02T23:42:54.025020+00:00,T000033,15033::gpt_comp_s2w_15033_v2.png>>gpt_comp_s2w_15033_v3.png::T000033,,14006,1296,626
15033::gpt_comp_s2w_15033_v2.png||gpt_comp_s2w_15033_v4.png,15033,gpt_comp_s2w_15033_v2.png,gpt_comp_s2w_15033_v4.png,A < B,1,3,0,no,2025-11-02T23:42:23.437038+00:00,T000034,15033::gpt_comp_s2w_15033_v2.png>>gpt_comp_s2w_15033_v4.png::T000034,,9958,1296,626
15033::gpt_comp_s2w_15033_v3.png||gpt_comp_s2w_15033_v4.png,15033,gpt_comp_s2w_15033_v3.png,gpt_comp_s2w_15033_v4.png,A < B,1,3,0,no,2025-11-02T23:42:07.258115+00:00,T000035,15033::gpt_comp_s2w_15033_v3.png>>gpt_comp_s2w_15033_v4.png::T000035,,62719,1296,626
15366::gpt_comp_s2w_15366_v1.png||gpt_comp_s2w_15366_v2.png,15366,gpt_comp_s2w_15366_v1.png,gpt_comp_s2w_15366_v2.png,A < B,1,3,0,no,2025-11-02T23:45:58.794887+00:00,T000036,15366::gpt_comp_s2w_15366_v1.png>>gpt_comp_s2w_15366_v2.png::T000036,,8002,1296,626
15366::gpt_comp_s2w_15366_v1.png||gpt_comp_s2w_15366_v3.png,15366,gpt_comp_s2w_15366_v1.png,gpt_comp_s2w_15366_v3.png,A > B,-1,2,0,no,2025-11-02T23:45:08.785646+00:00,T000037,15366::gpt_comp_s2w_15366_v1.png>>gpt_comp_s2w_15366_v3.png::T000037,,22366,1296,626
15366::gpt_comp_s2w_15366_v1.png||gpt_comp_s2w_15366_v4.png,15366,gpt_comp_s2w_15366_v1.png,gpt_comp_s2w_15366_v4.png,A < B,1,"2,3",1,no,2025-11-02T23:44:38.177147+00:00,T000038,15366::gpt_comp_s2w_15366_v1.png>>gpt_comp_s2w_15366_v4.png::T000038,,36684,1296,626
15366::gpt_comp_s2w_15366_v2.png||gpt_comp_s2w_15366_v3.png,15366,gpt_comp_s2w_15366_v2.png,gpt_comp_s2w_15366_v3.png,A > B,-1,"2,2",0,no,2025-11-02T23:46:28.134949+00:00,T000039,15366::gpt_comp_s2w_15366_v2.png>>gpt_comp_s2w_15366_v3.png::T000039,,597,1296,626
15366::gpt_comp_s2w_15366_v2.png||gpt_comp_s2w_15366_v4.png,15366,gpt_comp_s2w_15366_v2.png,gpt_comp_s2w_15366_v4.png,A > B,-1,2,0,no,2025-11-02T23:46:47.578850+00:00,T000040,15366::gpt_comp_s2w_15366_v2.png>>gpt_comp_s2w_15366_v4.png::T000040,,12811,1296,626
15366::gpt_comp_s2w_15366_v3.png||gpt_comp_s2w_15366_v4.png,15366,gpt_comp_s2w_15366_v3.png,gpt_comp_s2w_15366_v4.png,A < B,1,3,0,no,2025-11-02T23:46:22.315686+00:00,T000041,15366::gpt_comp_s2w_15366_v3.png>>gpt_comp_s2w_15366_v4.png::T000041,,7535,1296,626
1555::gpt_comp_s2w_1555_v1.png||gpt_comp_s2w_1555_v2.png,1555,gpt_comp_s2w_1555_v1.png,gpt_comp_s2w_1555_v2.png,A < B,1,3,0,no,2025-11-02T23:49:57.437992+00:00,T000042,1555::gpt_comp_s2w_1555_v1.png>>gpt_comp_s2w_1555_v2.png::T000042,,3324,1296,626
1555::gpt_comp_s2w_1555_v1.png||gpt_comp_s2w_1555_v3.png,1555,gpt_comp_s2w_1555_v1.png,gpt_comp_s2w_1555_v3.png,A > B,-1,2,0,no,2025-11-02T23:49:18.798707+00:00,T000043,1555::gpt_comp_s2w_1555_v1.png>>gpt_comp_s2w_1555_v3.png::T000043,,13181,1296,626
1555::gpt_comp_s2w_1555_v1.png||gpt_comp_s2w_1555_v4.png,1555,gpt_comp_s2w_1555_v1.png,gpt_comp_s2w_1555_v4.png,A > B,-1,2,0,no,2025-11-02T23:49:02.316226+00:00,T000044,1555::gpt_comp_s2w_1555_v1.png>>gpt_comp_s2w_1555_v4.png::T000044,,52780,1296,626
1555::gpt_comp_s2w_1555_v2.png||gpt_comp_s2w_1555_v3.png,1555,gpt_comp_s2w_1555_v2.png,gpt_comp_s2w_1555_v3.png,A >> B,-2,1,0,no,2025-11-02T23:47:28.089588+00:00,T000045,1555::gpt_comp_s2w_1555_v2.png>>gpt_comp_s2w_1555_v3.png::T000045,,37720,1296,626
1555::gpt_comp_s2w_1555_v2.png||gpt_comp_s2w_1555_v4.png,1555,gpt_comp_s2w_1555_v2.png,gpt_comp_s2w_1555_v4.png,A > B,-1,2,0,no,2025-11-02T23:48:06.687442+00:00,T000046,1555::gpt_comp_s2w_1555_v2.png>>gpt_comp_s2w_1555_v4.png::T000046,,35129,1296,626
1555::gpt_comp_s2w_1555_v3.png||gpt_comp_s2w_1555_v4.png,1555,gpt_comp_s2w_1555_v3.png,gpt_comp_s2w_1555_v4.png,A << B,2,"3,4",1,no,2025-11-02T23:50:17.118689+00:00,T000047,1555::gpt_comp_s2w_1555_v3.png>>gpt_comp_s2w_1555_v4.png::T000047,,7785,1296,626
16084::gemini_comp_s2w_16084_v1.png||gemini_comp_s2w_16084_v2.png,16084,gemini_comp_s2w_16084_v1.png,gemini_comp_s2w_16084_v2.png,A << B,2,4,0,no,2025-11-02T23:50:52.770824+00:00,T000048,16084::gemini_comp_s2w_16084_v1.png>>gemini_comp_s2w_16084_v2.png::T000048,,29435,1296,626
16084::gemini_comp_s2w_16084_v1.png||gemini_comp_s2w_16084_v3.png,16084,gemini_comp_s2w_16084_v1.png,gemini_comp_s2w_16084_v3.png,A < B,1,3,0,no,2025-11-02T23:51:38.582315+00:00,T000049,16084::gemini_comp_s2w_16084_v1.png>>gemini_comp_s2w_16084_v3.png::T000049,,3572,1296,626
16084::gemini_comp_s2w_16084_v1.png||gemini_comp_s2w_16084_v4.png,16084,gemini_comp_s2w_16084_v1.png,gemini_comp_s2w_16084_v4.png,A >> B,-2,1,0,no,2025-11-02T23:51:13.219408+00:00,T000050,16084::gemini_comp_s2w_16084_v1.png>>gemini_comp_s2w_16084_v4.png::T000050,,10206,1296,626
16084::gemini_comp_s2w_16084_v2.png||gemini_comp_s2w_16084_v3.png,16084,gemini_comp_s2w_16084_v2.png,gemini_comp_s2w_16084_v3.png,A > B,-1,2,0,no,2025-11-02T23:51:32.040699+00:00,T000051,16084::gemini_comp_s2w_16084_v2.png>>gemini_comp_s2w_16084_v3.png::T000051,,14745,1296,626
16084::gemini_comp_s2w_16084_v2.png||gemini_comp_s2w_16084_v4.png,16084,gemini_comp_s2w_16084_v2.png,gemini_comp_s2w_16084_v4.png,A >> B,-2,1,0,no,2025-11-02T23:53:13.788136+00:00,T000052,16084::gemini_comp_s2w_16084_v2.png>>gemini_comp_s2w_16084_v4.png::T000052,,3111,1296,626
16084::gemini_comp_s2w_16084_v3.png||gemini_comp_s2w_16084_v4.png,16084,gemini_comp_s2w_16084_v3.png,gemini_comp_s2w_16084_v4.png,A >> B,-2,1,0,no,2025-11-02T23:53:06.500825+00:00,T000053,16084::gemini_comp_s2w_16084_v3.png>>gemini_comp_s2w_16084_v4.png::T000053,,72410,1296,626
16634::gemini_comp_s2w_16634_v1.png||gemini_comp_s2w_16634_v2.png,16634,gemini_comp_s2w_16634_v1.png,gemini_comp_s2w_16634_v2.png,A > B,-1,2,0,no,2025-11-02T23:56:39.451337+00:00,T000054,16634::gemini_comp_s2w_16634_v1.png>>gemini_comp_s2w_16634_v2.png::T000054,,15677,1296,626
16634::gemini_comp_s2w_16634_v1.png||gemini_comp_s2w_16634_v3.png,16634,gemini_comp_s2w_16634_v1.png,gemini_comp_s2w_16634_v3.png,A >> B,-2,"2,1",1,no,2025-11-02T23:54:52.593997+00:00,T000055,16634::gemini_comp_s2w_16634_v1.png>>gemini_comp_s2w_16634_v3.png::T000055,,8186,1296,626
16634::gemini_comp_s2w_16634_v1.png||gemini_comp_s2w_16634_v4.png,16634,gemini_comp_s2w_16634_v1.png,gemini_comp_s2w_16634_v4.png,A >> B,-2,1,0,no,2025-11-02T23:56:08.556893+00:00,T000056,16634::gemini_comp_s2w_16634_v1.png>>gemini_comp_s2w_16634_v4.png::T000056,,9095,1296,626
16634::gemini_comp_s2w_16634_v2.png||gemini_comp_s2w_16634_v3.png,16634,gemini_comp_s2w_16634_v2.png,gemini_comp_s2w_16634_v3.png,A >> B,-2,1,0,no,2025-11-02T23:55:56.891243+00:00,T000057,16634::gemini_comp_s2w_16634_v2.png>>gemini_comp_s2w_16634_v3.png::T000057,,7490,1296,626
16634::gemini_comp_s2w_16634_v2.png||gemini_comp_s2w_16634_v4.png,16634,gemini_comp_s2w_16634_v2.png,gemini_comp_s2w_16634_v4.png,A >> B,-2,"2,1",1,no,2025-11-02T23:55:28.967990+00:00,T000058,16634::gemini_comp_s2w_16634_v2.png>>gemini_comp_s2w_16634_v4.png::T000058,,4853,1296,626
16634::gemini_comp_s2w_16634_v3.png||gemini_comp_s2w_16634_v4.png,16634,gemini_comp_s2w_16634_v3.png,gemini_comp_s2w_16634_v4.png,A > B,-1,2,0,no,2025-11-02T23:56:20.817011+00:00,T000059,16634::gemini_comp_s2w_16634_v3.png>>gemini_comp_s2w_16634_v4.png::T000059,,8325,1296,626
16861::gpt_comp_s2w_16861_v1.png||gpt_comp_s2w_16861_v2.png,16861,gpt_comp_s2w_16861_v1.png,gpt_comp_s2w_16861_v2.png,A < B,1,3,0,no,2025-11-02T23:58:50.415109+00:00,T000060,16861::gpt_comp_s2w_16861_v1.png>>gpt_comp_s2w_16861_v2.png::T000060,,40802,1296,626
16861::gpt_comp_s2w_16861_v1.png||gpt_comp_s2w_16861_v3.png,16861,gpt_comp_s2w_16861_v1.png,gpt_comp_s2w_16861_v3.png,A >> B,-2,1,0,no,2025-11-02T23:58:07.070495+00:00,T000061,16861::gpt_comp_s2w_16861_v1.png>>gpt_comp_s2w_16861_v3.png::T000061,,8920,1296,626
16861::gpt_comp_s2w_16861_v1.png||gpt_comp_s2w_16861_v4.png,16861,gpt_comp_s2w_16861_v1.png,gpt_comp_s2w_16861_v4.png,A >> B,-2,1,0,no,2025-11-02T23:59:32.827261+00:00,T000062,16861::gpt_comp_s2w_16861_v1.png>>gpt_comp_s2w_16861_v4.png::T000062,,18405,1296,626
16861::gpt_comp_s2w_16861_v2.png||gpt_comp_s2w_16861_v3.png,16861,gpt_comp_s2w_16861_v2.png,gpt_comp_s2w_16861_v3.png,A >> B,-2,1,0,no,2025-11-02T23:57:14.158763+00:00,T000063,16861::gpt_comp_s2w_16861_v2.png>>gpt_comp_s2w_16861_v3.png::T000063,,32028,1296,626
16861::gpt_comp_s2w_16861_v2.png||gpt_comp_s2w_16861_v4.png,16861,gpt_comp_s2w_16861_v2.png,gpt_comp_s2w_16861_v4.png,A >> B,-2,1,0,no,2025-11-02T23:58:58.273958+00:00,T000064,16861::gpt_comp_s2w_16861_v2.png>>gpt_comp_s2w_16861_v4.png::T000064,,5142,1296,626
16861::gpt_comp_s2w_16861_v3.png||gpt_comp_s2w_16861_v4.png,16861,gpt_comp_s2w_16861_v3.png,gpt_comp_s2w_16861_v4.png,A << B,2,4,0,no,2025-11-02T23:59:46.801796+00:00,T000065,16861::gpt_comp_s2w_16861_v3.png>>gpt_comp_s2w_16861_v4.png::T000065,,10792,1296,626
17058::gpt_comp_s2w_17058_v1.png||gpt_comp_s2w_17058_v2.png,17058,gpt_comp_s2w_17058_v1.png,gpt_comp_s2w_17058_v2.png,A >> B,-2,1,0,no,2025-11-03T00:01:01.099538+00:00,T000066,17058::gpt_comp_s2w_17058_v1.png>>gpt_comp_s2w_17058_v2.png::T000066,,12961,1296,626
17058::gpt_comp_s2w_17058_v1.png||gpt_comp_s2w_17058_v3.png,17058,gpt_comp_s2w_17058_v1.png,gpt_comp_s2w_17058_v3.png,A < B,1,3,0,no,2025-11-03T00:02:29.639360+00:00,T000067,17058::gpt_comp_s2w_17058_v1.png>>gpt_comp_s2w_17058_v3.png::T000067,,14502,1296,626
17058::gpt_comp_s2w_17058_v1.png||gpt_comp_s2w_17058_v4.png,17058,gpt_comp_s2w_17058_v1.png,gpt_comp_s2w_17058_v4.png,A >> B,-2,1,0,no,2025-11-03T00:00:46.078806+00:00,T000068,17058::gpt_comp_s2w_17058_v1.png>>gpt_comp_s2w_17058_v4.png::T000068,,20680,1296,626
17058::gpt_comp_s2w_17058_v2.png||gpt_comp_s2w_17058_v3.png,17058,gpt_comp_s2w_17058_v2.png,gpt_comp_s2w_17058_v3.png,A << B,2,4,0,no,2025-11-03T00:01:39.385301+00:00,T000069,17058::gpt_comp_s2w_17058_v2.png>>gpt_comp_s2w_17058_v3.png::T000069,,35483,1296,626
17058::gpt_comp_s2w_17058_v2.png||gpt_comp_s2w_17058_v4.png,17058,gpt_comp_s2w_17058_v2.png,gpt_comp_s2w_17058_v4.png,A > B,-1,2,0,no,2025-11-03T00:02:12.361749+00:00,T000070,17058::gpt_comp_s2w_17058_v2.png>>gpt_comp_s2w_17058_v4.png::T000070,,23011,1296,626
17058::gpt_comp_s2w_17058_v3.png||gpt_comp_s2w_17058_v4.png,17058,gpt_comp_s2w_17058_v3.png,gpt_comp_s2w_17058_v4.png,A >> B,-2,1,0,no,2025-11-03T00:00:18.354877+00:00,T000071,17058::gpt_comp_s2w_17058_v3.png>>gpt_comp_s2w_17058_v4.png::T000071,,28933,1296,626
17432::gpt_comp_s2w_17432_v1.png||gpt_comp_s2w_17432_v2.png,17432,gpt_comp_s2w_17432_v1.png,gpt_comp_s2w_17432_v2.png,A > B,-1,2,0,no,2025-11-03T00:05:24.526909+00:00,T000072,17432::gpt_comp_s2w_17432_v1.png>>gpt_comp_s2w_17432_v2.png::T000072,,6896,1296,626
17432::gpt_comp_s2w_17432_v1.png||gpt_comp_s2w_17432_v3.png,17432,gpt_comp_s2w_17432_v1.png,gpt_comp_s2w_17432_v3.png,A << B,2,4,0,no,2025-11-03T00:04:08.261055+00:00,T000073,17432::gpt_comp_s2w_17432_v1.png>>gpt_comp_s2w_17432_v3.png::T000073,,24612,1296,626
17432::gpt_comp_s2w_17432_v1.png||gpt_comp_s2w_17432_v4.png,17432,gpt_comp_s2w_17432_v1.png,gpt_comp_s2w_17432_v4.png,A > B,-1,2,0,no,2025-11-03T00:04:42.756550+00:00,T000074,17432::gpt_comp_s2w_17432_v1.png>>gpt_comp_s2w_17432_v4.png::T000074,,8815,1296,626
17432::gpt_comp_s2w_17432_v2.png||gpt_comp_s2w_17432_v3.png,17432,gpt_comp_s2w_17432_v2.png,gpt_comp_s2w_17432_v3.png,A << B,2,4,0,no,2025-11-03T00:03:07.897840+00:00,T000075,17432::gpt_comp_s2w_17432_v2.png>>gpt_comp_s2w_17432_v3.png::T000075,,32965,1296,626
17432::gpt_comp_s2w_17432_v2.png||gpt_comp_s2w_17432_v4.png,17432,gpt_comp_s2w_17432_v2.png,gpt_comp_s2w_17432_v4.png,A << B,2,4,0,no,2025-11-03T00:03:41.315244+00:00,T000076,17432::gpt_comp_s2w_17432_v2.png>>gpt_comp_s2w_17432_v4.png::T000076,,27075,1296,626
17432::gpt_comp_s2w_17432_v3.png||gpt_comp_s2w_17432_v4.png,17432,gpt_comp_s2w_17432_v3.png,gpt_comp_s2w_17432_v4.png,A >> B,-2,1,0,no,2025-11-03T00:04:27.851557+00:00,T000077,17432::gpt_comp_s2w_17432_v3.png>>gpt_comp_s2w_17432_v4.png::T000077,,14620,1296,626
17501::gemini_comp_s2w_17501_v1.png||gemini_comp_s2w_17501_v2.png,17501,gemini_comp_s2w_17501_v1.png,gemini_comp_s2w_17501_v2.png,A >> B,-2,1,0,no,2025-11-03T00:07:18.188499+00:00,T000078,17501::gemini_comp_s2w_17501_v1.png>>gemini_comp_s2w_17501_v2.png::T000078,,7645,1296,626
17501::gemini_comp_s2w_17501_v1.png||gemini_comp_s2w_17501_v3.png,17501,gemini_comp_s2w_17501_v1.png,gemini_comp_s2w_17501_v3.png,A >> B,-2,1,0,no,2025-11-03T00:07:28.216226+00:00,T000079,17501::gemini_comp_s2w_17501_v1.png>>gemini_comp_s2w_17501_v3.png::T000079,,5094,1296,626
17501::gemini_comp_s2w_17501_v1.png||gemini_comp_s2w_17501_v4.png,17501,gemini_comp_s2w_17501_v1.png,gemini_comp_s2w_17501_v4.png,A >> B,-2,1,0,no,2025-11-03T00:06:57.400139+00:00,T000080,17501::gemini_comp_s2w_17501_v1.png>>gemini_comp_s2w_17501_v4.png::T000080,,9042,1296,626
17501::gemini_comp_s2w_17501_v2.png||gemini_comp_s2w_17501_v3.png,17501,gemini_comp_s2w_17501_v2.png,gemini_comp_s2w_17501_v3.png,A > B,-1,2,0,no,2025-11-03T00:06:41.921371+00:00,T000081,17501::gemini_comp_s2w_17501_v2.png>>gemini_comp_s2w_17501_v3.png::T000081,,18506,1296,626
17501::gemini_comp_s2w_17501_v2.png||gemini_comp_s2w_17501_v4.png,17501,gemini_comp_s2w_17501_v2.png,gemini_comp_s2w_17501_v4.png,A > B,-1,2,0,no,2025-11-03T00:07:07.552111+00:00,T000082,17501::gemini_comp_s2w_17501_v2.png>>gemini_comp_s2w_17501_v4.png::T000082,,4126,1296,626
17501::gemini_comp_s2w_17501_v3.png||gemini_comp_s2w_17501_v4.png,17501,gemini_comp_s2w_17501_v3.png,gemini_comp_s2w_17501_v4.png,A < B,1,3,0,no,2025-11-03T00:06:15.097864+00:00,T000083,17501::gemini_comp_s2w_17501_v3.png>>gemini_comp_s2w_17501_v4.png::T000083,,47955,1296,626
18056::gemini_comp_s2w_18056_v1.png||gemini_comp_s2w_18056_v2.png,18056,gemini_comp_s2w_18056_v1.png,gemini_comp_s2w_18056_v2.png,A > B,-1,2,0,no,2025-11-03T00:08:51.609888+00:00,T000084,18056::gemini_comp_s2w_18056_v1.png>>gemini_comp_s2w_18056_v2.png::T000084,,8709,1296,626
18056::gemini_comp_s2w_18056_v1.png||gemini_comp_s2w_18056_v3.png,18056,gemini_comp_s2w_18056_v1.png,gemini_comp_s2w_18056_v3.png,A > B,-1,2,0,no,2025-11-03T00:08:57.572768+00:00,T000085,18056::gemini_comp_s2w_18056_v1.png>>gemini_comp_s2w_18056_v3.png::T000085,,2585,1296,626
18056::gemini_comp_s2w_18056_v1.png||gemini_comp_s2w_18056_v4.png,18056,gemini_comp_s2w_18056_v1.png,gemini_comp_s2w_18056_v4.png,A > B,-1,2,0,no,2025-11-03T00:09:21.358250+00:00,T000086,18056::gemini_comp_s2w_18056_v1.png>>gemini_comp_s2w_18056_v4.png::T000086,,4869,1296,626
18056::gemini_comp_s2w_18056_v2.png||gemini_comp_s2w_18056_v3.png,18056,gemini_comp_s2w_18056_v2.png,gemini_comp_s2w_18056_v3.png,A > B,-1,2,0,no,2025-11-03T00:08:37.326034+00:00,T000087,18056::gemini_comp_s2w_18056_v2.png>>gemini_comp_s2w_18056_v3.png::T000087,,20615,1296,626
18056::gemini_comp_s2w_18056_v2.png||gemini_comp_s2w_18056_v4.png,18056,gemini_comp_s2w_18056_v2.png,gemini_comp_s2w_18056_v4.png,A > B,-1,2,0,no,2025-11-03T00:09:11.957658+00:00,T000088,18056::gemini_comp_s2w_18056_v2.png>>gemini_comp_s2w_18056_v4.png::T000088,,8948,1296,626
18056::gemini_comp_s2w_18056_v3.png||gemini_comp_s2w_18056_v4.png,18056,gemini_comp_s2w_18056_v3.png,gemini_comp_s2w_18056_v4.png,A < B,1,3,0,no,2025-11-03T00:07:57.557898+00:00,T000089,18056::gemini_comp_s2w_18056_v3.png>>gemini_comp_s2w_18056_v4.png::T000089,,26551,1296,626
1897::gemini_comp_s2w_1897_v1.png||gemini_comp_s2w_1897_v2.png,1897,gemini_comp_s2w_1897_v1.png,gemini_comp_s2w_1897_v2.png,A >> B,-2,1,0,no,2025-11-03T00:10:21.025464+00:00,T000090,1897::gemini_comp_s2w_1897_v1.png>>gemini_comp_s2w_1897_v2.png::T000090,,26223,1296,626
1897::gemini_comp_s2w_1897_v1.png||gemini_comp_s2w_1897_v3.png,1897,gemini_comp_s2w_1897_v1.png,gemini_comp_s2w_1897_v3.png,A >> B,-2,1,0,no,2025-11-03T00:10:57.913040+00:00,T000091,1897::gemini_comp_s2w_1897_v1.png>>gemini_comp_s2w_1897_v3.png::T000091,,5040,1296,626
1897::gemini_comp_s2w_1897_v1.png||gemini_comp_s2w_1897_v4.png,1897,gemini_comp_s2w_1897_v1.png,gemini_comp_s2w_1897_v4.png,A < B,1,3,0,no,2025-11-03T00:11:11.692985+00:00,T000092,1897::gemini_comp_s2w_1897_v1.png>>gemini_comp_s2w_1897_v4.png::T000092,,7107,1296,626
1897::gemini_comp_s2w_1897_v2.png||gemini_comp_s2w_1897_v3.png,1897,gemini_comp_s2w_1897_v2.png,gemini_comp_s2w_1897_v3.png,A < B,1,3,0,no,2025-11-03T00:10:44.158271+00:00,T000093,1897::gemini_comp_s2w_1897_v2.png>>gemini_comp_s2w_1897_v3.png::T000093,,5619,1296,626
1897::gemini_comp_s2w_1897_v2.png||gemini_comp_s2w_1897_v4.png,1897,gemini_comp_s2w_1897_v2.png,gemini_comp_s2w_1897_v4.png,A << B,2,4,0,no,2025-11-03T00:09:47.785453+00:00,T000094,1897::gemini_comp_s2w_1897_v2.png>>gemini_comp_s2w_1897_v4.png::T000094,,19923,1296,626
1897::gemini_comp_s2w_1897_v3.png||gemini_comp_s2w_1897_v4.png,1897,gemini_comp_s2w_1897_v3.png,gemini_comp_s2w_1897_v4.png,A << B,2,4,0,no,2025-11-03T00:10:36.252248+00:00,T000095,1897::gemini_comp_s2w_1897_v3.png>>gemini_comp_s2w_1897_v4.png::T000095,,12544,1296,626
19961::gemini_comp_s2w_19961_v1.png||gemini_comp_s2w_19961_v2.png,19961,gemini_comp_s2w_19961_v1.png,gemini_comp_s2w_19961_v2.png,A < B,1,3,0,no,2025-11-03T00:14:00.427000+00:00,T000096,19961::gemini_comp_s2w_19961_v1.png>>gemini_comp_s2w_19961_v2.png::T000096,,18955,1296,626
19961::gemini_comp_s2w_19961_v1.png||gemini_comp_s2w_19961_v3.png,19961,gemini_comp_s2w_19961_v1.png,gemini_comp_s2w_19961_v3.png,A > B,-1,2,0,no,2025-11-03T00:13:27.871645+00:00,T000097,19961::gemini_comp_s2w_19961_v1.png>>gemini_comp_s2w_19961_v3.png::T000097,,5784,1296,626
19961::gemini_comp_s2w_19961_v1.png||gemini_comp_s2w_19961_v4.png,19961,gemini_comp_s2w_19961_v1.png,gemini_comp_s2w_19961_v4.png,A << B,2,4,0,no,2025-11-03T00:12:22.020159+00:00,T000098,19961::gemini_comp_s2w_19961_v1.png>>gemini_comp_s2w_19961_v4.png::T000098,,57091,1296,626
19961::gemini_comp_s2w_19961_v2.png||gemini_comp_s2w_19961_v3.png,19961,gemini_comp_s2w_19961_v2.png,gemini_comp_s2w_19961_v3.png,A > B,-1,2,0,no,2025-11-03T00:12:53.133197+00:00,T000099,19961::gemini_comp_s2w_19961_v2.png>>gemini_comp_s2w_19961_v3.png::T000099,,7566,1296,626
19961::gemini_comp_s2w_19961_v2.png||gemini_comp_s2w_19961_v4.png,19961,gemini_comp_s2w_19961_v2.png,gemini_comp_s2w_19961_v4.png,A << B,2,4,0,no,2025-11-03T00:12:42.749847+00:00,T000100,19961::gemini_comp_s2w_19961_v2.png>>gemini_comp_s2w_19961_v4.png::T000100,,15893,1296,626
19961::gemini_comp_s2w_19961_v3.png||gemini_comp_s2w_19961_v4.png,19961,gemini_comp_s2w_19961_v3.png,gemini_comp_s2w_19961_v4.png,A << B,2,4,0,no,2025-11-03T00:13:19.178040+00:00,T000101,19961::gemini_comp_s2w_19961_v3.png>>gemini_comp_s2w_19961_v4.png::T000101,,8297,1296,626
22170::gpt_comp_s2w_22170_v1.png||gpt_comp_s2w_22170_v2.png,22170,gpt_comp_s2w_22170_v1.png,gpt_comp_s2w_22170_v2.png,A >> B,-2,"2,1",1,no,2025-11-03T00:15:38.999770+00:00,T000102,22170::gpt_comp_s2w_22170_v1.png>>gpt_comp_s2w_22170_v2.png::T000102,,5122,1296,626
22170::gpt_comp_s2w_22170_v1.png||gpt_comp_s2w_22170_v3.png,22170,gpt_comp_s2w_22170_v1.png,gpt_comp_s2w_22170_v3.png,A >> B,-2,1,0,no,2025-11-03T00:14:52.416939+00:00,T000103,22170::gpt_comp_s2w_22170_v1.png>>gpt_comp_s2w_22170_v3.png::T000103,,14740,1296,626
22170::gpt_comp_s2w_22170_v1.png||gpt_comp_s2w_22170_v4.png,22170,gpt_comp_s2w_22170_v1.png,gpt_comp_s2w_22170_v4.png,A > B,-1,2,0,no,2025-11-03T00:15:48.044147+00:00,T000104,22170::gpt_comp_s2w_22170_v1.png>>gpt_comp_s2w_22170_v4.png::T000104,,6592,1296,626
22170::gpt_comp_s2w_22170_v2.png||gpt_comp_s2w_22170_v3.png,22170,gpt_comp_s2w_22170_v2.png,gpt_comp_s2w_22170_v3.png,A > B,-1,2,0,no,2025-11-03T00:14:28.510312+00:00,T000105,22170::gpt_comp_s2w_22170_v2.png>>gpt_comp_s2w_22170_v3.png::T000105,,24648,1296,626
22170::gpt_comp_s2w_22170_v2.png||gpt_comp_s2w_22170_v4.png,22170,gpt_comp_s2w_22170_v2.png,gpt_comp_s2w_22170_v4.png,A > B,-1,"3,2",1,no,2025-11-03T00:15:23.528864+00:00,T000106,22170::gpt_comp_s2w_22170_v2.png>>gpt_comp_s2w_22170_v4.png::T000106,,13060,1296,626
22170::gpt_comp_s2w_22170_v3.png||gpt_comp_s2w_22170_v4.png,22170,gpt_comp_s2w_22170_v3.png,gpt_comp_s2w_22170_v4.png,A < B,1,3,0,no,2025-11-03T00:15:57.064989+00:00,T000107,22170::gpt_comp_s2w_22170_v3.png>>gpt_comp_s2w_22170_v4.png::T000107,,6144,1296,626
22437::gpt_comp_s2w_22437_v1.png||gpt_comp_s2w_22437_v2.png,22437,gpt_comp_s2w_22437_v1.png,gpt_comp_s2w_22437_v2.png,A < B,1,3,0,no,2025-11-03T00:17:51.312297+00:00,T000108,22437::gpt_comp_s2w_22437_v1.png>>gpt_comp_s2w_22437_v2.png::T000108,,5048,1296,626
22437::gpt_comp_s2w_22437_v1.png||gpt_comp_s2w_22437_v3.png,22437,gpt_comp_s2w_22437_v1.png,gpt_comp_s2w_22437_v3.png,A << B,2,4,0,no,2025-11-03T00:17:33.956689+00:00,T000109,22437::gpt_comp_s2w_22437_v1.png>>gpt_comp_s2w_22437_v3.png::T000109,,9633,1296,626
22437::gpt_comp_s2w_22437_v1.png||gpt_comp_s2w_22437_v4.png,22437,gpt_comp_s2w_22437_v1.png,gpt_comp_s2w_22437_v4.png,A << B,2,4,0,no,2025-11-03T00:17:56.605901+00:00,T000110,22437::gpt_comp_s2w_22437_v1.png>>gpt_comp_s2w_22437_v4.png::T000110,,3192,1296,626
22437::gpt_comp_s2w_22437_v2.png||gpt_comp_s2w_22437_v3.png,22437,gpt_comp_s2w_22437_v2.png,gpt_comp_s2w_22437_v3.png,A << B,2,4,0,no,2025-11-03T00:17:42.598186+00:00,T000111,22437::gpt_comp_s2w_22437_v2.png>>gpt_comp_s2w_22437_v3.png::T000111,,5375,1296,626
22437::gpt_comp_s2w_22437_v2.png||gpt_comp_s2w_22437_v4.png,22437,gpt_comp_s2w_22437_v2.png,gpt_comp_s2w_22437_v4.png,A < B,1,3,0,no,2025-11-03T00:16:51.925744+00:00,T000112,22437::gpt_comp_s2w_22437_v2.png>>gpt_comp_s2w_22437_v4.png::T000112,,48384,1296,626
22437::gpt_comp_s2w_22437_v3.png||gpt_comp_s2w_22437_v4.png,22437,gpt_comp_s2w_22437_v3.png,gpt_comp_s2w_22437_v4.png,A > B,-1,2,0,no,2025-11-03T00:17:21.697150+00:00,T000113,22437::gpt_comp_s2w_22437_v3.png>>gpt_comp_s2w_22437_v4.png::T000113,,21546,1296,626
24695::gemini_comp_s2w_24695_v1.png||gemini_comp_s2w_24695_v2.png,24695,gemini_comp_s2w_24695_v1.png,gemini_comp_s2w_24695_v2.png,A > B,-1,2,0,no,2025-11-03T00:19:14.521339+00:00,T000114,24695::gemini_comp_s2w_24695_v1.png>>gemini_comp_s2w_24695_v2.png::T000114,,13121,1296,626
24695::gemini_comp_s2w_24695_v1.png||gemini_comp_s2w_24695_v3.png,24695,gemini_comp_s2w_24695_v1.png,gemini_comp_s2w_24695_v3.png,A >> B,-2,1,0,no,2025-11-03T00:19:35.213314+00:00,T000115,24695::gemini_comp_s2w_24695_v1.png>>gemini_comp_s2w_24695_v3.png::T000115,,5999,1296,626
24695::gemini_comp_s2w_24695_v1.png||gemini_comp_s2w_24695_v4.png,24695,gemini_comp_s2w_24695_v1.png,gemini_comp_s2w_24695_v4.png,A > B,-1,2,0,no,2025-11-03T00:19:42.115978+00:00,T000116,24695::gemini_comp_s2w_24695_v1.png>>gemini_comp_s2w_24695_v4.png::T000116,,4540,1296,626
24695::gemini_comp_s2w_24695_v2.png||gemini_comp_s2w_24695_v3.png,24695,gemini_comp_s2w_24695_v2.png,gemini_comp_s2w_24695_v3.png,A > B,-1,2,0,no,2025-11-03T00:18:57.743370+00:00,T000117,24695::gemini_comp_s2w_24695_v2.png>>gemini_comp_s2w_24695_v3.png::T000117,,11413,1296,626
24695::gemini_comp_s2w_24695_v2.png||gemini_comp_s2w_24695_v4.png,24695,gemini_comp_s2w_24695_v2.png,gemini_comp_s2w_24695_v4.png,A > B,-1,2,0,no,2025-11-03T00:19:26.078635+00:00,T000118,24695::gemini_comp_s2w_24695_v2.png>>gemini_comp_s2w_24695_v4.png::T000118,,5550,1296,626
24695::gemini_comp_s2w_24695_v3.png||gemini_comp_s2w_24695_v4.png,24695,gemini_comp_s2w_24695_v3.png,gemini_comp_s2w_24695_v4.png,A < B,1,"2,3",1,no,2025-11-03T00:18:40.240148+00:00,T000119,24695::gemini_comp_s2w_24695_v3.png>>gemini_comp_s2w_24695_v4.png::T000119,,9533,1296,626
25181::gemini_comp_s2w_25181_v1.png||gemini_comp_s2w_25181_v2.png,25181,gemini_comp_s2w_25181_v1.png,gemini_comp_s2w_25181_v2.png,A < B,1,3,0,no,2025-11-03T00:21:15.665225+00:00,T000120,25181::gemini_comp_s2w_25181_v1.png>>gemini_comp_s2w_25181_v2.png::T000120,,2912,1296,626
25181::gemini_comp_s2w_25181_v1.png||gemini_comp_s2w_25181_v3.png,25181,gemini_comp_s2w_25181_v1.png,gemini_comp_s2w_25181_v3.png,A > B,-1,2,0,no,2025-11-03T00:20:35.243739+00:00,T000121,25181::gemini_comp_s2w_25181_v1.png>>gemini_comp_s2w_25181_v3.png::T000121,,4741,1296,626
25181::gemini_comp_s2w_25181_v1.png||gemini_comp_s2w_25181_v4.png,25181,gemini_comp_s2w_25181_v1.png,gemini_comp_s2w_25181_v4.png,A > B,-1,2,0,no,2025-11-03T00:20:51.946588+00:00,T000122,25181::gemini_comp_s2w_25181_v1.png>>gemini_comp_s2w_25181_v4.png::T000122,,5149,1296,626
25181::gemini_comp_s2w_25181_v2.png||gemini_comp_s2w_25181_v3.png,25181,gemini_comp_s2w_25181_v2.png,gemini_comp_s2w_25181_v3.png,A >> B,-2,1,0,no,2025-11-03T00:20:44.288570+00:00,T000123,25181::gemini_comp_s2w_25181_v2.png>>gemini_comp_s2w_25181_v3.png::T000123,,6447,1296,626
25181::gemini_comp_s2w_25181_v2.png||gemini_comp_s2w_25181_v4.png,25181,gemini_comp_s2w_25181_v2.png,gemini_comp_s2w_25181_v4.png,A > B,-1,2,0,no,2025-11-03T00:20:01.550862+00:00,T000124,25181::gemini_comp_s2w_25181_v2.png>>gemini_comp_s2w_25181_v4.png::T000124,,15035,1296,626
25181::gemini_comp_s2w_25181_v3.png||gemini_comp_s2w_25181_v4.png,25181,gemini_comp_s2w_25181_v3.png,gemini_comp_s2w_25181_v4.png,A > B,-1,2,0,no,2025-11-03T00:20:15.616227+00:00,T000125,25181::gemini_comp_s2w_25181_v3.png>>gemini_comp_s2w_25181_v4.png::T000125,,10137,1296,626
25572::gpt_comp_s2w_25572_v1.png||gpt_comp_s2w_25572_v2.png,25572,gpt_comp_s2w_25572_v1.png,gpt_comp_s2w_25572_v2.png,A << B,2,4,0,no,2025-11-03T00:22:00.803313+00:00,T000126,25572::gpt_comp_s2w_25572_v1.png>>gpt_comp_s2w_25572_v2.png::T000126,,4417,1296,626
25572::gpt_comp_s2w_25572_v1.png||gpt_comp_s2w_25572_v3.png,25572,gpt_comp_s2w_25572_v1.png,gpt_comp_s2w_25572_v3.png,A > B,-1,2,0,no,2025-11-03T00:21:53.911764+00:00,T000127,25572::gpt_comp_s2w_25572_v1.png>>gpt_comp_s2w_25572_v3.png::T000127,,7709,1296,626
25572::gpt_comp_s2w_25572_v1.png||gpt_comp_s2w_25572_v4.png,25572,gpt_comp_s2w_25572_v1.png,gpt_comp_s2w_25572_v4.png,A << B,2,4,0,no,2025-11-03T00:22:15.348450+00:00,T000128,25572::gpt_comp_s2w_25572_v1.png>>gpt_comp_s2w_25572_v4.png::T000128,,7291,1296,626
25572::gpt_comp_s2w_25572_v2.png||gpt_comp_s2w_25572_v3.png,25572,gpt_comp_s2w_25572_v2.png,gpt_comp_s2w_25572_v3.png,A >> B,-2,1,0,no,2025-11-03T00:21:38.616488+00:00,T000129,25572::gpt_comp_s2w_25572_v2.png>>gpt_comp_s2w_25572_v3.png::T000129,,21019,1296,626
25572::gpt_comp_s2w_25572_v2.png||gpt_comp_s2w_25572_v4.png,25572,gpt_comp_s2w_25572_v2.png,gpt_comp_s2w_25572_v4.png,A >> B,-2,1,0,no,2025-11-03T00:22:42.806586+00:00,T000130,25572::gpt_comp_s2w_25572_v2.png>>gpt_comp_s2w_25572_v4.png::T000130,,7144,1296,626
25572::gpt_comp_s2w_25572_v3.png||gpt_comp_s2w_25572_v4.png,25572,gpt_comp_s2w_25572_v3.png,gpt_comp_s2w_25572_v4.png,A < B,1,3,0,no,2025-11-03T00:22:25.596488+00:00,T000131,25572::gpt_comp_s2w_25572_v3.png>>gpt_comp_s2w_25572_v4.png::T000131,,5423,1296,626
25792::gemini_comp_s2w_25792_v1.png||gemini_comp_s2w_25792_v2.png,25792,gemini_comp_s2w_25792_v1.png,gemini_comp_s2w_25792_v2.png,A > B,-1,2,0,no,2025-11-03T00:23:48.140363+00:00,T000132,25792::gemini_comp_s2w_25792_v1.png>>gemini_comp_s2w_25792_v2.png::T000132,,17455,1296,626
25792::gemini_comp_s2w_25792_v1.png||gemini_comp_s2w_25792_v3.png,25792,gemini_comp_s2w_25792_v1.png,gemini_comp_s2w_25792_v3.png,A > B,-1,2,0,no,2025-11-03T00:24:09.260981+00:00,T000133,25792::gemini_comp_s2w_25792_v1.png>>gemini_comp_s2w_25792_v3.png::T000133,,8454,1296,626
25792::gemini_comp_s2w_25792_v1.png||gemini_comp_s2w_25792_v4.png,25792,gemini_comp_s2w_25792_v1.png,gemini_comp_s2w_25792_v4.png,A > B,-1,2,0,no,2025-11-03T00:23:20.709948+00:00,T000134,25792::gemini_comp_s2w_25792_v1.png>>gemini_comp_s2w_25792_v4.png::T000134,,34774,1296,626
25792::gemini_comp_s2w_25792_v2.png||gemini_comp_s2w_25792_v3.png,25792,gemini_comp_s2w_25792_v2.png,gemini_comp_s2w_25792_v3.png,A > B,-1,2,0,no,2025-11-03T00:24:17.763006+00:00,T000135,25792::gemini_comp_s2w_25792_v2.png>>gemini_comp_s2w_25792_v3.png::T000135,,4485,1296,626
25792::gemini_comp_s2w_25792_v2.png||gemini_comp_s2w_25792_v4.png,25792,gemini_comp_s2w_25792_v2.png,gemini_comp_s2w_25792_v4.png,A > B,-1,2,0,no,2025-11-03T00:24:41.507060+00:00,T000136,25792::gemini_comp_s2w_25792_v2.png>>gemini_comp_s2w_25792_v4.png::T000136,,5771,1296,626
25792::gemini_comp_s2w_25792_v3.png||gemini_comp_s2w_25792_v4.png,25792,gemini_comp_s2w_25792_v3.png,gemini_comp_s2w_25792_v4.png,A < B,1,3,0,no,2025-11-03T00:23:58.669324+00:00,T000137,25792::gemini_comp_s2w_25792_v3.png>>gemini_comp_s2w_25792_v4.png::T000137,,7134,1296,626
26367::gpt_comp_s2w_26367_v1.png||gpt_comp_s2w_26367_v2.png,26367,gpt_comp_s2w_26367_v1.png,gpt_comp_s2w_26367_v2.png,A << B,2,4,0,no,2025-11-03T00:26:17.862857+00:00,T000138,26367::gpt_comp_s2w_26367_v1.png>>gpt_comp_s2w_26367_v2.png::T000138,,14033,1296,626
26367::gpt_comp_s2w_26367_v1.png||gpt_comp_s2w_26367_v3.png,26367,gpt_comp_s2w_26367_v1.png,gpt_comp_s2w_26367_v3.png,A >> B,-2,1,0,no,2025-11-03T00:26:24.573296+00:00,T000139,26367::gpt_comp_s2w_26367_v1.png>>gpt_comp_s2w_26367_v3.png::T000139,,4162,1296,626
26367::gpt_comp_s2w_26367_v1.png||gpt_comp_s2w_26367_v4.png,26367,gpt_comp_s2w_26367_v1.png,gpt_comp_s2w_26367_v4.png,A >> B,-2,1,0,no,2025-11-03T00:25:49.394842+00:00,T000140,26367::gpt_comp_s2w_26367_v1.png>>gpt_comp_s2w_26367_v4.png::T000140,,13868,1296,626
26367::gpt_comp_s2w_26367_v2.png||gpt_comp_s2w_26367_v3.png,26367,gpt_comp_s2w_26367_v2.png,gpt_comp_s2w_26367_v3.png,A >> B,-2,1,0,no,2025-11-03T00:25:25.785750+00:00,T000141,26367::gpt_comp_s2w_26367_v2.png>>gpt_comp_s2w_26367_v3.png::T000141,,2359,1296,626
26367::gpt_comp_s2w_26367_v2.png||gpt_comp_s2w_26367_v4.png,26367,gpt_comp_s2w_26367_v2.png,gpt_comp_s2w_26367_v4.png,A >> B,-2,1,0,no,2025-11-03T00:25:09.753985+00:00,T000142,26367::gpt_comp_s2w_26367_v2.png>>gpt_comp_s2w_26367_v4.png::T000142,,24636,1296,626
26367::gpt_comp_s2w_26367_v3.png||gpt_comp_s2w_26367_v4.png,26367,gpt_comp_s2w_26367_v3.png,gpt_comp_s2w_26367_v4.png,A < B,1,3,0,no,2025-11-03T00:26:32.799425+00:00,T000143,26367::gpt_comp_s2w_26367_v3.png>>gpt_comp_s2w_26367_v4.png::T000143,,3937,1296,626
26818::gemini_comp_s2w_26818_v1.png||gemini_comp_s2w_26818_v2.png,26818,gemini_comp_s2w_26818_v1.png,gemini_comp_s2w_26818_v2.png,A > B,-1,2,0,no,2025-11-03T00:28:20.525442+00:00,T000144,26818::gemini_comp_s2w_26818_v1.png>>gemini_comp_s2w_26818_v2.png::T000144,,8082,1296,626
26818::gemini_comp_s2w_26818_v1.png||gemini_comp_s2w_26818_v3.png,26818,gemini_comp_s2w_26818_v1.png,gemini_comp_s2w_26818_v3.png,A > B,-1,2,0,no,2025-11-03T00:27:11.198277+00:00,T000145,26818::gemini_comp_s2w_26818_v1.png>>gemini_comp_s2w_26818_v3.png::T000145,,21055,1296,626
26818::gemini_comp_s2w_26818_v1.png||gemini_comp_s2w_26818_v4.png,26818,gemini_comp_s2w_26818_v1.png,gemini_comp_s2w_26818_v4.png,A > B,-1,2,0,no,2025-11-03T00:28:10.170823+00:00,T000146,26818::gemini_comp_s2w_26818_v1.png>>gemini_comp_s2w_26818_v4.png::T000146,,5581,1296,626
26818::gemini_comp_s2w_26818_v2.png||gemini_comp_s2w_26818_v3.png,26818,gemini_comp_s2w_26818_v2.png,gemini_comp_s2w_26818_v3.png,A > B,-1,2,0,no,2025-11-03T00:27:57.274631+00:00,T000147,26818::gemini_comp_s2w_26818_v2.png>>gemini_comp_s2w_26818_v3.png::T000147,,3862,1296,626
26818::gemini_comp_s2w_26818_v2.png||gemini_comp_s2w_26818_v4.png,26818,gemini_comp_s2w_26818_v2.png,gemini_comp_s2w_26818_v4.png,A > B,-1,2,0,no,2025-11-03T00:27:23.795051+00:00,T000148,26818::gemini_comp_s2w_26818_v2.png>>gemini_comp_s2w_26818_v4.png::T000148,,7712,1296,626
26818::gemini_comp_s2w_26818_v3.png||gemini_comp_s2w_26818_v4.png,26818,gemini_comp_s2w_26818_v3.png,gemini_comp_s2w_26818_v4.png,A > B,-1,2,0,no,2025-11-03T00:27:51.069673+00:00,T000149,26818::gemini_comp_s2w_26818_v3.png>>gemini_comp_s2w_26818_v4.png::T000149,,23891,1296,626
27282::gemini_comp_s2w_27282_v1.png||gemini_comp_s2w_27282_v2.png,27282,gemini_comp_s2w_27282_v1.png,gemini_comp_s2w_27282_v2.png,A > B,-1,2,0,no,2025-11-03T00:30:33.253197+00:00,T000150,27282::gemini_comp_s2w_27282_v1.png>>gemini_comp_s2w_27282_v2.png::T000150,,3411,1296,626
27282::gemini_comp_s2w_27282_v1.png||gemini_comp_s2w_27282_v3.png,27282,gemini_comp_s2w_27282_v1.png,gemini_comp_s2w_27282_v3.png,A > B,-1,2,0,no,2025-11-03T00:29:25.230714+00:00,T000151,27282::gemini_comp_s2w_27282_v1.png>>gemini_comp_s2w_27282_v3.png::T000151,,39270,1296,626
27282::gemini_comp_s2w_27282_v1.png||gemini_comp_s2w_27282_v4.png,27282,gemini_comp_s2w_27282_v1.png,gemini_comp_s2w_27282_v4.png,A << B,2,4,0,no,2025-11-03T00:29:58.577916+00:00,T000152,27282::gemini_comp_s2w_27282_v1.png>>gemini_comp_s2w_27282_v4.png::T000152,,22254,1296,626
27282::gemini_comp_s2w_27282_v2.png||gemini_comp_s2w_27282_v3.png,27282,gemini_comp_s2w_27282_v2.png,gemini_comp_s2w_27282_v3.png,A < B,1,3,0,no,2025-11-03T00:30:27.564925+00:00,T000153,27282::gemini_comp_s2w_27282_v2.png>>gemini_comp_s2w_27282_v3.png::T000153,,7114,1296,626
27282::gemini_comp_s2w_27282_v2.png||gemini_comp_s2w_27282_v4.png,27282,gemini_comp_s2w_27282_v2.png,gemini_comp_s2w_27282_v4.png,A << B,2,4,0,no,2025-11-03T00:30:10.696293+00:00,T000154,27282::gemini_comp_s2w_27282_v2.png>>gemini_comp_s2w_27282_v4.png::T000154,,5861,1296,626
27282::gemini_comp_s2w_27282_v3.png||gemini_comp_s2w_27282_v4.png,27282,gemini_comp_s2w_27282_v3.png,gemini_comp_s2w_27282_v4.png,A << B,2,4,0,no,2025-11-03T00:30:41.240643+00:00,T000155,27282::gemini_comp_s2w_27282_v3.png>>gemini_comp_s2w_27282_v4.png::T000155,,4008,1296,626
27502::gemini_comp_s2w_27502_v1.png||gemini_comp_s2w_27502_v2.png,27502,gemini_comp_s2w_27502_v1.png,gemini_comp_s2w_27502_v2.png,A >> B,-2,1,0,no,2025-11-03T00:32:54.423215+00:00,T000156,27502::gemini_comp_s2w_27502_v1.png>>gemini_comp_s2w_27502_v2.png::T000156,,3651,1296,626
27502::gemini_comp_s2w_27502_v1.png||gemini_comp_s2w_27502_v3.png,27502,gemini_comp_s2w_27502_v1.png,gemini_comp_s2w_27502_v3.png,A >> B,-2,1,0,no,2025-11-03T00:31:13.233713+00:00,T000157,27502::gemini_comp_s2w_27502_v1.png>>gemini_comp_s2w_27502_v3.png::T000157,,22593,1296,626
27502::gemini_comp_s2w_27502_v1.png||gemini_comp_s2w_27502_v4.png,27502,gemini_comp_s2w_27502_v1.png,gemini_comp_s2w_27502_v4.png,A >> B,-2,1,0,no,2025-11-03T00:32:45.824831+00:00,T000158,27502::gemini_comp_s2w_27502_v1.png>>gemini_comp_s2w_27502_v4.png::T000158,,25177,1296,626
27502::gemini_comp_s2w_27502_v2.png||gemini_comp_s2w_27502_v3.png,27502,gemini_comp_s2w_27502_v2.png,gemini_comp_s2w_27502_v3.png,A > B,-1,2,0,no,2025-11-03T00:31:33.368110+00:00,T000159,27502::gemini_comp_s2w_27502_v2.png>>gemini_comp_s2w_27502_v3.png::T000159,,13480,1296,626
27502::gemini_comp_s2w_27502_v2.png||gemini_comp_s2w_27502_v4.png,27502,gemini_comp_s2w_27502_v2.png,gemini_comp_s2w_27502_v4.png,A << B,2,4,0,no,2025-11-03T00:32:00.430590+00:00,T000160,27502::gemini_comp_s2w_27502_v2.png>>gemini_comp_s2w_27502_v4.png::T000160,,23578,1296,626
27502::gemini_comp_s2w_27502_v3.png||gemini_comp_s2w_27502_v4.png,27502,gemini_comp_s2w_27502_v3.png,gemini_comp_s2w_27502_v4.png,A << B,2,4,0,no,2025-11-03T00:32:07.456228+00:00,T000161,27502::gemini_comp_s2w_27502_v3.png>>gemini_comp_s2w_27502_v4.png::T000161,,2881,1296,626
28040::gemini_comp_s2w_28040_v1.png||gemini_comp_s2w_28040_v2.png,28040,gemini_comp_s2w_28040_v1.png,gemini_comp_s2w_28040_v2.png,A >> B,-2,1,0,no,2025-11-03T00:33:23.359196+00:00,T000162,28040::gemini_comp_s2w_28040_v1.png>>gemini_comp_s2w_28040_v2.png::T000162,,9651,1296,626
28040::gemini_comp_s2w_28040_v1.png||gemini_comp_s2w_28040_v3.png,28040,gemini_comp_s2w_28040_v1.png,gemini_comp_s2w_28040_v3.png,A < B,1,3,0,no,2025-11-03T00:33:45.758029+00:00,T000163,28040::gemini_comp_s2w_28040_v1.png>>gemini_comp_s2w_28040_v3.png::T000163,,20418,1296,626
28040::gemini_comp_s2w_28040_v1.png||gemini_comp_s2w_28040_v4.png,28040,gemini_comp_s2w_28040_v1.png,gemini_comp_s2w_28040_v4.png,A >> B,-2,1,0,no,2025-11-03T00:34:05.256444+00:00,T000164,28040::gemini_comp_s2w_28040_v1.png>>gemini_comp_s2w_28040_v4.png::T000164,,4570,1296,626
28040::gemini_comp_s2w_28040_v2.png||gemini_comp_s2w_28040_v3.png,28040,gemini_comp_s2w_28040_v2.png,gemini_comp_s2w_28040_v3.png,A << B,2,4,0,no,2025-11-03T00:33:54.047626+00:00,T000165,28040::gemini_comp_s2w_28040_v2.png>>gemini_comp_s2w_28040_v3.png::T000165,,5645,1296,626
28040::gemini_comp_s2w_28040_v2.png||gemini_comp_s2w_28040_v4.png,28040,gemini_comp_s2w_28040_v2.png,gemini_comp_s2w_28040_v4.png,A > B,-1,2,0,no,2025-11-03T00:34:14.070218+00:00,T000166,28040::gemini_comp_s2w_28040_v2.png>>gemini_comp_s2w_28040_v4.png::T000166,,5938,1296,626
28040::gemini_comp_s2w_28040_v3.png||gemini_comp_s2w_28040_v4.png,28040,gemini_comp_s2w_28040_v3.png,gemini_comp_s2w_28040_v4.png,A >> B,-2,1,0,no,2025-11-03T00:33:07.630938+00:00,T000167,28040::gemini_comp_s2w_28040_v3.png>>gemini_comp_s2w_28040_v4.png::T000167,,10026,1296,626
28349::gemini_comp_s2w_28349_v1.png||gemini_comp_s2w_28349_v2.png,28349,gemini_comp_s2w_28349_v1.png,gemini_comp_s2w_28349_v2.png,A < B,1,3,0,no,2025-11-03T00:35:29.081797+00:00,T000168,28349::gemini_comp_s2w_28349_v1.png>>gemini_comp_s2w_28349_v2.png::T000168,,15978,1296,626
28349::gemini_comp_s2w_28349_v1.png||gemini_comp_s2w_28349_v3.png,28349,gemini_comp_s2w_28349_v1.png,gemini_comp_s2w_28349_v3.png,A < B,1,3,0,no,2025-11-03T00:34:36.691703+00:00,T000169,28349::gemini_comp_s2w_28349_v1.png>>gemini_comp_s2w_28349_v3.png::T000169,,15977,1296,626
28349::gemini_comp_s2w_28349_v1.png||gemini_comp_s2w_28349_v4.png,28349,gemini_comp_s2w_28349_v1.png,gemini_comp_s2w_28349_v4.png,A < B,1,3,0,no,2025-11-03T00:35:09.944627+00:00,T000170,28349::gemini_comp_s2w_28349_v1.png>>gemini_comp_s2w_28349_v4.png::T000170,,8708,1296,626
28349::gemini_comp_s2w_28349_v2.png||gemini_comp_s2w_28349_v3.png,28349,gemini_comp_s2w_28349_v2.png,gemini_comp_s2w_28349_v3.png,A < B,1,3,0,no,2025-11-03T00:36:10.648155+00:00,T000171,28349::gemini_comp_s2w_28349_v2.png>>gemini_comp_s2w_28349_v3.png::T000171,,2200,1296,626
28349::gemini_comp_s2w_28349_v2.png||gemini_comp_s2w_28349_v4.png,28349,gemini_comp_s2w_28349_v2.png,gemini_comp_s2w_28349_v4.png,A > B,-1,"2,3,2",2,no,2025-11-03T00:36:02.984405+00:00,T000172,28349::gemini_comp_s2w_28349_v2.png>>gemini_comp_s2w_28349_v4.png::T000172,,7310,1296,626
28349::gemini_comp_s2w_28349_v3.png||gemini_comp_s2w_28349_v4.png,28349,gemini_comp_s2w_28349_v3.png,gemini_comp_s2w_28349_v4.png,A > B,-1,2,0,no,2025-11-03T00:34:52.276832+00:00,T000173,28349::gemini_comp_s2w_28349_v3.png>>gemini_comp_s2w_28349_v4.png::T000173,,7473,1296,626
28792::gpt_comp_s2w_28792_v1.png||gpt_comp_s2w_28792_v2.png,28792,gpt_comp_s2w_28792_v1.png,gpt_comp_s2w_28792_v2.png,A >> B,-2,1,0,no,2025-11-03T00:37:44.069984+00:00,T000174,28792::gpt_comp_s2w_28792_v1.png>>gpt_comp_s2w_28792_v2.png::T000174,,6083,1296,626
28792::gpt_comp_s2w_28792_v1.png||gpt_comp_s2w_28792_v3.png,28792,gpt_comp_s2w_28792_v1.png,gpt_comp_s2w_28792_v3.png,A > B,-1,2,0,no,2025-11-03T00:37:14.059113+00:00,T000175,28792::gpt_comp_s2w_28792_v1.png>>gpt_comp_s2w_28792_v3.png::T000175,,23117,1296,626
28792::gpt_comp_s2w_28792_v1.png||gpt_comp_s2w_28792_v4.png,28792,gpt_comp_s2w_28792_v1.png,gpt_comp_s2w_28792_v4.png,A < B,1,3,0,no,2025-11-03T00:38:15.343701+00:00,T000176,28792::gpt_comp_s2w_28792_v1.png>>gpt_comp_s2w_28792_v4.png::T000176,,2655,1296,626
28792::gpt_comp_s2w_28792_v2.png||gpt_comp_s2w_28792_v3.png,28792,gpt_comp_s2w_28792_v2.png,gpt_comp_s2w_28792_v3.png,A < B,1,3,0,no,2025-11-03T00:37:33.363959+00:00,T000177,28792::gpt_comp_s2w_28792_v2.png>>gpt_comp_s2w_28792_v3.png::T000177,,2848,1296,626
28792::gpt_comp_s2w_28792_v2.png||gpt_comp_s2w_28792_v4.png,28792,gpt_comp_s2w_28792_v2.png,gpt_comp_s2w_28792_v4.png,A << B,2,4,0,no,2025-11-03T00:36:45.152691+00:00,T000178,28792::gpt_comp_s2w_28792_v2.png>>gpt_comp_s2w_28792_v4.png::T000178,,31230,1296,626
28792::gpt_comp_s2w_28792_v3.png||gpt_comp_s2w_28792_v4.png,28792,gpt_comp_s2w_28792_v3.png,gpt_comp_s2w_28792_v4.png,A << B,2,"3,4",1,no,2025-11-03T00:38:09.208221+00:00,T000179,28792::gpt_comp_s2w_28792_v3.png>>gpt_comp_s2w_28792_v4.png::T000179,,3702,1296,626
28902::gpt_comp_s2w_28902_v1.png||gpt_comp_s2w_28902_v2.png,28902,gpt_comp_s2w_28902_v1.png,gpt_comp_s2w_28902_v2.png,A << B,2,4,0,no,2025-11-03T00:38:48.960901+00:00,T000180,28902::gpt_comp_s2w_28902_v1.png>>gpt_comp_s2w_28902_v2.png::T000180,,28132,1296,626
28902::gpt_comp_s2w_28902_v1.png||gpt_comp_s2w_28902_v3.png,28902,gpt_comp_s2w_28902_v1.png,gpt_comp_s2w_28902_v3.png,A << B,2,4,0,no,2025-11-03T00:39:13.978111+00:00,T000181,28902::gpt_comp_s2w_28902_v1.png>>gpt_comp_s2w_28902_v3.png::T000181,,10580,1296,626
28902::gpt_comp_s2w_28902_v1.png||gpt_comp_s2w_28902_v4.png,28902,gpt_comp_s2w_28902_v1.png,gpt_comp_s2w_28902_v4.png,A << B,2,4,0,no,2025-11-03T00:39:01.537539+00:00,T000182,28902::gpt_comp_s2w_28902_v1.png>>gpt_comp_s2w_28902_v4.png::T000182,,8242,1296,626
28902::gpt_comp_s2w_28902_v2.png||gpt_comp_s2w_28902_v3.png,28902,gpt_comp_s2w_28902_v2.png,gpt_comp_s2w_28902_v3.png,A < B,1,3,0,no,2025-11-03T00:40:08.901465+00:00,T000183,28902::gpt_comp_s2w_28902_v2.png>>gpt_comp_s2w_28902_v3.png::T000183,,13829,1296,626
28902::gpt_comp_s2w_28902_v2.png||gpt_comp_s2w_28902_v4.png,28902,gpt_comp_s2w_28902_v2.png,gpt_comp_s2w_28902_v4.png,A < B,1,"2,3",1,no,2025-11-03T00:39:43.717524+00:00,T000184,28902::gpt_comp_s2w_28902_v2.png>>gpt_comp_s2w_28902_v4.png::T000184,,11160,1296,626
28902::gpt_comp_s2w_28902_v3.png||gpt_comp_s2w_28902_v4.png,28902,gpt_comp_s2w_28902_v3.png,gpt_comp_s2w_28902_v4.png,A > B,-1,2,0,no,2025-11-03T00:39:51.815869+00:00,T000185,28902::gpt_comp_s2w_28902_v3.png>>gpt_comp_s2w_28902_v4.png::T000185,,6034,1296,626
29179::gemini_comp_s2w_29179_v1.png||gemini_comp_s2w_29179_v2.png,29179,gemini_comp_s2w_29179_v1.png,gemini_comp_s2w_29179_v2.png,A < B,1,3,0,no,2025-11-03T00:42:59.448742+00:00,T000186,29179::gemini_comp_s2w_29179_v1.png>>gemini_comp_s2w_29179_v2.png::T000186,,57176,1296,626
29179::gemini_comp_s2w_29179_v1.png||gemini_comp_s2w_29179_v3.png,29179,gemini_comp_s2w_29179_v1.png,gemini_comp_s2w_29179_v3.png,A > B,-1,2,0,no,2025-11-03T00:43:25.262286+00:00,T000187,29179::gemini_comp_s2w_29179_v1.png>>gemini_comp_s2w_29179_v3.png::T000187,,9541,1296,626
29179::gemini_comp_s2w_29179_v1.png||gemini_comp_s2w_29179_v4.png,29179,gemini_comp_s2w_29179_v1.png,gemini_comp_s2w_29179_v4.png,A << B,2,"3,4",1,no,2025-11-03T00:43:39.383946+00:00,T000188,29179::gemini_comp_s2w_29179_v1.png>>gemini_comp_s2w_29179_v4.png::T000188,,4556,1296,626
29179::gemini_comp_s2w_29179_v2.png||gemini_comp_s2w_29179_v3.png,29179,gemini_comp_s2w_29179_v2.png,gemini_comp_s2w_29179_v3.png,A >> B,-2,"2,1",1,no,2025-11-03T00:41:04.527446+00:00,T000189,29179::gemini_comp_s2w_29179_v2.png>>gemini_comp_s2w_29179_v3.png::T000189,,7154,1296,626
29179::gemini_comp_s2w_29179_v2.png||gemini_comp_s2w_29179_v4.png,29179,gemini_comp_s2w_29179_v2.png,gemini_comp_s2w_29179_v4.png,A < B,1,3,0,no,2025-11-03T00:41:31.309890+00:00,T000190,29179::gemini_comp_s2w_29179_v2.png>>gemini_comp_s2w_29179_v4.png::T000190,,4093,1296,626
29179::gemini_comp_s2w_29179_v3.png||gemini_comp_s2w_29179_v4.png,29179,gemini_comp_s2w_29179_v3.png,gemini_comp_s2w_29179_v4.png,A << B,2,4,0,no,2025-11-03T00:41:24.041451+00:00,T000191,29179::gemini_comp_s2w_29179_v3.png>>gemini_comp_s2w_29179_v4.png::T000191,,10202,1296,626
2962::gpt_comp_s2w_2962_v1.png||gpt_comp_s2w_2962_v2.png,2962,gpt_comp_s2w_2962_v1.png,gpt_comp_s2w_2962_v2.png,A << B,2,4,0,no,2025-11-03T00:44:29.445041+00:00,T000192,2962::gpt_comp_s2w_2962_v1.png>>gpt_comp_s2w_2962_v2.png::T000192,,17167,1296,626
2962::gpt_comp_s2w_2962_v1.png||gpt_comp_s2w_2962_v3.png,2962,gpt_comp_s2w_2962_v1.png,gpt_comp_s2w_2962_v3.png,A < B,1,3,0,no,2025-11-03T00:45:27.616646+00:00,T000193,2962::gpt_comp_s2w_2962_v1.png>>gpt_comp_s2w_2962_v3.png::T000193,,7570,1296,626
2962::gpt_comp_s2w_2962_v1.png||gpt_comp_s2w_2962_v4.png,2962,gpt_comp_s2w_2962_v1.png,gpt_comp_s2w_2962_v4.png,A < B,1,3,0,no,2025-11-03T00:43:59.355042+00:00,T000194,2962::gpt_comp_s2w_2962_v1.png>>gpt_comp_s2w_2962_v4.png::T000194,,17827,1296,626
2962::gpt_comp_s2w_2962_v2.png||gpt_comp_s2w_2962_v3.png,2962,gpt_comp_s2w_2962_v2.png,gpt_comp_s2w_2962_v3.png,A >> B,-2,1,0,no,2025-11-03T00:44:54.003133+00:00,T000195,2962::gpt_comp_s2w_2962_v2.png>>gpt_comp_s2w_2962_v3.png::T000195,,22330,1296,626
2962::gpt_comp_s2w_2962_v2.png||gpt_comp_s2w_2962_v4.png,2962,gpt_comp_s2w_2962_v2.png,gpt_comp_s2w_2962_v4.png,A >> B,-2,1,0,no,2025-11-03T00:45:17.590753+00:00,T000196,2962::gpt_comp_s2w_2962_v2.png>>gpt_comp_s2w_2962_v4.png::T000196,,6925,1296,626
2962::gpt_comp_s2w_2962_v3.png||gpt_comp_s2w_2962_v4.png,2962,gpt_comp_s2w_2962_v3.png,gpt_comp_s2w_2962_v4.png,A > B,-1,2,0,no,2025-11-03T00:45:44.281873+00:00,T000197,2962::gpt_comp_s2w_2962_v3.png>>gpt_comp_s2w_2962_v4.png::T000197,,11849,1296,626
30987::gemini_comp_s2w_30987_v1.png||gemini_comp_s2w_30987_v2.png,30987,gemini_comp_s2w_30987_v1.png,gemini_comp_s2w_30987_v2.png,A << B,2,4,0,no,2025-11-03T00:46:43.341972+00:00,T000198,30987::gemini_comp_s2w_30987_v1.png>>gemini_comp_s2w_30987_v2.png::T000198,,1876,1296,626
30987::gemini_comp_s2w_30987_v1.png||gemini_comp_s2w_30987_v3.png,30987,gemini_comp_s2w_30987_v1.png,gemini_comp_s2w_30987_v3.png,A << B,2,4,0,no,2025-11-03T00:46:32.018922+00:00,T000199,30987::gemini_comp_s2w_30987_v1.png>>gemini_comp_s2w_30987_v3.png::T000199,,13434,1296,626
30987::gemini_comp_s2w_30987_v1.png||gemini_comp_s2w_30987_v4.png,30987,gemini_comp_s2w_30987_v1.png,gemini_comp_s2w_30987_v4.png,A << B,2,4,0,no,2025-11-03T00:46:02.941932+00:00,T000200,30987::gemini_comp_s2w_30987_v1.png>>gemini_comp_s2w_30987_v4.png::T000200,,13865,1296,626
30987::gemini_comp_s2w_30987_v2.png||gemini_comp_s2w_30987_v3.png,30987,gemini_comp_s2w_30987_v2.png,gemini_comp_s2w_30987_v3.png,A >> B,-2,1,0,no,2025-11-03T00:46:15.617310+00:00,T000201,30987::gemini_comp_s2w_30987_v2.png>>gemini_comp_s2w_30987_v3.png::T000201,,7866,1296,626
30987::gemini_comp_s2w_30987_v2.png||gemini_comp_s2w_30987_v4.png,30987,gemini_comp_s2w_30987_v2.png,gemini_comp_s2w_30987_v4.png,A < B,1,3,0,no,2025-11-03T00:47:04.157272+00:00,T000202,30987::gemini_comp_s2w_30987_v2.png>>gemini_comp_s2w_30987_v4.png::T000202,,18483,1296,626
30987::gemini_comp_s2w_30987_v3.png||gemini_comp_s2w_30987_v4.png,30987,gemini_comp_s2w_30987_v3.png,gemini_comp_s2w_30987_v4.png,A << B,2,4,0,no,2025-11-03T00:47:09.794069+00:00,T000203,30987::gemini_comp_s2w_30987_v3.png>>gemini_comp_s2w_30987_v4.png::T000203,,3555,1296,626
31780::gemini_comp_s2w_31780_v1.png||gemini_comp_s2w_31780_v2.png,31780,gemini_comp_s2w_31780_v1.png,gemini_comp_s2w_31780_v2.png,A << B,2,4,0,no,2025-11-03T00:47:31.790765+00:00,T000204,31780::gemini_comp_s2w_31780_v1.png>>gemini_comp_s2w_31780_v2.png::T000204,,20262,1296,626
31780::gemini_comp_s2w_31780_v1.png||gemini_comp_s2w_31780_v3.png,31780,gemini_comp_s2w_31780_v1.png,gemini_comp_s2w_31780_v3.png,A > B,-1,2,0,no,2025-11-03T00:47:55.637120+00:00,T000205,31780::gemini_comp_s2w_31780_v1.png>>gemini_comp_s2w_31780_v3.png::T000205,,6102,1296,626
31780::gemini_comp_s2w_31780_v1.png||gemini_comp_s2w_31780_v4.png,31780,gemini_comp_s2w_31780_v1.png,gemini_comp_s2w_31780_v4.png,A < B,1,3,0,no,2025-11-03T00:48:49.339087+00:00,T000206,31780::gemini_comp_s2w_31780_v1.png>>gemini_comp_s2w_31780_v4.png::T000206,,5363,1296,626
31780::gemini_comp_s2w_31780_v2.png||gemini_comp_s2w_31780_v3.png,31780,gemini_comp_s2w_31780_v2.png,gemini_comp_s2w_31780_v3.png,A >> B,-2,1,0,no,2025-11-03T00:47:46.986233+00:00,T000207,31780::gemini_comp_s2w_31780_v2.png>>gemini_comp_s2w_31780_v3.png::T000207,,6112,1296,626
31780::gemini_comp_s2w_31780_v2.png||gemini_comp_s2w_31780_v4.png,31780,gemini_comp_s2w_31780_v2.png,gemini_comp_s2w_31780_v4.png,A > B,-1,2,0,no,2025-11-03T00:48:07.371226+00:00,T000208,31780::gemini_comp_s2w_31780_v2.png>>gemini_comp_s2w_31780_v4.png::T000208,,7612,1296,626
31780::gemini_comp_s2w_31780_v3.png||gemini_comp_s2w_31780_v4.png,31780,gemini_comp_s2w_31780_v3.png,gemini_comp_s2w_31780_v4.png,A << B,2,4,0,no,2025-11-03T00:48:29.509685+00:00,T000209,31780::gemini_comp_s2w_31780_v3.png>>gemini_comp_s2w_31780_v4.png::T000209,,9822,1296,626
32234::gemini_comp_s2w_32234_v1.png||gemini_comp_s2w_32234_v2.png,32234,gemini_comp_s2w_32234_v1.png,gemini_comp_s2w_32234_v2.png,A > B,-1,2,0,no,2025-11-03T00:50:38.730782+00:00,T000210,32234::gemini_comp_s2w_32234_v1.png>>gemini_comp_s2w_32234_v2.png::T000210,,3046,1296,626
32234::gemini_comp_s2w_32234_v1.png||gemini_comp_s2w_32234_v3.png,32234,gemini_comp_s2w_32234_v1.png,gemini_comp_s2w_32234_v3.png,A > B,-1,2,0,no,2025-11-03T00:50:09.359311+00:00,T000211,32234::gemini_comp_s2w_32234_v1.png>>gemini_comp_s2w_32234_v3.png::T000211,,24018,1296,626
32234::gemini_comp_s2w_32234_v1.png||gemini_comp_s2w_32234_v4.png,32234,gemini_comp_s2w_32234_v1.png,gemini_comp_s2w_32234_v4.png,A > B,-1,2,0,no,2025-11-03T00:50:32.749525+00:00,T000212,32234::gemini_comp_s2w_32234_v1.png>>gemini_comp_s2w_32234_v4.png::T000212,,10826,1296,626
32234::gemini_comp_s2w_32234_v2.png||gemini_comp_s2w_32234_v3.png,32234,gemini_comp_s2w_32234_v2.png,gemini_comp_s2w_32234_v3.png,A < B,1,3,0,no,2025-11-03T00:49:40.590764+00:00,T000213,32234::gemini_comp_s2w_32234_v2.png>>gemini_comp_s2w_32234_v3.png::T000213,,5369,1296,626
32234::gemini_comp_s2w_32234_v2.png||gemini_comp_s2w_32234_v4.png,32234,gemini_comp_s2w_32234_v2.png,gemini_comp_s2w_32234_v4.png,A < B,1,3,0,no,2025-11-03T00:49:31.128115+00:00,T000214,32234::gemini_comp_s2w_32234_v2.png>>gemini_comp_s2w_32234_v4.png::T000214,,39621,1296,626
32234::gemini_comp_s2w_32234_v3.png||gemini_comp_s2w_32234_v4.png,32234,gemini_comp_s2w_32234_v3.png,gemini_comp_s2w_32234_v4.png,A < B,1,3,0,no,2025-11-03T00:50:49.282455+00:00,T000215,32234::gemini_comp_s2w_32234_v3.png>>gemini_comp_s2w_32234_v4.png::T000215,,8364,1296,626
32828::gpt_comp_s2w_32828_v1.png||gpt_comp_s2w_32828_v2.png,32828,gpt_comp_s2w_32828_v1.png,gpt_comp_s2w_32828_v2.png,A > B,-1,2,0,no,2025-11-03T00:52:07.098705+00:00,T000216,32828::gpt_comp_s2w_32828_v1.png>>gpt_comp_s2w_32828_v2.png::T000216,,13111,1296,626
32828::gpt_comp_s2w_32828_v1.png||gpt_comp_s2w_32828_v3.png,32828,gpt_comp_s2w_32828_v1.png,gpt_comp_s2w_32828_v3.png,A > B,-1,2,0,no,2025-11-03T00:52:12.896932+00:00,T000217,32828::gpt_comp_s2w_32828_v1.png>>gpt_comp_s2w_32828_v3.png::T000217,,3618,1296,626
32828::gpt_comp_s2w_32828_v1.png||gpt_comp_s2w_32828_v4.png,32828,gpt_comp_s2w_32828_v1.png,gpt_comp_s2w_32828_v4.png,A >> B,-2,1,0,no,2025-11-03T00:52:29.910662+00:00,T000218,32828::gpt_comp_s2w_32828_v1.png>>gpt_comp_s2w_32828_v4.png::T000218,,3178,1296,626
32828::gpt_comp_s2w_32828_v2.png||gpt_comp_s2w_32828_v3.png,32828,gpt_comp_s2w_32828_v2.png,gpt_comp_s2w_32828_v3.png,A > B,-1,2,0,no,2025-11-03T00:51:40.496858+00:00,T000219,32828::gpt_comp_s2w_32828_v2.png>>gpt_comp_s2w_32828_v3.png::T000219,,44850,1296,626
32828::gpt_comp_s2w_32828_v2.png||gpt_comp_s2w_32828_v4.png,32828,gpt_comp_s2w_32828_v2.png,gpt_comp_s2w_32828_v4.png,A >> B,-2,1,0,no,2025-11-03T00:52:40.760918+00:00,T000220,32828::gpt_comp_s2w_32828_v2.png>>gpt_comp_s2w_32828_v4.png::T000220,,8527,1296,626
32828::gpt_comp_s2w_32828_v3.png||gpt_comp_s2w_32828_v4.png,32828,gpt_comp_s2w_32828_v3.png,gpt_comp_s2w_32828_v4.png,A >> B,-2,1,0,no,2025-11-03T00:52:23.439195+00:00,T000221,32828::gpt_comp_s2w_32828_v3.png>>gpt_comp_s2w_32828_v4.png::T000221,,7787,1296,626
33330::gpt_comp_s2w_33330_v1.png||gpt_comp_s2w_33330_v2.png,33330,gpt_comp_s2w_33330_v1.png,gpt_comp_s2w_33330_v2.png,A << B,2,4,0,no,2025-11-03T00:53:33.007845+00:00,T000222,33330::gpt_comp_s2w_33330_v1.png>>gpt_comp_s2w_33330_v2.png::T000222,,49683,1296,626
33330::gpt_comp_s2w_33330_v1.png||gpt_comp_s2w_33330_v3.png,33330,gpt_comp_s2w_33330_v1.png,gpt_comp_s2w_33330_v3.png,A << B,2,4,0,no,2025-11-03T00:54:33.478669+00:00,T000223,33330::gpt_comp_s2w_33330_v1.png>>gpt_comp_s2w_33330_v3.png::T000223,,7020,1296,626
33330::gpt_comp_s2w_33330_v1.png||gpt_comp_s2w_33330_v4.png,33330,gpt_comp_s2w_33330_v1.png,gpt_comp_s2w_33330_v4.png,A < B,1,3,0,no,2025-11-03T00:54:02.214819+00:00,T000224,33330::gpt_comp_s2w_33330_v1.png>>gpt_comp_s2w_33330_v4.png::T000224,,10696,1296,626
33330::gpt_comp_s2w_33330_v2.png||gpt_comp_s2w_33330_v3.png,33330,gpt_comp_s2w_33330_v2.png,gpt_comp_s2w_33330_v3.png,A < B,1,3,0,no,2025-11-03T00:54:21.577834+00:00,T000225,33330::gpt_comp_s2w_33330_v2.png>>gpt_comp_s2w_33330_v3.png::T000225,,17225,1296,626
33330::gpt_comp_s2w_33330_v2.png||gpt_comp_s2w_33330_v4.png,33330,gpt_comp_s2w_33330_v2.png,gpt_comp_s2w_33330_v4.png,A >> B,-2,1,0,no,2025-11-03T00:53:49.240350+00:00,T000226,33330::gpt_comp_s2w_33330_v2.png>>gpt_comp_s2w_33330_v4.png::T000226,,2610,1296,626
33330::gpt_comp_s2w_33330_v3.png||gpt_comp_s2w_33330_v4.png,33330,gpt_comp_s2w_33330_v3.png,gpt_comp_s2w_33330_v4.png,A >> B,-2,1,0,no,2025-11-03T00:53:42.755754+00:00,T000227,33330::gpt_comp_s2w_33330_v3.png>>gpt_comp_s2w_33330_v4.png::T000227,,4553,1296,626
33934::gpt_comp_s2w_33934_v1.png||gpt_comp_s2w_33934_v2.png,33934,gpt_comp_s2w_33934_v1.png,gpt_comp_s2w_33934_v2.png,A << B,2,4,0,no,2025-11-03T00:55:12.773511+00:00,T000228,33934::gpt_comp_s2w_33934_v1.png>>gpt_comp_s2w_33934_v2.png::T000228,,37097,1296,626
33934::gpt_comp_s2w_33934_v1.png||gpt_comp_s2w_33934_v3.png,33934,gpt_comp_s2w_33934_v1.png,gpt_comp_s2w_33934_v3.png,A > B,-1,2,0,no,2025-11-03T00:56:14.151249+00:00,T000229,33934::gpt_comp_s2w_33934_v1.png>>gpt_comp_s2w_33934_v3.png::T000229,,3001,1296,626
33934::gpt_comp_s2w_33934_v1.png||gpt_comp_s2w_33934_v4.png,33934,gpt_comp_s2w_33934_v1.png,gpt_comp_s2w_33934_v4.png,A < B,1,3,0,no,2025-11-03T00:55:46.786022+00:00,T000230,33934::gpt_comp_s2w_33934_v1.png>>gpt_comp_s2w_33934_v4.png::T000230,,5190,1296,626
33934::gpt_comp_s2w_33934_v2.png||gpt_comp_s2w_33934_v3.png,33934,gpt_comp_s2w_33934_v2.png,gpt_comp_s2w_33934_v3.png,A >> B,-2,1,0,no,2025-11-03T00:56:41.570737+00:00,T000231,33934::gpt_comp_s2w_33934_v2.png>>gpt_comp_s2w_33934_v3.png::T000231,,5244,1296,626
33934::gpt_comp_s2w_33934_v2.png||gpt_comp_s2w_33934_v4.png,33934,gpt_comp_s2w_33934_v2.png,gpt_comp_s2w_33934_v4.png,A >> B,-2,1,0,no,2025-11-03T00:55:58.105900+00:00,T000232,33934::gpt_comp_s2w_33934_v2.png>>gpt_comp_s2w_33934_v4.png::T000232,,5667,1296,626
33934::gpt_comp_s2w_33934_v3.png||gpt_comp_s2w_33934_v4.png,33934,gpt_comp_s2w_33934_v3.png,gpt_comp_s2w_33934_v4.png,A < B,1,3,0,no,2025-11-03T00:55:39.356320+00:00,T000233,33934::gpt_comp_s2w_33934_v3.png>>gpt_comp_s2w_33934_v4.png::T000233,,8065,1296,626
3498::gemini_comp_s2w_3498_v1.png||gemini_comp_s2w_3498_v2.png,3498,gemini_comp_s2w_3498_v1.png,gemini_comp_s2w_3498_v2.png,A >> B,-2,1,0,no,2025-11-03T00:57:30.426711+00:00,T000234,3498::gemini_comp_s2w_3498_v1.png>>gemini_comp_s2w_3498_v2.png::T000234,,2688,1296,626
3498::gemini_comp_s2w_3498_v1.png||gemini_comp_s2w_3498_v3.png,3498,gemini_comp_s2w_3498_v1.png,gemini_comp_s2w_3498_v3.png,A >> B,-2,1,0,no,2025-11-03T00:57:18.005639+00:00,T000235,3498::gemini_comp_s2w_3498_v1.png>>gemini_comp_s2w_3498_v3.png::T000235,,11541,1296,626
3498::gemini_comp_s2w_3498_v1.png||gemini_comp_s2w_3498_v4.png,3498,gemini_comp_s2w_3498_v1.png,gemini_comp_s2w_3498_v4.png,A > B,-1,2,0,no,2025-11-03T00:57:51.609847+00:00,T000236,3498::gemini_comp_s2w_3498_v1.png>>gemini_comp_s2w_3498_v4.png::T000236,,3489,1296,626
3498::gemini_comp_s2w_3498_v2.png||gemini_comp_s2w_3498_v3.png,3498,gemini_comp_s2w_3498_v2.png,gemini_comp_s2w_3498_v3.png,A << B,2,4,0,no,2025-11-03T00:56:59.370761+00:00,T000237,3498::gemini_comp_s2w_3498_v2.png>>gemini_comp_s2w_3498_v3.png::T000237,,13987,1296,626
3498::gemini_comp_s2w_3498_v2.png||gemini_comp_s2w_3498_v4.png,3498,gemini_comp_s2w_3498_v2.png,gemini_comp_s2w_3498_v4.png,A << B,2,4,0,no,2025-11-03T00:58:00.360285+00:00,T000238,3498::gemini_comp_s2w_3498_v2.png>>gemini_comp_s2w_3498_v4.png::T000238,,6355,1296,626
3498::gemini_comp_s2w_3498_v3.png||gemini_comp_s2w_3498_v4.png,3498,gemini_comp_s2w_3498_v3.png,gemini_comp_s2w_3498_v4.png,A > B,-1,2,0,no,2025-11-03T00:57:25.672261+00:00,T000239,3498::gemini_comp_s2w_3498_v3.png>>gemini_comp_s2w_3498_v4.png::T000239,,4775,1296,626
35896::gemini_comp_s2w_35896_v1.png||gemini_comp_s2w_35896_v2.png,35896,gemini_comp_s2w_35896_v1.png,gemini_comp_s2w_35896_v2.png,A < B,1,3,0,no,2025-11-03T00:59:17.263317+00:00,T000240,35896::gemini_comp_s2w_35896_v1.png>>gemini_comp_s2w_35896_v2.png::T000240,,4536,1296,626
35896::gemini_comp_s2w_35896_v1.png||gemini_comp_s2w_35896_v3.png,35896,gemini_comp_s2w_35896_v1.png,gemini_comp_s2w_35896_v3.png,A << B,2,4,0,no,2025-11-03T00:58:59.307957+00:00,T000241,35896::gemini_comp_s2w_35896_v1.png>>gemini_comp_s2w_35896_v3.png::T000241,,3302,1296,626
35896::gemini_comp_s2w_35896_v1.png||gemini_comp_s2w_35896_v4.png,35896,gemini_comp_s2w_35896_v1.png,gemini_comp_s2w_35896_v4.png,A > B,-1,2,0,no,2025-11-03T00:59:24.040682+00:00,T000242,35896::gemini_comp_s2w_35896_v1.png>>gemini_comp_s2w_35896_v4.png::T000242,,4889,1296,626
35896::gemini_comp_s2w_35896_v2.png||gemini_comp_s2w_35896_v3.png,35896,gemini_comp_s2w_35896_v2.png,gemini_comp_s2w_35896_v3.png,A << B,2,4,0,no,2025-11-03T00:58:49.086891+00:00,T000243,35896::gemini_comp_s2w_35896_v2.png>>gemini_comp_s2w_35896_v3.png::T000243,,44198,1296,626
35896::gemini_comp_s2w_35896_v2.png||gemini_comp_s2w_35896_v4.png,35896,gemini_comp_s2w_35896_v2.png,gemini_comp_s2w_35896_v4.png,A > B,-1,2,0,no,2025-11-03T00:59:36.369084+00:00,T000244,35896::gemini_comp_s2w_35896_v2.png>>gemini_comp_s2w_35896_v4.png::T000244,,2980,1296,626
35896::gemini_comp_s2w_35896_v3.png||gemini_comp_s2w_35896_v4.png,35896,gemini_comp_s2w_35896_v3.png,gemini_comp_s2w_35896_v4.png,A >> B,-2,1,0,no,2025-11-03T00:59:31.051117+00:00,T000245,35896::gemini_comp_s2w_35896_v3.png>>gemini_comp_s2w_35896_v4.png::T000245,,3924,1296,626
37185::gemini_comp_s2w_37185_v1.png||gemini_comp_s2w_37185_v2.png,37185,gemini_comp_s2w_37185_v1.png,gemini_comp_s2w_37185_v2.png,A > B,-1,2,0,no,2025-11-03T00:59:51.998635+00:00,T000246,37185::gemini_comp_s2w_37185_v1.png>>gemini_comp_s2w_37185_v2.png::T000246,,12456,1296,626
37185::gemini_comp_s2w_37185_v1.png||gemini_comp_s2w_37185_v3.png,37185,gemini_comp_s2w_37185_v1.png,gemini_comp_s2w_37185_v3.png,A > B,-1,2,0,no,2025-11-03T01:00:16.262542+00:00,T000247,37185::gemini_comp_s2w_37185_v1.png>>gemini_comp_s2w_37185_v3.png::T000247,,4118,1296,626
37185::gemini_comp_s2w_37185_v1.png||gemini_comp_s2w_37185_v4.png,37185,gemini_comp_s2w_37185_v1.png,gemini_comp_s2w_37185_v4.png,A > B,-1,2,0,no,2025-11-03T01:00:10.063297+00:00,T000248,37185::gemini_comp_s2w_37185_v1.png>>gemini_comp_s2w_37185_v4.png::T000248,,12179,1296,626
37185::gemini_comp_s2w_37185_v2.png||gemini_comp_s2w_37185_v3.png,37185,gemini_comp_s2w_37185_v2.png,gemini_comp_s2w_37185_v3.png,A > B,-1,2,0,no,2025-11-03T01:00:24.201023+00:00,T000249,37185::gemini_comp_s2w_37185_v2.png>>gemini_comp_s2w_37185_v3.png::T000249,,5474,1296,626
37185::gemini_comp_s2w_37185_v2.png||gemini_comp_s2w_37185_v4.png,37185,gemini_comp_s2w_37185_v2.png,gemini_comp_s2w_37185_v4.png,A > B,-1,2,0,no,2025-11-03T01:00:31.865317+00:00,T000250,37185::gemini_comp_s2w_37185_v2.png>>gemini_comp_s2w_37185_v4.png::T000250,,3653,1296,626
37185::gemini_comp_s2w_37185_v3.png||gemini_comp_s2w_37185_v4.png,37185,gemini_comp_s2w_37185_v3.png,gemini_comp_s2w_37185_v4.png,A > B,-1,2,0,no,2025-11-03T01:00:40.493158+00:00,T000251,37185::gemini_comp_s2w_37185_v3.png>>gemini_comp_s2w_37185_v4.png::T000251,,6330,1296,626
38140::gpt_comp_s2w_38140_v1.png||gpt_comp_s2w_38140_v2.png,38140,gpt_comp_s2w_38140_v1.png,gpt_comp_s2w_38140_v2.png,A > B,-1,2,0,no,2025-11-03T01:01:46.760632+00:00,T000252,38140::gpt_comp_s2w_38140_v1.png>>gpt_comp_s2w_38140_v2.png::T000252,,6187,1296,626
38140::gpt_comp_s2w_38140_v1.png||gpt_comp_s2w_38140_v3.png,38140,gpt_comp_s2w_38140_v1.png,gpt_comp_s2w_38140_v3.png,A > B,-1,2,0,no,2025-11-03T01:01:26.990758+00:00,T000253,38140::gpt_comp_s2w_38140_v1.png>>gpt_comp_s2w_38140_v3.png::T000253,,44303,1296,626
38140::gpt_comp_s2w_38140_v1.png||gpt_comp_s2w_38140_v4.png,38140,gpt_comp_s2w_38140_v1.png,gpt_comp_s2w_38140_v4.png,A < B,1,3,0,no,2025-11-03T01:02:18.349044+00:00,T000254,38140::gpt_comp_s2w_38140_v1.png>>gpt_comp_s2w_38140_v4.png::T000254,,6095,1296,626
38140::gpt_comp_s2w_38140_v2.png||gpt_comp_s2w_38140_v3.png,38140,gpt_comp_s2w_38140_v2.png,gpt_comp_s2w_38140_v3.png,A < B,1,3,0,no,2025-11-03T01:01:38.666127+00:00,T000255,38140::gpt_comp_s2w_38140_v2.png>>gpt_comp_s2w_38140_v3.png::T000255,,6108,1296,626
38140::gpt_comp_s2w_38140_v2.png||gpt_comp_s2w_38140_v4.png,38140,gpt_comp_s2w_38140_v2.png,gpt_comp_s2w_38140_v4.png,A << B,2,4,0,no,2025-11-03T01:02:27.762268+00:00,T000256,38140::gpt_comp_s2w_38140_v2.png>>gpt_comp_s2w_38140_v4.png::T000256,,7108,1296,626
38140::gpt_comp_s2w_38140_v3.png||gpt_comp_s2w_38140_v4.png,38140,gpt_comp_s2w_38140_v3.png,gpt_comp_s2w_38140_v4.png,A < B,1,"4,3",1,no,2025-11-03T01:02:09.545682+00:00,T000257,38140::gpt_comp_s2w_38140_v3.png>>gpt_comp_s2w_38140_v4.png::T000257,,14716,1296,626
39241::gemini_comp_s2w_39241_v1.png||gemini_comp_s2w_39241_v2.png,39241,gemini_comp_s2w_39241_v1.png,gemini_comp_s2w_39241_v2.png,A < B,1,3,0,no,2025-11-03T01:02:41.402501+00:00,T000258,39241::gemini_comp_s2w_39241_v1.png>>gemini_comp_s2w_39241_v2.png::T000258,,11732,1296,626
39241::gemini_comp_s2w_39241_v1.png||gemini_comp_s2w_39241_v3.png,39241,gemini_comp_s2w_39241_v1.png,gemini_comp_s2w_39241_v3.png,A << B,2,4,0,no,2025-11-03T01:02:56.286546+00:00,T000259,39241::gemini_comp_s2w_39241_v1.png>>gemini_comp_s2w_39241_v3.png::T000259,,10750,1296,626
39241::gemini_comp_s2w_39241_v1.png||gemini_comp_s2w_39241_v4.png,39241,gemini_comp_s2w_39241_v1.png,gemini_comp_s2w_39241_v4.png,A << B,2,4,0,no,2025-11-03T01:03:48.520199+00:00,T000260,39241::gemini_comp_s2w_39241_v1.png>>gemini_comp_s2w_39241_v4.png::T000260,,6966,1296,626
39241::gemini_comp_s2w_39241_v2.png||gemini_comp_s2w_39241_v3.png,39241,gemini_comp_s2w_39241_v2.png,gemini_comp_s2w_39241_v3.png,A << B,2,4,0,no,2025-11-03T01:03:39.803293+00:00,T000261,39241::gemini_comp_s2w_39241_v2.png>>gemini_comp_s2w_39241_v3.png::T000261,,5697,1296,626
39241::gemini_comp_s2w_39241_v2.png||gemini_comp_s2w_39241_v4.png,39241,gemini_comp_s2w_39241_v2.png,gemini_comp_s2w_39241_v4.png,A << B,2,4,0,no,2025-11-03T01:03:08.914345+00:00,T000262,39241::gemini_comp_s2w_39241_v2.png>>gemini_comp_s2w_39241_v4.png::T000262,,10364,1296,626
39241::gemini_comp_s2w_39241_v3.png||gemini_comp_s2w_39241_v4.png,39241,gemini_comp_s2w_39241_v3.png,gemini_comp_s2w_39241_v4.png,A > B,-1,2,0,no,2025-11-03T01:03:28.555485+00:00,T000263,39241::gemini_comp_s2w_39241_v3.png>>gemini_comp_s2w_39241_v4.png::T000263,,17893,1296,626
39995::gemini_comp_s2w_39995_v1.png||gemini_comp_s2w_39995_v2.png,39995,gemini_comp_s2w_39995_v1.png,gemini_comp_s2w_39995_v2.png,A > B,-1,2,0,no,2025-11-03T01:04:55.833712+00:00,T000264,39995::gemini_comp_s2w_39995_v1.png>>gemini_comp_s2w_39995_v2.png::T000264,,6130,1296,626
39995::gemini_comp_s2w_39995_v1.png||gemini_comp_s2w_39995_v3.png,39995,gemini_comp_s2w_39995_v1.png,gemini_comp_s2w_39995_v3.png,A >> B,-2,1,0,no,2025-11-03T01:04:22.191401+00:00,T000265,39995::gemini_comp_s2w_39995_v1.png>>gemini_comp_s2w_39995_v3.png::T000265,,11764,1296,626
39995::gemini_comp_s2w_39995_v1.png||gemini_comp_s2w_39995_v4.png,39995,gemini_comp_s2w_39995_v1.png,gemini_comp_s2w_39995_v4.png,A > B,-1,2,0,no,2025-11-03T01:05:02.762765+00:00,T000266,39995::gemini_comp_s2w_39995_v1.png>>gemini_comp_s2w_39995_v4.png::T000266,,4188,1296,626
39995::gemini_comp_s2w_39995_v2.png||gemini_comp_s2w_39995_v3.png,39995,gemini_comp_s2w_39995_v2.png,gemini_comp_s2w_39995_v3.png,A >> B,-2,1,0,no,2025-11-03T01:04:05.459879+00:00,T000267,39995::gemini_comp_s2w_39995_v2.png>>gemini_comp_s2w_39995_v3.png::T000267,,15036,1296,626
39995::gemini_comp_s2w_39995_v2.png||gemini_comp_s2w_39995_v4.png,39995,gemini_comp_s2w_39995_v2.png,gemini_comp_s2w_39995_v4.png,A > B,-1,2,0,no,2025-11-03T01:04:45.074866+00:00,T000268,39995::gemini_comp_s2w_39995_v2.png>>gemini_comp_s2w_39995_v4.png::T000268,,8681,1296,626
39995::gemini_comp_s2w_39995_v3.png||gemini_comp_s2w_39995_v4.png,39995,gemini_comp_s2w_39995_v3.png,gemini_comp_s2w_39995_v4.png,A << B,2,4,0,no,2025-11-03T01:04:33.264299+00:00,T000269,39995::gemini_comp_s2w_39995_v3.png>>gemini_comp_s2w_39995_v4.png::T000269,,8186,1296,626
4034::gpt_comp_s2w_4034_v1.png||gpt_comp_s2w_4034_v2.png,4034,gpt_comp_s2w_4034_v1.png,gpt_comp_s2w_4034_v2.png,A < B,1,3,0,no,2025-11-03T01:06:25.714658+00:00,T000270,4034::gpt_comp_s2w_4034_v1.png>>gpt_comp_s2w_4034_v2.png::T000270,,6450,1296,626
4034::gpt_comp_s2w_4034_v1.png||gpt_comp_s2w_4034_v3.png,4034,gpt_comp_s2w_4034_v1.png,gpt_comp_s2w_4034_v3.png,A << B,2,4,0,no,2025-11-03T01:05:58.356086+00:00,T000271,4034::gpt_comp_s2w_4034_v1.png>>gpt_comp_s2w_4034_v3.png::T000271,,6373,1296,626
4034::gpt_comp_s2w_4034_v1.png||gpt_comp_s2w_4034_v4.png,4034,gpt_comp_s2w_4034_v1.png,gpt_comp_s2w_4034_v4.png,A > B,-1,2,0,no,2025-11-03T01:05:48.601156+00:00,T000272,4034::gpt_comp_s2w_4034_v1.png>>gpt_comp_s2w_4034_v4.png::T000272,,11184,1296,626
4034::gpt_comp_s2w_4034_v2.png||gpt_comp_s2w_4034_v3.png,4034,gpt_comp_s2w_4034_v2.png,gpt_comp_s2w_4034_v3.png,A << B,2,4,0,no,2025-11-03T01:06:12.964266+00:00,T000273,4034::gpt_comp_s2w_4034_v2.png>>gpt_comp_s2w_4034_v3.png::T000273,,11107,1296,626
4034::gpt_comp_s2w_4034_v2.png||gpt_comp_s2w_4034_v4.png,4034,gpt_comp_s2w_4034_v2.png,gpt_comp_s2w_4034_v4.png,A >> B,-2,1,0,no,2025-11-03T01:05:32.068331+00:00,T000274,4034::gpt_comp_s2w_4034_v2.png>>gpt_comp_s2w_4034_v4.png::T000274,,25831,1296,626
4034::gpt_comp_s2w_4034_v3.png||gpt_comp_s2w_4034_v4.png,4034,gpt_comp_s2w_4034_v3.png,gpt_comp_s2w_4034_v4.png,A > B,-1,2,0,no,2025-11-03T01:06:33.814063+00:00,T000275,4034::gpt_comp_s2w_4034_v3.png>>gpt_comp_s2w_4034_v4.png::T000275,,5826,1296,626
40467::gpt_comp_s2w_40467_v1.png||gpt_comp_s2w_40467_v2.png,40467,gpt_comp_s2w_40467_v1.png,gpt_comp_s2w_40467_v2.png,A << B,2,4,0,no,2025-11-03T01:07:46.199141+00:00,T000276,40467::gpt_comp_s2w_40467_v1.png>>gpt_comp_s2w_40467_v2.png::T000276,,3858,1296,626
40467::gpt_comp_s2w_40467_v1.png||gpt_comp_s2w_40467_v3.png,40467,gpt_comp_s2w_40467_v1.png,gpt_comp_s2w_40467_v3.png,A < B,1,3,0,no,2025-11-03T01:07:40.347498+00:00,T000277,40467::gpt_comp_s2w_40467_v1.png>>gpt_comp_s2w_40467_v3.png::T000277,,17319,1296,626
40467::gpt_comp_s2w_40467_v1.png||gpt_comp_s2w_40467_v4.png,40467,gpt_comp_s2w_40467_v1.png,gpt_comp_s2w_40467_v4.png,A < B,1,"2,3",1,no,2025-11-03T01:07:14.911245+00:00,T000278,40467::gpt_comp_s2w_40467_v1.png>>gpt_comp_s2w_40467_v4.png::T000278,,23403,1296,626
40467::gpt_comp_s2w_40467_v2.png||gpt_comp_s2w_40467_v3.png,40467,gpt_comp_s2w_40467_v2.png,gpt_comp_s2w_40467_v3.png,A >> B,-2,1,0,no,2025-11-03T01:07:54.629677+00:00,T000279,40467::gpt_comp_s2w_40467_v2.png>>gpt_comp_s2w_40467_v3.png::T000279,,4053,1296,626
40467::gpt_comp_s2w_40467_v2.png||gpt_comp_s2w_40467_v4.png,40467,gpt_comp_s2w_40467_v2.png,gpt_comp_s2w_40467_v4.png,A > B,-1,"1,2",1,no,2025-11-03T01:08:13.880817+00:00,T000280,40467::gpt_comp_s2w_40467_v2.png>>gpt_comp_s2w_40467_v4.png::T000280,,2978,1296,626
40467::gpt_comp_s2w_40467_v3.png||gpt_comp_s2w_40467_v4.png,40467,gpt_comp_s2w_40467_v3.png,gpt_comp_s2w_40467_v4.png,A < B,1,3,0,no,2025-11-03T01:08:02.989782+00:00,T000281,40467::gpt_comp_s2w_40467_v3.png>>gpt_comp_s2w_40467_v4.png::T000281,,6197,1296,626
41454::gemini_comp_s2w_41454_v1.png||gemini_comp_s2w_41454_v2.png,41454,gemini_comp_s2w_41454_v1.png,gemini_comp_s2w_41454_v2.png,A >> B,-2,1,0,no,2025-11-03T01:09:03.739484+00:00,T000282,41454::gemini_comp_s2w_41454_v1.png>>gemini_comp_s2w_41454_v2.png::T000282,,3888,1296,626
41454::gemini_comp_s2w_41454_v1.png||gemini_comp_s2w_41454_v3.png,41454,gemini_comp_s2w_41454_v1.png,gemini_comp_s2w_41454_v3.png,A < B,1,3,0,no,2025-11-03T01:09:18.210464+00:00,T000283,41454::gemini_comp_s2w_41454_v1.png>>gemini_comp_s2w_41454_v3.png::T000283,,8018,1296,626
41454::gemini_comp_s2w_41454_v1.png||gemini_comp_s2w_41454_v4.png,41454,gemini_comp_s2w_41454_v1.png,gemini_comp_s2w_41454_v4.png,A < B,1,3,0,no,2025-11-03T01:08:51.789296+00:00,T000284,41454::gemini_comp_s2w_41454_v1.png>>gemini_comp_s2w_41454_v4.png::T000284,,35661,1296,626
41454::gemini_comp_s2w_41454_v2.png||gemini_comp_s2w_41454_v3.png,41454,gemini_comp_s2w_41454_v2.png,gemini_comp_s2w_41454_v3.png,A << B,2,4,0,no,2025-11-03T01:09:30.550522+00:00,T000285,41454::gemini_comp_s2w_41454_v2.png>>gemini_comp_s2w_41454_v3.png::T000285,,3336,1296,626
41454::gemini_comp_s2w_41454_v2.png||gemini_comp_s2w_41454_v4.png,41454,gemini_comp_s2w_41454_v2.png,gemini_comp_s2w_41454_v4.png,A << B,2,4,0,no,2025-11-03T01:09:24.145480+00:00,T000286,41454::gemini_comp_s2w_41454_v2.png>>gemini_comp_s2w_41454_v4.png::T000286,,3060,1296,626
41454::gemini_comp_s2w_41454_v3.png||gemini_comp_s2w_41454_v4.png,41454,gemini_comp_s2w_41454_v3.png,gemini_comp_s2w_41454_v4.png,A < B,1,3,0,no,2025-11-03T01:09:38.099982+00:00,T000287,41454::gemini_comp_s2w_41454_v3.png>>gemini_comp_s2w_41454_v4.png::T000287,,3616,1296,626
41874::gpt_comp_s2w_41874_v1.png||gpt_comp_s2w_41874_v2.png,41874,gpt_comp_s2w_41874_v1.png,gpt_comp_s2w_41874_v2.png,A < B,1,3,0,no,2025-11-03T01:11:06.268815+00:00,T000288,41874::gpt_comp_s2w_41874_v1.png>>gpt_comp_s2w_41874_v2.png::T000288,,15073,1296,626
41874::gpt_comp_s2w_41874_v1.png||gpt_comp_s2w_41874_v3.png,41874,gpt_comp_s2w_41874_v1.png,gpt_comp_s2w_41874_v3.png,A << B,2,4,0,no,2025-11-03T01:11:11.347659+00:00,T000289,41874::gpt_comp_s2w_41874_v1.png>>gpt_comp_s2w_41874_v3.png::T000289,,3163,1296,626
41874::gpt_comp_s2w_41874_v1.png||gpt_comp_s2w_41874_v4.png,41874,gpt_comp_s2w_41874_v1.png,gpt_comp_s2w_41874_v4.png,A << B,2,4,0,no,2025-11-03T01:09:57.272314+00:00,T000290,41874::gpt_comp_s2w_41874_v1.png>>gpt_comp_s2w_41874_v4.png::T000290,,16060,1296,626
41874::gpt_comp_s2w_41874_v2.png||gpt_comp_s2w_41874_v3.png,41874,gpt_comp_s2w_41874_v2.png,gpt_comp_s2w_41874_v3.png,A << B,2,4,0,no,2025-11-03T01:10:39.678734+00:00,T000291,41874::gpt_comp_s2w_41874_v2.png>>gpt_comp_s2w_41874_v3.png::T000291,,9660,1296,626
41874::gpt_comp_s2w_41874_v2.png||gpt_comp_s2w_41874_v4.png,41874,gpt_comp_s2w_41874_v2.png,gpt_comp_s2w_41874_v4.png,A << B,2,4,0,no,2025-11-03T01:11:19.308841+00:00,T000292,41874::gpt_comp_s2w_41874_v2.png>>gpt_comp_s2w_41874_v4.png::T000292,,5619,1296,626
41874::gpt_comp_s2w_41874_v3.png||gpt_comp_s2w_41874_v4.png,41874,gpt_comp_s2w_41874_v3.png,gpt_comp_s2w_41874_v4.png,A < B,1,3,0,no,2025-11-03T01:10:22.466083+00:00,T000293,41874::gpt_comp_s2w_41874_v3.png>>gpt_comp_s2w_41874_v4.png::T000293,,20435,1296,626
42605::gpt_comp_s2w_42605_v1.png||gpt_comp_s2w_42605_v2.png,42605,gpt_comp_s2w_42605_v1.png,gpt_comp_s2w_42605_v2.png,A >> B,-2,1,0,no,2025-11-03T01:12:36.069839+00:00,T000294,42605::gpt_comp_s2w_42605_v1.png>>gpt_comp_s2w_42605_v2.png::T000294,,6003,1296,626
42605::gpt_comp_s2w_42605_v1.png||gpt_comp_s2w_42605_v3.png,42605,gpt_comp_s2w_42605_v1.png,gpt_comp_s2w_42605_v3.png,A > B,-1,"1,2",1,no,2025-11-03T01:11:58.908233+00:00,T000295,42605::gpt_comp_s2w_42605_v1.png>>gpt_comp_s2w_42605_v3.png::T000295,,722,1296,626
42605::gpt_comp_s2w_42605_v1.png||gpt_comp_s2w_42605_v4.png,42605,gpt_comp_s2w_42605_v1.png,gpt_comp_s2w_42605_v4.png,A >> B,-2,1,0,no,2025-11-03T01:12:19.875974+00:00,T000296,42605::gpt_comp_s2w_42605_v1.png>>gpt_comp_s2w_42605_v4.png::T000296,,4239,1296,626
42605::gpt_comp_s2w_42605_v2.png||gpt_comp_s2w_42605_v3.png,42605,gpt_comp_s2w_42605_v2.png,gpt_comp_s2w_42605_v3.png,A < B,1,3,0,no,2025-11-03T01:12:28.065682+00:00,T000297,42605::gpt_comp_s2w_42605_v2.png>>gpt_comp_s2w_42605_v3.png::T000297,,5971,1296,626
42605::gpt_comp_s2w_42605_v2.png||gpt_comp_s2w_42605_v4.png,42605,gpt_comp_s2w_42605_v2.png,gpt_comp_s2w_42605_v4.png,A > B,-1,2,0,no,2025-11-03T01:11:37.450687+00:00,T000298,42605::gpt_comp_s2w_42605_v2.png>>gpt_comp_s2w_42605_v4.png::T000298,,16317,1296,626
42605::gpt_comp_s2w_42605_v3.png||gpt_comp_s2w_42605_v4.png,42605,gpt_comp_s2w_42605_v3.png,gpt_comp_s2w_42605_v4.png,A >> B,-2,1,0,no,2025-11-03T01:12:12.749490+00:00,T000299,42605::gpt_comp_s2w_42605_v3.png>>gpt_comp_s2w_42605_v4.png::T000299,,11541,1296,626
43005::gpt_comp_s2w_43005_v1.png||gpt_comp_s2w_43005_v2.png,43005,gpt_comp_s2w_43005_v1.png,gpt_comp_s2w_43005_v2.png,A < B,1,3,0,no,2025-11-03T01:14:25.652000+00:00,T000300,43005::gpt_comp_s2w_43005_v1.png>>gpt_comp_s2w_43005_v2.png::T000300,,16583,1296,626
43005::gpt_comp_s2w_43005_v1.png||gpt_comp_s2w_43005_v3.png,43005,gpt_comp_s2w_43005_v1.png,gpt_comp_s2w_43005_v3.png,A > B,-1,2,0,no,2025-11-03T01:13:39.194056+00:00,T000301,43005::gpt_comp_s2w_43005_v1.png>>gpt_comp_s2w_43005_v3.png::T000301,,22782,1296,626
43005::gpt_comp_s2w_43005_v1.png||gpt_comp_s2w_43005_v4.png,43005,gpt_comp_s2w_43005_v1.png,gpt_comp_s2w_43005_v4.png,A > B,-1,2,0,no,2025-11-03T01:15:01.342819+00:00,T000302,43005::gpt_comp_s2w_43005_v1.png>>gpt_comp_s2w_43005_v4.png::T000302,,8701,1296,626
43005::gpt_comp_s2w_43005_v2.png||gpt_comp_s2w_43005_v3.png,43005,gpt_comp_s2w_43005_v2.png,gpt_comp_s2w_43005_v3.png,A > B,-1,2,0,no,2025-11-03T01:14:50.705484+00:00,T000303,43005::gpt_comp_s2w_43005_v2.png>>gpt_comp_s2w_43005_v3.png::T000303,,11487,1296,626
43005::gpt_comp_s2w_43005_v2.png||gpt_comp_s2w_43005_v4.png,43005,gpt_comp_s2w_43005_v2.png,gpt_comp_s2w_43005_v4.png,A < B,1,3,0,no,2025-11-03T01:14:37.583032+00:00,T000304,43005::gpt_comp_s2w_43005_v2.png>>gpt_comp_s2w_43005_v4.png::T000304,,10213,1296,626
43005::gpt_comp_s2w_43005_v3.png||gpt_comp_s2w_43005_v4.png,43005,gpt_comp_s2w_43005_v3.png,gpt_comp_s2w_43005_v4.png,A < B,1,3,0,no,2025-11-03T01:13:10.326389+00:00,T000305,43005::gpt_comp_s2w_43005_v3.png>>gpt_comp_s2w_43005_v4.png::T000305,,32307,1296,626
43195::gpt_comp_s2w_43195_v1.png||gpt_comp_s2w_43195_v2.png,43195,gpt_comp_s2w_43195_v1.png,gpt_comp_s2w_43195_v2.png,A > B,-1,2,0,no,2025-11-03T01:16:20.492442+00:00,T000306,43195::gpt_comp_s2w_43195_v1.png>>gpt_comp_s2w_43195_v2.png::T000306,,5115,1296,626
43195::gpt_comp_s2w_43195_v1.png||gpt_comp_s2w_43195_v3.png,43195,gpt_comp_s2w_43195_v1.png,gpt_comp_s2w_43195_v3.png,A < B,1,3,0,no,2025-11-03T01:15:25.156096+00:00,T000307,43195::gpt_comp_s2w_43195_v1.png>>gpt_comp_s2w_43195_v3.png::T000307,,21630,1296,626
43195::gpt_comp_s2w_43195_v1.png||gpt_comp_s2w_43195_v4.png,43195,gpt_comp_s2w_43195_v1.png,gpt_comp_s2w_43195_v4.png,A > B,-1,2,0,no,2025-11-03T01:15:52.994682+00:00,T000308,43195::gpt_comp_s2w_43195_v1.png>>gpt_comp_s2w_43195_v4.png::T000308,,6615,1296,626
43195::gpt_comp_s2w_43195_v2.png||gpt_comp_s2w_43195_v3.png,43195,gpt_comp_s2w_43195_v2.png,gpt_comp_s2w_43195_v3.png,A < B,1,3,0,no,2025-11-03T01:16:05.065182+00:00,T000309,43195::gpt_comp_s2w_43195_v2.png>>gpt_comp_s2w_43195_v3.png::T000309,,7538,1296,626
43195::gpt_comp_s2w_43195_v2.png||gpt_comp_s2w_43195_v4.png,43195,gpt_comp_s2w_43195_v2.png,gpt_comp_s2w_43195_v4.png,A < B,1,3,0,no,2025-11-03T01:16:13.275022+00:00,T000310,43195::gpt_comp_s2w_43195_v2.png>>gpt_comp_s2w_43195_v4.png::T000310,,6151,1296,626
43195::gpt_comp_s2w_43195_v3.png||gpt_comp_s2w_43195_v4.png,43195,gpt_comp_s2w_43195_v3.png,gpt_comp_s2w_43195_v4.png,A > B,-1,2,0,no,2025-11-03T01:15:44.179788+00:00,T000311,43195::gpt_comp_s2w_43195_v3.png>>gpt_comp_s2w_43195_v4.png::T000311,,14183,1296,626
43768::gemini_comp_s2w_43768_v1.png||gemini_comp_s2w_43768_v2.png,43768,gemini_comp_s2w_43768_v1.png,gemini_comp_s2w_43768_v2.png,A >> B,-2,1,0,no,2025-11-03T01:17:08.038458+00:00,T000312,43768::gemini_comp_s2w_43768_v1.png>>gemini_comp_s2w_43768_v2.png::T000312,,8080,1296,626
43768::gemini_comp_s2w_43768_v1.png||gemini_comp_s2w_43768_v3.png,43768,gemini_comp_s2w_43768_v1.png,gemini_comp_s2w_43768_v3.png,A >> B,-2,1,0,no,2025-11-03T01:17:13.909171+00:00,T000313,43768::gemini_comp_s2w_43768_v1.png>>gemini_comp_s2w_43768_v3.png::T000313,,3706,1296,626
43768::gemini_comp_s2w_43768_v1.png||gemini_comp_s2w_43768_v4.png,43768,gemini_comp_s2w_43768_v1.png,gemini_comp_s2w_43768_v4.png,A > B,-1,2,0,no,2025-11-03T01:17:30.772708+00:00,T000314,43768::gemini_comp_s2w_43768_v1.png>>gemini_comp_s2w_43768_v4.png::T000314,,5652,1296,626
43768::gemini_comp_s2w_43768_v2.png||gemini_comp_s2w_43768_v3.png,43768,gemini_comp_s2w_43768_v2.png,gemini_comp_s2w_43768_v3.png,A > B,-1,2,0,no,2025-11-03T01:17:21.663502+00:00,T000315,43768::gemini_comp_s2w_43768_v2.png>>gemini_comp_s2w_43768_v3.png::T000315,,4573,1296,626
43768::gemini_comp_s2w_43768_v2.png||gemini_comp_s2w_43768_v4.png,43768,gemini_comp_s2w_43768_v2.png,gemini_comp_s2w_43768_v4.png,A < B,1,3,0,no,2025-11-03T01:17:39.293713+00:00,T000316,43768::gemini_comp_s2w_43768_v2.png>>gemini_comp_s2w_43768_v4.png::T000316,,5890,1296,626
43768::gemini_comp_s2w_43768_v3.png||gemini_comp_s2w_43768_v4.png,43768,gemini_comp_s2w_43768_v3.png,gemini_comp_s2w_43768_v4.png,A < B,1,3,0,no,2025-11-03T01:16:55.592782+00:00,T000317,43768::gemini_comp_s2w_43768_v3.png>>gemini_comp_s2w_43768_v4.png::T000317,,32171,1296,626
44186::gemini_comp_s2w_44186_v1.png||gemini_comp_s2w_44186_v2.png,44186,gemini_comp_s2w_44186_v1.png,gemini_comp_s2w_44186_v2.png,A < B,1,3,0,no,2025-11-03T01:18:14.552892+00:00,T000318,44186::gemini_comp_s2w_44186_v1.png>>gemini_comp_s2w_44186_v2.png::T000318,,18722,1296,626
44186::gemini_comp_s2w_44186_v1.png||gemini_comp_s2w_44186_v3.png,44186,gemini_comp_s2w_44186_v1.png,gemini_comp_s2w_44186_v3.png,A >> B,-2,1,0,no,2025-11-03T01:17:50.241262+00:00,T000319,44186::gemini_comp_s2w_44186_v1.png>>gemini_comp_s2w_44186_v3.png::T000319,,8078,1296,626
44186::gemini_comp_s2w_44186_v1.png||gemini_comp_s2w_44186_v4.png,44186,gemini_comp_s2w_44186_v1.png,gemini_comp_s2w_44186_v4.png,A >> B,-2,"2,1",1,no,2025-11-03T01:19:01.654044+00:00,T000320,44186::gemini_comp_s2w_44186_v1.png>>gemini_comp_s2w_44186_v4.png::T000320,,2461,1296,626
44186::gemini_comp_s2w_44186_v2.png||gemini_comp_s2w_44186_v3.png,44186,gemini_comp_s2w_44186_v2.png,gemini_comp_s2w_44186_v3.png,A >> B,-2,1,0,no,2025-11-03T01:18:34.208220+00:00,T000321,44186::gemini_comp_s2w_44186_v2.png>>gemini_comp_s2w_44186_v3.png::T000321,,2632,1296,626
44186::gemini_comp_s2w_44186_v2.png||gemini_comp_s2w_44186_v4.png,44186,gemini_comp_s2w_44186_v2.png,gemini_comp_s2w_44186_v4.png,A >> B,-2,1,0,no,2025-11-03T01:18:52.912001+00:00,T000322,44186::gemini_comp_s2w_44186_v2.png>>gemini_comp_s2w_44186_v4.png::T000322,,9094,1296,626
44186::gemini_comp_s2w_44186_v3.png||gemini_comp_s2w_44186_v4.png,44186,gemini_comp_s2w_44186_v3.png,gemini_comp_s2w_44186_v4.png,A << B,2,4,0,no,2025-11-03T01:18:41.281084+00:00,T000323,44186::gemini_comp_s2w_44186_v3.png>>gemini_comp_s2w_44186_v4.png::T000323,,3122,1296,626
45556::gpt_comp_s2w_45556_v1.png||gpt_comp_s2w_45556_v2.png,45556,gpt_comp_s2w_45556_v1.png,gpt_comp_s2w_45556_v2.png,A > B,-1,2,0,no,2025-11-03T01:20:20.865919+00:00,T000324,45556::gpt_comp_s2w_45556_v1.png>>gpt_comp_s2w_45556_v2.png::T000324,,26433,1296,626
45556::gpt_comp_s2w_45556_v1.png||gpt_comp_s2w_45556_v3.png,45556,gpt_comp_s2w_45556_v1.png,gpt_comp_s2w_45556_v3.png,A > B,-1,2,0,no,2025-11-03T01:20:25.688232+00:00,T000325,45556::gpt_comp_s2w_45556_v1.png>>gpt_comp_s2w_45556_v3.png::T000325,,2633,1296,626
45556::gpt_comp_s2w_45556_v1.png||gpt_comp_s2w_45556_v4.png,45556,gpt_comp_s2w_45556_v1.png,gpt_comp_s2w_45556_v4.png,A > B,-1,2,0,no,2025-11-03T01:20:43.284877+00:00,T000326,45556::gpt_comp_s2w_45556_v1.png>>gpt_comp_s2w_45556_v4.png::T000326,,2317,1296,626
45556::gpt_comp_s2w_45556_v2.png||gpt_comp_s2w_45556_v3.png,45556,gpt_comp_s2w_45556_v2.png,gpt_comp_s2w_45556_v3.png,A > B,-1,2,0,no,2025-11-03T01:19:34.278863+00:00,T000327,45556::gpt_comp_s2w_45556_v2.png>>gpt_comp_s2w_45556_v3.png::T000327,,21720,1296,626
45556::gpt_comp_s2w_45556_v2.png||gpt_comp_s2w_45556_v4.png,45556,gpt_comp_s2w_45556_v2.png,gpt_comp_s2w_45556_v4.png,A > B,-1,2,0,no,2025-11-03T01:19:45.080825+00:00,T000328,45556::gpt_comp_s2w_45556_v2.png>>gpt_comp_s2w_45556_v4.png::T000328,,5016,1296,626
45556::gpt_comp_s2w_45556_v3.png||gpt_comp_s2w_45556_v4.png,45556,gpt_comp_s2w_45556_v3.png,gpt_comp_s2w_45556_v4.png,A < B,1,3,0,no,2025-11-03T01:19:52.736263+00:00,T000329,45556::gpt_comp_s2w_45556_v3.png>>gpt_comp_s2w_45556_v4.png::T000329,,5504,1296,626
46783::gpt_comp_s2w_46783_v1.png||gpt_comp_s2w_46783_v2.png,46783,gpt_comp_s2w_46783_v1.png,gpt_comp_s2w_46783_v2.png,A << B,2,4,0,no,2025-11-03T01:21:53.049889+00:00,T000330,46783::gpt_comp_s2w_46783_v1.png>>gpt_comp_s2w_46783_v2.png::T000330,,8386,1296,626
46783::gpt_comp_s2w_46783_v1.png||gpt_comp_s2w_46783_v3.png,46783,gpt_comp_s2w_46783_v1.png,gpt_comp_s2w_46783_v3.png,A << B,2,4,0,no,2025-11-03T01:21:23.615453+00:00,T000331,46783::gpt_comp_s2w_46783_v1.png>>gpt_comp_s2w_46783_v3.png::T000331,,6069,1296,626
46783::gpt_comp_s2w_46783_v1.png||gpt_comp_s2w_46783_v4.png,46783,gpt_comp_s2w_46783_v1.png,gpt_comp_s2w_46783_v4.png,A << B,2,4,0,no,2025-11-03T01:20:59.476840+00:00,T000332,46783::gpt_comp_s2w_46783_v1.png>>gpt_comp_s2w_46783_v4.png::T000332,,13970,1296,626
46783::gpt_comp_s2w_46783_v2.png||gpt_comp_s2w_46783_v3.png,46783,gpt_comp_s2w_46783_v2.png,gpt_comp_s2w_46783_v3.png,A < B,1,"3,4,3",2,no,2025-11-03T01:21:42.117286+00:00,T000333,46783::gpt_comp_s2w_46783_v2.png>>gpt_comp_s2w_46783_v3.png::T000333,,2016,1296,626
46783::gpt_comp_s2w_46783_v2.png||gpt_comp_s2w_46783_v4.png,46783,gpt_comp_s2w_46783_v2.png,gpt_comp_s2w_46783_v4.png,A < B,1,3,0,no,2025-11-03T01:21:15.636242+00:00,T000334,46783::gpt_comp_s2w_46783_v2.png>>gpt_comp_s2w_46783_v4.png::T000334,,12974,1296,626
46783::gpt_comp_s2w_46783_v3.png||gpt_comp_s2w_46783_v4.png,46783,gpt_comp_s2w_46783_v3.png,gpt_comp_s2w_46783_v4.png,A > B,-1,2,0,no,2025-11-03T01:22:01.006902+00:00,T000335,46783::gpt_comp_s2w_46783_v3.png>>gpt_comp_s2w_46783_v4.png::T000335,,6126,1296,626
47573::gpt_comp_s2w_47573_v1.png||gpt_comp_s2w_47573_v2.png,47573,gpt_comp_s2w_47573_v1.png,gpt_comp_s2w_47573_v2.png,A < B,1,"2,3",1,no,2025-11-03T01:23:09.426373+00:00,T000336,47573::gpt_comp_s2w_47573_v1.png>>gpt_comp_s2w_47573_v2.png::T000336,,4350,1296,626
47573::gpt_comp_s2w_47573_v1.png||gpt_comp_s2w_47573_v3.png,47573,gpt_comp_s2w_47573_v1.png,gpt_comp_s2w_47573_v3.png,A << B,2,4,0,no,2025-11-03T01:22:56.193178+00:00,T000337,47573::gpt_comp_s2w_47573_v1.png>>gpt_comp_s2w_47573_v3.png::T000337,,3451,1296,626
47573::gpt_comp_s2w_47573_v1.png||gpt_comp_s2w_47573_v4.png,47573,gpt_comp_s2w_47573_v1.png,gpt_comp_s2w_47573_v4.png,A << B,2,4,0,no,2025-11-03T01:22:51.214059+00:00,T000338,47573::gpt_comp_s2w_47573_v1.png>>gpt_comp_s2w_47573_v4.png::T000338,,5223,1296,626
47573::gpt_comp_s2w_47573_v2.png||gpt_comp_s2w_47573_v3.png,47573,gpt_comp_s2w_47573_v2.png,gpt_comp_s2w_47573_v3.png,A << B,2,4,0,no,2025-11-03T01:23:17.841523+00:00,T000339,47573::gpt_comp_s2w_47573_v2.png>>gpt_comp_s2w_47573_v3.png::T000339,,5911,1296,626
47573::gpt_comp_s2w_47573_v2.png||gpt_comp_s2w_47573_v4.png,47573,gpt_comp_s2w_47573_v2.png,gpt_comp_s2w_47573_v4.png,A << B,2,4,0,no,2025-11-03T01:22:43.467298+00:00,T000340,47573::gpt_comp_s2w_47573_v2.png>>gpt_comp_s2w_47573_v4.png::T000340,,11032,1296,626
47573::gpt_comp_s2w_47573_v3.png||gpt_comp_s2w_47573_v4.png,47573,gpt_comp_s2w_47573_v3.png,gpt_comp_s2w_47573_v4.png,A > B,-1,2,0,no,2025-11-03T01:22:25.455181+00:00,T000341,47573::gpt_comp_s2w_47573_v3.png>>gpt_comp_s2w_47573_v4.png::T000341,,21338,1296,626
49070::gpt_comp_s2w_49070_v1.png||gpt_comp_s2w_49070_v2.png,49070,gpt_comp_s2w_49070_v1.png,gpt_comp_s2w_49070_v2.png,A >> B,-2,"2,1",1,no,2025-11-03T01:24:14.353328+00:00,T000342,49070::gpt_comp_s2w_49070_v1.png>>gpt_comp_s2w_49070_v2.png::T000342,,2111,1296,626
49070::gpt_comp_s2w_49070_v1.png||gpt_comp_s2w_49070_v3.png,49070,gpt_comp_s2w_49070_v1.png,gpt_comp_s2w_49070_v3.png,A > B,-1,"1,2",1,no,2025-11-03T01:24:48.955754+00:00,T000343,49070::gpt_comp_s2w_49070_v1.png>>gpt_comp_s2w_49070_v3.png::T000343,,2826,1296,626
49070::gpt_comp_s2w_49070_v1.png||gpt_comp_s2w_49070_v4.png,49070,gpt_comp_s2w_49070_v1.png,gpt_comp_s2w_49070_v4.png,A >> B,-2,1,0,no,2025-11-03T01:25:08.526244+00:00,T000344,49070::gpt_comp_s2w_49070_v1.png>>gpt_comp_s2w_49070_v4.png::T000344,,8562,1296,626
49070::gpt_comp_s2w_49070_v2.png||gpt_comp_s2w_49070_v3.png,49070,gpt_comp_s2w_49070_v2.png,gpt_comp_s2w_49070_v3.png,A < B,1,3,0,no,2025-11-03T01:24:57.160851+00:00,T000345,49070::gpt_comp_s2w_49070_v2.png>>gpt_comp_s2w_49070_v3.png::T000345,,5467,1296,626
49070::gpt_comp_s2w_49070_v2.png||gpt_comp_s2w_49070_v4.png,49070,gpt_comp_s2w_49070_v2.png,gpt_comp_s2w_49070_v4.png,A > B,-1,2,0,no,2025-11-03T01:23:57.023772+00:00,T000346,49070::gpt_comp_s2w_49070_v2.png>>gpt_comp_s2w_49070_v4.png::T000346,,37166,1296,626
49070::gpt_comp_s2w_49070_v3.png||gpt_comp_s2w_49070_v4.png,49070,gpt_comp_s2w_49070_v3.png,gpt_comp_s2w_49070_v4.png,A > B,-1,2,0,no,2025-11-03T01:25:14.022694+00:00,T000347,49070::gpt_comp_s2w_49070_v3.png>>gpt_comp_s2w_49070_v4.png::T000347,,3177,1296,626
49428::gemini_comp_s2w_49428_v1.png||gemini_comp_s2w_49428_v2.png,49428,gemini_comp_s2w_49428_v1.png,gemini_comp_s2w_49428_v2.png,A > B,-1,2,0,no,2025-11-03T01:26:29.810751+00:00,T000348,49428::gemini_comp_s2w_49428_v1.png>>gemini_comp_s2w_49428_v2.png::T000348,,3554,1296,626
49428::gemini_comp_s2w_49428_v1.png||gemini_comp_s2w_49428_v3.png,49428,gemini_comp_s2w_49428_v1.png,gemini_comp_s2w_49428_v3.png,A < B,1,3,0,no,2025-11-03T01:25:37.477543+00:00,T000349,49428::gemini_comp_s2w_49428_v1.png>>gemini_comp_s2w_49428_v3.png::T000349,,19935,1296,626
49428::gemini_comp_s2w_49428_v1.png||gemini_comp_s2w_49428_v4.png,49428,gemini_comp_s2w_49428_v1.png,gemini_comp_s2w_49428_v4.png,A < B,1,"2,3",1,no,2025-11-03T01:26:45.385287+00:00,T000350,49428::gemini_comp_s2w_49428_v1.png>>gemini_comp_s2w_49428_v4.png::T000350,,2741,1296,626
49428::gemini_comp_s2w_49428_v2.png||gemini_comp_s2w_49428_v3.png,49428,gemini_comp_s2w_49428_v2.png,gemini_comp_s2w_49428_v3.png,A < B,1,3,0,no,2025-11-03T01:26:52.460262+00:00,T000351,49428::gemini_comp_s2w_49428_v2.png>>gemini_comp_s2w_49428_v3.png::T000351,,4327,1296,626
49428::gemini_comp_s2w_49428_v2.png||gemini_comp_s2w_49428_v4.png,49428,gemini_comp_s2w_49428_v2.png,gemini_comp_s2w_49428_v4.png,A < B,1,3,0,no,2025-11-03T01:26:02.841468+00:00,T000352,49428::gemini_comp_s2w_49428_v2.png>>gemini_comp_s2w_49428_v4.png::T000352,,13532,1296,626
49428::gemini_comp_s2w_49428_v3.png||gemini_comp_s2w_49428_v4.png,49428,gemini_comp_s2w_49428_v3.png,gemini_comp_s2w_49428_v4.png,A > B,-1,2,0,no,2025-11-03T01:26:57.725494+00:00,T000353,49428::gemini_comp_s2w_49428_v3.png>>gemini_comp_s2w_49428_v4.png::T000353,,2272,1296,626
50565::gpt_comp_s2w_50565_v1.png||gpt_comp_s2w_50565_v2.png,50565,gpt_comp_s2w_50565_v1.png,gpt_comp_s2w_50565_v2.png,A > B,-1,"1,2",1,no,2025-11-03T01:28:45.316919+00:00,T000354,50565::gpt_comp_s2w_50565_v1.png>>gpt_comp_s2w_50565_v2.png::T000354,,3471,1296,626
50565::gpt_comp_s2w_50565_v1.png||gpt_comp_s2w_50565_v3.png,50565,gpt_comp_s2w_50565_v1.png,gpt_comp_s2w_50565_v3.png,A >> B,-2,1,0,no,2025-11-03T01:27:45.084852+00:00,T000355,50565::gpt_comp_s2w_50565_v1.png>>gpt_comp_s2w_50565_v3.png::T000355,,9828,1296,626
50565::gpt_comp_s2w_50565_v1.png||gpt_comp_s2w_50565_v4.png,50565,gpt_comp_s2w_50565_v1.png,gpt_comp_s2w_50565_v4.png,A >> B,-2,1,0,no,2025-11-03T01:27:50.238752+00:00,T000356,50565::gpt_comp_s2w_50565_v1.png>>gpt_comp_s2w_50565_v4.png::T000356,,2909,1296,626
50565::gpt_comp_s2w_50565_v2.png||gpt_comp_s2w_50565_v3.png,50565,gpt_comp_s2w_50565_v2.png,gpt_comp_s2w_50565_v3.png,A > B,-1,2,0,no,2025-11-03T01:27:59.776406+00:00,T000357,50565::gpt_comp_s2w_50565_v2.png>>gpt_comp_s2w_50565_v3.png::T000357,,7498,1296,626
50565::gpt_comp_s2w_50565_v2.png||gpt_comp_s2w_50565_v4.png,50565,gpt_comp_s2w_50565_v2.png,gpt_comp_s2w_50565_v4.png,A < B,1,3,0,no,2025-11-03T01:27:22.953897+00:00,T000358,50565::gpt_comp_s2w_50565_v2.png>>gpt_comp_s2w_50565_v4.png::T000358,,22803,1296,626
50565::gpt_comp_s2w_50565_v3.png||gpt_comp_s2w_50565_v4.png,50565,gpt_comp_s2w_50565_v3.png,gpt_comp_s2w_50565_v4.png,A < B,1,3,0,no,2025-11-03T01:27:33.234165+00:00,T000359,50565::gpt_comp_s2w_50565_v3.png>>gpt_comp_s2w_50565_v4.png::T000359,,1956,1296,626
51339::gpt_comp_s2w_51339_v1.png||gpt_comp_s2w_51339_v2.png,51339,gpt_comp_s2w_51339_v1.png,gpt_comp_s2w_51339_v2.png,A << B,2,4,0,no,2025-11-03T01:29:03.363001+00:00,T000360,51339::gpt_comp_s2w_51339_v1.png>>gpt_comp_s2w_51339_v2.png::T000360,,12867,1296,626
51339::gpt_comp_s2w_51339_v1.png||gpt_comp_s2w_51339_v3.png,51339,gpt_comp_s2w_51339_v1.png,gpt_comp_s2w_51339_v3.png,A >> B,-2,"2,1",1,no,2025-11-03T01:29:32.717820+00:00,T000361,51339::gpt_comp_s2w_51339_v1.png>>gpt_comp_s2w_51339_v3.png::T000361,,2479,1296,626
51339::gpt_comp_s2w_51339_v1.png||gpt_comp_s2w_51339_v4.png,51339,gpt_comp_s2w_51339_v1.png,gpt_comp_s2w_51339_v4.png,A << B,2,4,0,no,2025-11-03T01:29:19.929789+00:00,T000362,51339::gpt_comp_s2w_51339_v1.png>>gpt_comp_s2w_51339_v4.png::T000362,,6076,1296,626
51339::gpt_comp_s2w_51339_v2.png||gpt_comp_s2w_51339_v3.png,51339,gpt_comp_s2w_51339_v2.png,gpt_comp_s2w_51339_v3.png,A >> B,-2,1,0,no,2025-11-03T01:29:11.159240+00:00,T000363,51339::gpt_comp_s2w_51339_v2.png>>gpt_comp_s2w_51339_v3.png::T000363,,3960,1296,626
51339::gpt_comp_s2w_51339_v2.png||gpt_comp_s2w_51339_v4.png,51339,gpt_comp_s2w_51339_v2.png,gpt_comp_s2w_51339_v4.png,A < B,1,3,0,no,2025-11-03T01:29:39.695795+00:00,T000364,51339::gpt_comp_s2w_51339_v2.png>>gpt_comp_s2w_51339_v4.png::T000364,,4827,1296,626
51339::gpt_comp_s2w_51339_v3.png||gpt_comp_s2w_51339_v4.png,51339,gpt_comp_s2w_51339_v3.png,gpt_comp_s2w_51339_v4.png,A << B,2,4,0,no,2025-11-03T01:29:43.896647+00:00,T000365,51339::gpt_comp_s2w_51339_v3.png>>gpt_comp_s2w_51339_v4.png::T000365,,2005,1296,626
52014::gpt_comp_s2w_52014_v1.png||gpt_comp_s2w_52014_v2.png,52014,gpt_comp_s2w_52014_v1.png,gpt_comp_s2w_52014_v2.png,A < B,1,3,0,no,2025-11-03T01:30:25.400344+00:00,T000366,52014::gpt_comp_s2w_52014_v1.png>>gpt_comp_s2w_52014_v2.png::T000366,,11126,1296,626
52014::gpt_comp_s2w_52014_v1.png||gpt_comp_s2w_52014_v3.png,52014,gpt_comp_s2w_52014_v1.png,gpt_comp_s2w_52014_v3.png,A > B,-1,"3,2",1,no,2025-11-03T01:30:45.646033+00:00,T000367,52014::gpt_comp_s2w_52014_v1.png>>gpt_comp_s2w_52014_v3.png::T000367,,1189,1296,626
52014::gpt_comp_s2w_52014_v1.png||gpt_comp_s2w_52014_v4.png,52014,gpt_comp_s2w_52014_v1.png,gpt_comp_s2w_52014_v4.png,A > B,-1,2,0,no,2025-11-03T01:30:53.096052+00:00,T000368,52014::gpt_comp_s2w_52014_v1.png>>gpt_comp_s2w_52014_v4.png::T000368,,2886,1296,626
52014::gpt_comp_s2w_52014_v2.png||gpt_comp_s2w_52014_v3.png,52014,gpt_comp_s2w_52014_v2.png,gpt_comp_s2w_52014_v3.png,A > B,-1,2,0,no,2025-11-03T01:31:00.213228+00:00,T000369,52014::gpt_comp_s2w_52014_v2.png>>gpt_comp_s2w_52014_v3.png::T000369,,4044,1296,626
52014::gpt_comp_s2w_52014_v2.png||gpt_comp_s2w_52014_v4.png,52014,gpt_comp_s2w_52014_v2.png,gpt_comp_s2w_52014_v4.png,A >> B,-2,1,0,no,2025-11-03T01:30:29.269246+00:00,T000370,52014::gpt_comp_s2w_52014_v2.png>>gpt_comp_s2w_52014_v4.png::T000370,,1890,1296,626
52014::gpt_comp_s2w_52014_v3.png||gpt_comp_s2w_52014_v4.png,52014,gpt_comp_s2w_52014_v3.png,gpt_comp_s2w_52014_v4.png,A > B,-1,2,0,no,2025-11-03T01:30:10.295363+00:00,T000371,52014::gpt_comp_s2w_52014_v3.png>>gpt_comp_s2w_52014_v4.png::T000371,,24706,1296,626
53497::gemini_comp_s2w_53497_v1.png||gemini_comp_s2w_53497_v2.png,53497,gemini_comp_s2w_53497_v1.png,gemini_comp_s2w_53497_v2.png,A << B,2,4,0,no,2025-11-03T01:32:25.275462+00:00,T000372,53497::gemini_comp_s2w_53497_v1.png>>gemini_comp_s2w_53497_v2.png::T000372,,4648,1296,626
53497::gemini_comp_s2w_53497_v1.png||gemini_comp_s2w_53497_v3.png,53497,gemini_comp_s2w_53497_v1.png,gemini_comp_s2w_53497_v3.png,A < B,1,3,0,no,2025-11-03T01:32:10.560182+00:00,T000373,53497::gemini_comp_s2w_53497_v1.png>>gemini_comp_s2w_53497_v3.png::T000373,,11932,1296,626
53497::gemini_comp_s2w_53497_v1.png||gemini_comp_s2w_53497_v4.png,53497,gemini_comp_s2w_53497_v1.png,gemini_comp_s2w_53497_v4.png,A << B,2,4,0,no,2025-11-03T01:32:18.192230+00:00,T000374,53497::gemini_comp_s2w_53497_v1.png>>gemini_comp_s2w_53497_v4.png::T000374,,4084,1296,626
53497::gemini_comp_s2w_53497_v2.png||gemini_comp_s2w_53497_v3.png,53497,gemini_comp_s2w_53497_v2.png,gemini_comp_s2w_53497_v3.png,A >> B,-2,"2,1",1,no,2025-11-03T01:31:32.600994+00:00,T000375,53497::gemini_comp_s2w_53497_v2.png>>gemini_comp_s2w_53497_v3.png::T000375,,393,1296,626
53497::gemini_comp_s2w_53497_v2.png||gemini_comp_s2w_53497_v4.png,53497,gemini_comp_s2w_53497_v2.png,gemini_comp_s2w_53497_v4.png,A >> B,-2,"2,1",1,no,2025-11-03T01:31:56.509143+00:00,T000376,53497::gemini_comp_s2w_53497_v2.png>>gemini_comp_s2w_53497_v4.png::T000376,,4901,1296,626
53497::gemini_comp_s2w_53497_v3.png||gemini_comp_s2w_53497_v4.png,53497,gemini_comp_s2w_53497_v3.png,gemini_comp_s2w_53497_v4.png,A < B,1,3,0,no,2025-11-03T01:32:33.582733+00:00,T000377,53497::gemini_comp_s2w_53497_v3.png>>gemini_comp_s2w_53497_v4.png::T000377,,6337,1296,626
54988::gpt_comp_s2w_54988_v1.png||gpt_comp_s2w_54988_v2.png,54988,gpt_comp_s2w_54988_v1.png,gpt_comp_s2w_54988_v2.png,A < B,1,"4,3",1,no,2025-11-03T01:33:19.523640+00:00,T000378,54988::gpt_comp_s2w_54988_v1.png>>gpt_comp_s2w_54988_v2.png::T000378,,674,1296,626
54988::gpt_comp_s2w_54988_v1.png||gpt_comp_s2w_54988_v3.png,54988,gpt_comp_s2w_54988_v1.png,gpt_comp_s2w_54988_v3.png,A < B,1,3,0,no,2025-11-03T01:32:48.753176+00:00,T000379,54988::gpt_comp_s2w_54988_v1.png>>gpt_comp_s2w_54988_v3.png::T000379,,12507,1296,626
54988::gpt_comp_s2w_54988_v1.png||gpt_comp_s2w_54988_v4.png,54988,gpt_comp_s2w_54988_v1.png,gpt_comp_s2w_54988_v4.png,A < B,1,3,0,no,2025-11-03T01:33:13.778693+00:00,T000380,54988::gpt_comp_s2w_54988_v1.png>>gpt_comp_s2w_54988_v4.png::T000380,,4134,1296,626
54988::gpt_comp_s2w_54988_v2.png||gpt_comp_s2w_54988_v3.png,54988,gpt_comp_s2w_54988_v2.png,gpt_comp_s2w_54988_v3.png,A > B,-1,2,0,no,2025-11-03T01:33:25.663670+00:00,T000381,54988::gpt_comp_s2w_54988_v2.png>>gpt_comp_s2w_54988_v3.png::T000381,,2301,1296,626
54988::gpt_comp_s2w_54988_v2.png||gpt_comp_s2w_54988_v4.png,54988,gpt_comp_s2w_54988_v2.png,gpt_comp_s2w_54988_v4.png,A > B,-1,"1,2",1,no,2025-11-03T01:33:01.524038+00:00,T000382,54988::gpt_comp_s2w_54988_v2.png>>gpt_comp_s2w_54988_v4.png::T000382,,1348,1296,626
54988::gpt_comp_s2w_54988_v3.png||gpt_comp_s2w_54988_v4.png,54988,gpt_comp_s2w_54988_v3.png,gpt_comp_s2w_54988_v4.png,A > B,-1,2,0,no,2025-11-03T01:33:07.040041+00:00,T000383,54988::gpt_comp_s2w_54988_v3.png>>gpt_comp_s2w_54988_v4.png::T000383,,2230,1296,626
55305::gpt_comp_s2w_55305_v1.png||gpt_comp_s2w_55305_v2.png,55305,gpt_comp_s2w_55305_v1.png,gpt_comp_s2w_55305_v2.png,A > B,-1,2,0,no,2025-11-03T01:34:20.182154+00:00,T000384,55305::gpt_comp_s2w_55305_v1.png>>gpt_comp_s2w_55305_v2.png::T000384,,9550,1296,626
55305::gpt_comp_s2w_55305_v1.png||gpt_comp_s2w_55305_v3.png,55305,gpt_comp_s2w_55305_v1.png,gpt_comp_s2w_55305_v3.png,A < B,1,3,0,no,2025-11-03T01:34:00.226773+00:00,T000385,55305::gpt_comp_s2w_55305_v1.png>>gpt_comp_s2w_55305_v3.png::T000385,,20216,1296,626
55305::gpt_comp_s2w_55305_v1.png||gpt_comp_s2w_55305_v4.png,55305,gpt_comp_s2w_55305_v1.png,gpt_comp_s2w_55305_v4.png,A << B,2,4,0,no,2025-11-03T01:34:08.644882+00:00,T000386,55305::gpt_comp_s2w_55305_v1.png>>gpt_comp_s2w_55305_v4.png::T000386,,4429,1296,626
55305::gpt_comp_s2w_55305_v2.png||gpt_comp_s2w_55305_v3.png,55305,gpt_comp_s2w_55305_v2.png,gpt_comp_s2w_55305_v3.png,A < B,1,3,0,no,2025-11-03T01:34:32.570103+00:00,T000387,55305::gpt_comp_s2w_55305_v2.png>>gpt_comp_s2w_55305_v3.png::T000387,,2282,1296,626
55305::gpt_comp_s2w_55305_v2.png||gpt_comp_s2w_55305_v4.png,55305,gpt_comp_s2w_55305_v2.png,gpt_comp_s2w_55305_v4.png,A << B,2,4,0,no,2025-11-03T01:34:43.867284+00:00,T000388,55305::gpt_comp_s2w_55305_v2.png>>gpt_comp_s2w_55305_v4.png::T000388,,3616,1296,626
55305::gpt_comp_s2w_55305_v3.png||gpt_comp_s2w_55305_v4.png,55305,gpt_comp_s2w_55305_v3.png,gpt_comp_s2w_55305_v4.png,A < B,1,3,0,no,2025-11-03T01:34:27.685326+00:00,T000389,55305::gpt_comp_s2w_55305_v3.png>>gpt_comp_s2w_55305_v4.png::T000389,,5333,1296,626
5651::gpt_comp_s2w_5651_v1.png||gpt_comp_s2w_5651_v2.png,5651,gpt_comp_s2w_5651_v1.png,gpt_comp_s2w_5651_v2.png,A << B,2,4,0,no,2025-11-03T01:35:37.834123+00:00,T000390,5651::gpt_comp_s2w_5651_v1.png>>gpt_comp_s2w_5651_v2.png::T000390,,4066,1296,626
5651::gpt_comp_s2w_5651_v1.png||gpt_comp_s2w_5651_v3.png,5651,gpt_comp_s2w_5651_v1.png,gpt_comp_s2w_5651_v3.png,A << B,2,4,0,no,2025-11-03T01:35:49.346852+00:00,T000391,5651::gpt_comp_s2w_5651_v1.png>>gpt_comp_s2w_5651_v3.png::T000391,,2057,1296,626
5651::gpt_comp_s2w_5651_v1.png||gpt_comp_s2w_5651_v4.png,5651,gpt_comp_s2w_5651_v1.png,gpt_comp_s2w_5651_v4.png,A << B,2,"3,4",1,no,2025-11-03T01:35:13.216747+00:00,T000392,5651::gpt_comp_s2w_5651_v1.png>>gpt_comp_s2w_5651_v4.png::T000392,,12434,1296,626
5651::gpt_comp_s2w_5651_v2.png||gpt_comp_s2w_5651_v3.png,5651,gpt_comp_s2w_5651_v2.png,gpt_comp_s2w_5651_v3.png,A < B,1,3,0,no,2025-11-03T01:35:31.566136+00:00,T000393,5651::gpt_comp_s2w_5651_v2.png>>gpt_comp_s2w_5651_v3.png::T000393,,12228,1296,626
5651::gpt_comp_s2w_5651_v2.png||gpt_comp_s2w_5651_v4.png,5651,gpt_comp_s2w_5651_v2.png,gpt_comp_s2w_5651_v4.png,A < B,1,3,0,no,2025-11-03T01:36:12.518143+00:00,T000394,5651::gpt_comp_s2w_5651_v2.png>>gpt_comp_s2w_5651_v4.png::T000394,,14946,1296,626
5651::gpt_comp_s2w_5651_v3.png||gpt_comp_s2w_5651_v4.png,5651,gpt_comp_s2w_5651_v3.png,gpt_comp_s2w_5651_v4.png,A > B,-1,2,0,no,2025-11-03T01:35:43.622069+00:00,T000395,5651::gpt_comp_s2w_5651_v3.png>>gpt_comp_s2w_5651_v4.png::T000395,,3051,1296,626
56961::gpt_comp_s2w_56961_v1.png||gpt_comp_s2w_56961_v2.png,56961,gpt_comp_s2w_56961_v1.png,gpt_comp_s2w_56961_v2.png,A > B,-1,2,0,no,2025-11-03T01:36:59.893684+00:00,T000396,56961::gpt_comp_s2w_56961_v1.png>>gpt_comp_s2w_56961_v2.png::T000396,,6256,1296,626
56961::gpt_comp_s2w_56961_v1.png||gpt_comp_s2w_56961_v3.png,56961,gpt_comp_s2w_56961_v1.png,gpt_comp_s2w_56961_v3.png,A >> B,-2,"2,1",1,no,2025-11-03T01:37:10.868216+00:00,T000397,56961::gpt_comp_s2w_56961_v1.png>>gpt_comp_s2w_56961_v3.png::T000397,,5651,1296,626
56961::gpt_comp_s2w_56961_v1.png||gpt_comp_s2w_56961_v4.png,56961,gpt_comp_s2w_56961_v1.png,gpt_comp_s2w_56961_v4.png,A >> B,-2,1,0,no,2025-11-03T01:36:42.383130+00:00,T000398,56961::gpt_comp_s2w_56961_v1.png>>gpt_comp_s2w_56961_v4.png::T000398,,5095,1296,626
56961::gpt_comp_s2w_56961_v2.png||gpt_comp_s2w_56961_v3.png,56961,gpt_comp_s2w_56961_v2.png,gpt_comp_s2w_56961_v3.png,A < B,1,3,0,no,2025-11-03T01:36:32.260648+00:00,T000399,56961::gpt_comp_s2w_56961_v2.png>>gpt_comp_s2w_56961_v3.png::T000399,,16429,1296,626
56961::gpt_comp_s2w_56961_v2.png||gpt_comp_s2w_56961_v4.png,56961,gpt_comp_s2w_56961_v2.png,gpt_comp_s2w_56961_v4.png,A >> B,-2,1,0,no,2025-11-03T01:36:51.394983+00:00,T000400,56961::gpt_comp_s2w_56961_v2.png>>gpt_comp_s2w_56961_v4.png::T000400,,6231,1296,626
56961::gpt_comp_s2w_56961_v3.png||gpt_comp_s2w_56961_v4.png,56961,gpt_comp_s2w_56961_v3.png,gpt_comp_s2w_56961_v4.png,A > B,-1,2,0,no,2025-11-03T01:37:20.923442+00:00,T000401,56961::gpt_comp_s2w_56961_v3.png>>gpt_comp_s2w_56961_v4.png::T000401,,6688,1296,626
5763::gpt_comp_s2w_5763_v1.png||gpt_comp_s2w_5763_v2.png,5763,gpt_comp_s2w_5763_v1.png,gpt_comp_s2w_5763_v2.png,A < B,1,3,0,no,2025-11-03T01:38:42.440903+00:00,T000402,5763::gpt_comp_s2w_5763_v1.png>>gpt_comp_s2w_5763_v2.png::T000402,,4123,1296,626
5763::gpt_comp_s2w_5763_v1.png||gpt_comp_s2w_5763_v3.png,5763,gpt_comp_s2w_5763_v1.png,gpt_comp_s2w_5763_v3.png,A << B,2,4,0,no,2025-11-03T01:38:02.152459+00:00,T000403,5763::gpt_comp_s2w_5763_v1.png>>gpt_comp_s2w_5763_v3.png::T000403,,4720,1296,626
5763::gpt_comp_s2w_5763_v1.png||gpt_comp_s2w_5763_v4.png,5763,gpt_comp_s2w_5763_v1.png,gpt_comp_s2w_5763_v4.png,A << B,2,4,0,no,2025-11-03T01:37:55.183162+00:00,T000404,5763::gpt_comp_s2w_5763_v1.png>>gpt_comp_s2w_5763_v4.png::T000404,,3924,1296,626
5763::gpt_comp_s2w_5763_v2.png||gpt_comp_s2w_5763_v3.png,5763,gpt_comp_s2w_5763_v2.png,gpt_comp_s2w_5763_v3.png,A << B,2,"4,3,4",2,no,2025-11-03T01:38:36.630665+00:00,T000405,5763::gpt_comp_s2w_5763_v2.png>>gpt_comp_s2w_5763_v3.png::T000405,,3322,1296,626
5763::gpt_comp_s2w_5763_v2.png||gpt_comp_s2w_5763_v4.png,5763,gpt_comp_s2w_5763_v2.png,gpt_comp_s2w_5763_v4.png,A < B,1,3,0,no,2025-11-03T01:38:19.663900+00:00,T000406,5763::gpt_comp_s2w_5763_v2.png>>gpt_comp_s2w_5763_v4.png::T000406,,15742,1296,626
5763::gpt_comp_s2w_5763_v3.png||gpt_comp_s2w_5763_v4.png,5763,gpt_comp_s2w_5763_v3.png,gpt_comp_s2w_5763_v4.png,A < B,1,3,0,no,2025-11-03T01:37:45.599810+00:00,T000407,5763::gpt_comp_s2w_5763_v3.png>>gpt_comp_s2w_5763_v4.png::T000407,,18560,1296,626
57893::gpt_comp_s2w_57893_v1.png||gpt_comp_s2w_57893_v2.png,57893,gpt_comp_s2w_57893_v1.png,gpt_comp_s2w_57893_v2.png,A < B,1,3,0,no,2025-11-03T01:39:55.681458+00:00,T000408,57893::gpt_comp_s2w_57893_v1.png>>gpt_comp_s2w_57893_v2.png::T000408,,6475,1296,626
57893::gpt_comp_s2w_57893_v1.png||gpt_comp_s2w_57893_v3.png,57893,gpt_comp_s2w_57893_v1.png,gpt_comp_s2w_57893_v3.png,A > B,-1,2,0,no,2025-11-03T01:39:07.579067+00:00,T000409,57893::gpt_comp_s2w_57893_v1.png>>gpt_comp_s2w_57893_v3.png::T000409,,22785,1296,626
57893::gpt_comp_s2w_57893_v1.png||gpt_comp_s2w_57893_v4.png,57893,gpt_comp_s2w_57893_v1.png,gpt_comp_s2w_57893_v4.png,A < B,1,3,0,no,2025-11-03T01:39:34.521426+00:00,T000410,57893::gpt_comp_s2w_57893_v1.png>>gpt_comp_s2w_57893_v4.png::T000410,,21251,1296,626
57893::gpt_comp_s2w_57893_v2.png||gpt_comp_s2w_57893_v3.png,57893,gpt_comp_s2w_57893_v2.png,gpt_comp_s2w_57893_v3.png,A > B,-1,2,0,no,2025-11-03T01:40:03.688679+00:00,T000411,57893::gpt_comp_s2w_57893_v2.png>>gpt_comp_s2w_57893_v3.png::T000411,,5177,1296,626
57893::gpt_comp_s2w_57893_v2.png||gpt_comp_s2w_57893_v4.png,57893,gpt_comp_s2w_57893_v2.png,gpt_comp_s2w_57893_v4.png,A > B,-1,"3,2",1,no,2025-11-03T01:39:45.937931+00:00,T000412,57893::gpt_comp_s2w_57893_v2.png>>gpt_comp_s2w_57893_v4.png::T000412,,1125,1296,626
57893::gpt_comp_s2w_57893_v3.png||gpt_comp_s2w_57893_v4.png,57893,gpt_comp_s2w_57893_v3.png,gpt_comp_s2w_57893_v4.png,A < B,1,3,0,no,2025-11-03T01:40:11.070496+00:00,T000413,57893::gpt_comp_s2w_57893_v3.png>>gpt_comp_s2w_57893_v4.png::T000413,,4975,1296,626
58376::gemini_comp_s2w_58376_v1.png||gemini_comp_s2w_58376_v2.png,58376,gemini_comp_s2w_58376_v1.png,gemini_comp_s2w_58376_v2.png,A > B,-1,2,0,no,2025-11-03T01:41:33.019756+00:00,T000414,58376::gemini_comp_s2w_58376_v1.png>>gemini_comp_s2w_58376_v2.png::T000414,,13252,1296,626
58376::gemini_comp_s2w_58376_v1.png||gemini_comp_s2w_58376_v3.png,58376,gemini_comp_s2w_58376_v1.png,gemini_comp_s2w_58376_v3.png,A < B,1,3,0,no,2025-11-03T01:41:08.509279+00:00,T000415,58376::gemini_comp_s2w_58376_v1.png>>gemini_comp_s2w_58376_v3.png::T000415,,11673,1296,626
58376::gemini_comp_s2w_58376_v1.png||gemini_comp_s2w_58376_v4.png,58376,gemini_comp_s2w_58376_v1.png,gemini_comp_s2w_58376_v4.png,A > B,-1,2,0,no,2025-11-03T01:41:39.570997+00:00,T000416,58376::gemini_comp_s2w_58376_v1.png>>gemini_comp_s2w_58376_v4.png::T000416,,4084,1296,626
58376::gemini_comp_s2w_58376_v2.png||gemini_comp_s2w_58376_v3.png,58376,gemini_comp_s2w_58376_v2.png,gemini_comp_s2w_58376_v3.png,A < B,1,3,0,no,2025-11-03T01:41:13.265186+00:00,T000417,58376::gemini_comp_s2w_58376_v2.png>>gemini_comp_s2w_58376_v3.png::T000417,,2704,1296,626
58376::gemini_comp_s2w_58376_v2.png||gemini_comp_s2w_58376_v4.png,58376,gemini_comp_s2w_58376_v2.png,gemini_comp_s2w_58376_v4.png,A > B,-1,"3,2",1,no,2025-11-03T01:40:46.660056+00:00,T000418,58376::gemini_comp_s2w_58376_v2.png>>gemini_comp_s2w_58376_v4.png::T000418,,9531,1296,626
58376::gemini_comp_s2w_58376_v3.png||gemini_comp_s2w_58376_v4.png,58376,gemini_comp_s2w_58376_v3.png,gemini_comp_s2w_58376_v4.png,A > B,-1,2,0,no,2025-11-03T01:41:17.195633+00:00,T000419,58376::gemini_comp_s2w_58376_v3.png>>gemini_comp_s2w_58376_v4.png::T000419,,2392,1296,626
59228::gpt_comp_s2w_59228_v1.png||gpt_comp_s2w_59228_v2.png,59228,gpt_comp_s2w_59228_v1.png,gpt_comp_s2w_59228_v2.png,A > B,-1,2,0,no,2025-11-03T01:42:30.369778+00:00,T000420,59228::gpt_comp_s2w_59228_v1.png>>gpt_comp_s2w_59228_v2.png::T000420,,5568,1296,626
59228::gpt_comp_s2w_59228_v1.png||gpt_comp_s2w_59228_v3.png,59228,gpt_comp_s2w_59228_v1.png,gpt_comp_s2w_59228_v3.png,A < B,1,3,0,no,2025-11-03T01:42:12.254419+00:00,T000421,59228::gpt_comp_s2w_59228_v1.png>>gpt_comp_s2w_59228_v3.png::T000421,,3174,1296,626
59228::gpt_comp_s2w_59228_v1.png||gpt_comp_s2w_59228_v4.png,59228,gpt_comp_s2w_59228_v1.png,gpt_comp_s2w_59228_v4.png,A > B,-1,2,0,no,2025-11-03T01:42:03.113452+00:00,T000422,59228::gpt_comp_s2w_59228_v1.png>>gpt_comp_s2w_59228_v4.png::T000422,,6399,1296,626
59228::gpt_comp_s2w_59228_v2.png||gpt_comp_s2w_59228_v3.png,59228,gpt_comp_s2w_59228_v2.png,gpt_comp_s2w_59228_v3.png,A > B,-1,2,0,no,2025-11-03T01:42:19.062019+00:00,T000423,59228::gpt_comp_s2w_59228_v2.png>>gpt_comp_s2w_59228_v3.png::T000423,,4929,1296,626
59228::gpt_comp_s2w_59228_v2.png||gpt_comp_s2w_59228_v4.png,59228,gpt_comp_s2w_59228_v2.png,gpt_comp_s2w_59228_v4.png,A > B,-1,2,0,no,2025-11-03T01:43:00.645694+00:00,T000424,59228::gpt_comp_s2w_59228_v2.png>>gpt_comp_s2w_59228_v4.png::T000424,,5287,1296,626
59228::gpt_comp_s2w_59228_v3.png||gpt_comp_s2w_59228_v4.png,59228,gpt_comp_s2w_59228_v3.png,gpt_comp_s2w_59228_v4.png,A >> B,-2,1,0,no,2025-11-03T01:41:52.952720+00:00,T000425,59228::gpt_comp_s2w_59228_v3.png>>gpt_comp_s2w_59228_v4.png::T000425,,11203,1296,626
59493::gemini_comp_s2w_59493_v1.png||gemini_comp_s2w_59493_v2.png,59493,gemini_comp_s2w_59493_v1.png,gemini_comp_s2w_59493_v2.png,A > B,-1,2,0,no,2025-11-03T01:43:20.248196+00:00,T000426,59493::gemini_comp_s2w_59493_v1.png>>gemini_comp_s2w_59493_v2.png::T000426,,17291,1296,626
59493::gemini_comp_s2w_59493_v1.png||gemini_comp_s2w_59493_v3.png,59493,gemini_comp_s2w_59493_v1.png,gemini_comp_s2w_59493_v3.png,A > B,-1,2,0,no,2025-11-03T01:43:32.184663+00:00,T000427,59493::gemini_comp_s2w_59493_v1.png>>gemini_comp_s2w_59493_v3.png::T000427,,6218,1296,626
59493::gemini_comp_s2w_59493_v1.png||gemini_comp_s2w_59493_v4.png,59493,gemini_comp_s2w_59493_v1.png,gemini_comp_s2w_59493_v4.png,A > B,-1,2,0,no,2025-11-03T01:44:28.814025+00:00,T000428,59493::gemini_comp_s2w_59493_v1.png>>gemini_comp_s2w_59493_v4.png::T000428,,3487,1296,626
59493::gemini_comp_s2w_59493_v2.png||gemini_comp_s2w_59493_v3.png,59493,gemini_comp_s2w_59493_v2.png,gemini_comp_s2w_59493_v3.png,A > B,-1,2,0,no,2025-11-03T01:43:47.946571+00:00,T000429,59493::gemini_comp_s2w_59493_v2.png>>gemini_comp_s2w_59493_v3.png::T000429,,4022,1296,626
59493::gemini_comp_s2w_59493_v2.png||gemini_comp_s2w_59493_v4.png,59493,gemini_comp_s2w_59493_v2.png,gemini_comp_s2w_59493_v4.png,A > B,-1,"2,2",0,no,2025-11-03T01:44:22.918261+00:00,T000430,59493::gemini_comp_s2w_59493_v2.png>>gemini_comp_s2w_59493_v4.png::T000430,,231,1296,626
59493::gemini_comp_s2w_59493_v3.png||gemini_comp_s2w_59493_v4.png,59493,gemini_comp_s2w_59493_v3.png,gemini_comp_s2w_59493_v4.png,A < B,1,3,0,no,2025-11-03T01:43:42.115980+00:00,T000431,59493::gemini_comp_s2w_59493_v3.png>>gemini_comp_s2w_59493_v4.png::T000431,,7840,1296,626
60062::gemini_comp_s2w_60062_v1.png||gemini_comp_s2w_60062_v2.png,60062,gemini_comp_s2w_60062_v1.png,gemini_comp_s2w_60062_v2.png,A > B,-1,2,0,no,2025-11-03T01:44:59.047873+00:00,T000432,60062::gemini_comp_s2w_60062_v1.png>>gemini_comp_s2w_60062_v2.png::T000432,,9519,1296,626
60062::gemini_comp_s2w_60062_v1.png||gemini_comp_s2w_60062_v3.png,60062,gemini_comp_s2w_60062_v1.png,gemini_comp_s2w_60062_v3.png,A > B,-1,2,0,no,2025-11-03T01:44:43.461211+00:00,T000433,60062::gemini_comp_s2w_60062_v1.png>>gemini_comp_s2w_60062_v3.png::T000433,,12139,1296,626
60062::gemini_comp_s2w_60062_v1.png||gemini_comp_s2w_60062_v4.png,60062,gemini_comp_s2w_60062_v1.png,gemini_comp_s2w_60062_v4.png,A < B,1,3,0,no,2025-11-03T01:45:35.870200+00:00,T000434,60062::gemini_comp_s2w_60062_v1.png>>gemini_comp_s2w_60062_v4.png::T000434,,7312,1296,626
60062::gemini_comp_s2w_60062_v2.png||gemini_comp_s2w_60062_v3.png,60062,gemini_comp_s2w_60062_v2.png,gemini_comp_s2w_60062_v3.png,A > B,-1,2,0,no,2025-11-03T01:45:18.557158+00:00,T000435,60062::gemini_comp_s2w_60062_v2.png>>gemini_comp_s2w_60062_v3.png::T000435,,6882,1296,626
60062::gemini_comp_s2w_60062_v2.png||gemini_comp_s2w_60062_v4.png,60062,gemini_comp_s2w_60062_v2.png,gemini_comp_s2w_60062_v4.png,A < B,1,3,0,no,2025-11-03T01:45:09.288852+00:00,T000436,60062::gemini_comp_s2w_60062_v2.png>>gemini_comp_s2w_60062_v4.png::T000436,,8322,1296,626
60062::gemini_comp_s2w_60062_v3.png||gemini_comp_s2w_60062_v4.png,60062,gemini_comp_s2w_60062_v3.png,gemini_comp_s2w_60062_v4.png,A < B,1,3,0,no,2025-11-03T01:45:25.882513+00:00,T000437,60062::gemini_comp_s2w_60062_v3.png>>gemini_comp_s2w_60062_v4.png::T000437,,5317,1296,626
60089::gemini_comp_s2w_60089_v1.png||gemini_comp_s2w_60089_v2.png,60089,gemini_comp_s2w_60089_v1.png,gemini_comp_s2w_60089_v2.png,A > B,-1,2,0,no,2025-11-03T01:46:33.506882+00:00,T000438,60089::gemini_comp_s2w_60089_v1.png>>gemini_comp_s2w_60089_v2.png::T000438,,9926,1296,626
60089::gemini_comp_s2w_60089_v1.png||gemini_comp_s2w_60089_v3.png,60089,gemini_comp_s2w_60089_v1.png,gemini_comp_s2w_60089_v3.png,A > B,-1,"1,2",1,no,2025-11-03T01:46:02.002968+00:00,T000439,60089::gemini_comp_s2w_60089_v1.png>>gemini_comp_s2w_60089_v3.png::T000439,,3519,1296,626
60089::gemini_comp_s2w_60089_v1.png||gemini_comp_s2w_60089_v4.png,60089,gemini_comp_s2w_60089_v1.png,gemini_comp_s2w_60089_v4.png,A << B,2,4,0,no,2025-11-03T01:47:04.364756+00:00,T000440,60089::gemini_comp_s2w_60089_v1.png>>gemini_comp_s2w_60089_v4.png::T000440,,5442,1296,626
60089::gemini_comp_s2w_60089_v2.png||gemini_comp_s2w_60089_v3.png,60089,gemini_comp_s2w_60089_v2.png,gemini_comp_s2w_60089_v3.png,A > B,-1,2,0,no,2025-11-03T01:46:56.101771+00:00,T000441,60089::gemini_comp_s2w_60089_v2.png>>gemini_comp_s2w_60089_v3.png::T000441,,13839,1296,626
60089::gemini_comp_s2w_60089_v2.png||gemini_comp_s2w_60089_v4.png,60089,gemini_comp_s2w_60089_v2.png,gemini_comp_s2w_60089_v4.png,A < B,1,3,0,no,2025-11-03T01:46:21.133367+00:00,T000442,60089::gemini_comp_s2w_60089_v2.png>>gemini_comp_s2w_60089_v4.png::T000442,,13492,1296,626
60089::gemini_comp_s2w_60089_v3.png||gemini_comp_s2w_60089_v4.png,60089,gemini_comp_s2w_60089_v3.png,gemini_comp_s2w_60089_v4.png,A < B,1,3,0,no,2025-11-03T01:46:40.318286+00:00,T000443,60089::gemini_comp_s2w_60089_v3.png>>gemini_comp_s2w_60089_v4.png::T000443,,3956,1296,626
60858::gemini_comp_s2w_60858_v1.png||gemini_comp_s2w_60858_v2.png,60858,gemini_comp_s2w_60858_v1.png,gemini_comp_s2w_60858_v2.png,A > B,-1,2,0,no,2025-11-03T01:47:17.800996+00:00,T000444,60858::gemini_comp_s2w_60858_v1.png>>gemini_comp_s2w_60858_v2.png::T000444,,11580,1296,626
60858::gemini_comp_s2w_60858_v1.png||gemini_comp_s2w_60858_v3.png,60858,gemini_comp_s2w_60858_v1.png,gemini_comp_s2w_60858_v3.png,A > B,-1,2,0,no,2025-11-03T01:48:29.502787+00:00,T000445,60858::gemini_comp_s2w_60858_v1.png>>gemini_comp_s2w_60858_v3.png::T000445,,6951,1296,626
60858::gemini_comp_s2w_60858_v1.png||gemini_comp_s2w_60858_v4.png,60858,gemini_comp_s2w_60858_v1.png,gemini_comp_s2w_60858_v4.png,A < B,1,3,0,no,2025-11-03T01:47:33.689687+00:00,T000446,60858::gemini_comp_s2w_60858_v1.png>>gemini_comp_s2w_60858_v4.png::T000446,,9022,1296,626
60858::gemini_comp_s2w_60858_v2.png||gemini_comp_s2w_60858_v3.png,60858,gemini_comp_s2w_60858_v2.png,gemini_comp_s2w_60858_v3.png,A > B,-1,2,0,no,2025-11-03T01:48:08.457243+00:00,T000447,60858::gemini_comp_s2w_60858_v2.png>>gemini_comp_s2w_60858_v3.png::T000447,,11277,1296,626
60858::gemini_comp_s2w_60858_v2.png||gemini_comp_s2w_60858_v4.png,60858,gemini_comp_s2w_60858_v2.png,gemini_comp_s2w_60858_v4.png,A < B,1,3,0,no,2025-11-03T01:48:20.959244+00:00,T000448,60858::gemini_comp_s2w_60858_v2.png>>gemini_comp_s2w_60858_v4.png::T000448,,10528,1296,626
60858::gemini_comp_s2w_60858_v3.png||gemini_comp_s2w_60858_v4.png,60858,gemini_comp_s2w_60858_v3.png,gemini_comp_s2w_60858_v4.png,A < B,1,3,0,no,2025-11-03T01:47:52.111172+00:00,T000449,60858::gemini_comp_s2w_60858_v3.png>>gemini_comp_s2w_60858_v4.png::T000449,,5359,1296,626
62333::gemini_comp_s2w_62333_v1.png||gemini_comp_s2w_62333_v2.png,62333,gemini_comp_s2w_62333_v1.png,gemini_comp_s2w_62333_v2.png,A < B,1,3,0,no,2025-11-03T01:48:58.944526+00:00,T000450,62333::gemini_comp_s2w_62333_v1.png>>gemini_comp_s2w_62333_v2.png::T000450,,27333,1296,626
62333::gemini_comp_s2w_62333_v1.png||gemini_comp_s2w_62333_v3.png,62333,gemini_comp_s2w_62333_v1.png,gemini_comp_s2w_62333_v3.png,A >> B,-2,1,0,no,2025-11-03T01:49:35.237233+00:00,T000451,62333::gemini_comp_s2w_62333_v1.png>>gemini_comp_s2w_62333_v3.png::T000451,,2537,1296,626
62333::gemini_comp_s2w_62333_v1.png||gemini_comp_s2w_62333_v4.png,62333,gemini_comp_s2w_62333_v1.png,gemini_comp_s2w_62333_v4.png,A < B,1,3,0,no,2025-11-03T01:49:29.159444+00:00,T000452,62333::gemini_comp_s2w_62333_v1.png>>gemini_comp_s2w_62333_v4.png::T000452,,2386,1296,626
62333::gemini_comp_s2w_62333_v2.png||gemini_comp_s2w_62333_v3.png,62333,gemini_comp_s2w_62333_v2.png,gemini_comp_s2w_62333_v3.png,A >> B,-2,"2,1",1,no,2025-11-03T01:49:42.598220+00:00,T000453,62333::gemini_comp_s2w_62333_v2.png>>gemini_comp_s2w_62333_v3.png::T000453,,723,1296,626
62333::gemini_comp_s2w_62333_v2.png||gemini_comp_s2w_62333_v4.png,62333,gemini_comp_s2w_62333_v2.png,gemini_comp_s2w_62333_v4.png,A < B,1,3,0,no,2025-11-03T01:49:15.589683+00:00,T000454,62333::gemini_comp_s2w_62333_v2.png>>gemini_comp_s2w_62333_v4.png::T000454,,12439,1296,626
62333::gemini_comp_s2w_62333_v3.png||gemini_comp_s2w_62333_v4.png,62333,gemini_comp_s2w_62333_v3.png,gemini_comp_s2w_62333_v4.png,A << B,2,4,0,no,2025-11-03T01:49:25.113421+00:00,T000455,62333::gemini_comp_s2w_62333_v3.png>>gemini_comp_s2w_62333_v4.png::T000455,,7403,1296,626
62785::gpt_comp_s2w_62785_v1.png||gpt_comp_s2w_62785_v2.png,62785,gpt_comp_s2w_62785_v1.png,gpt_comp_s2w_62785_v2.png,A << B,2,4,0,no,2025-11-03T01:50:14.397108+00:00,T000456,62785::gpt_comp_s2w_62785_v1.png>>gpt_comp_s2w_62785_v2.png::T000456,,5106,1296,626
62785::gpt_comp_s2w_62785_v1.png||gpt_comp_s2w_62785_v3.png,62785,gpt_comp_s2w_62785_v1.png,gpt_comp_s2w_62785_v3.png,A < B,1,3,0,no,2025-11-03T01:50:33.885177+00:00,T000457,62785::gpt_comp_s2w_62785_v1.png>>gpt_comp_s2w_62785_v3.png::T000457,,2307,1296,626
62785::gpt_comp_s2w_62785_v1.png||gpt_comp_s2w_62785_v4.png,62785,gpt_comp_s2w_62785_v1.png,gpt_comp_s2w_62785_v4.png,A < B,1,3,0,no,2025-11-03T01:50:37.588761+00:00,T000458,62785::gpt_comp_s2w_62785_v1.png>>gpt_comp_s2w_62785_v4.png::T000458,,2043,1296,626
62785::gpt_comp_s2w_62785_v2.png||gpt_comp_s2w_62785_v3.png,62785,gpt_comp_s2w_62785_v2.png,gpt_comp_s2w_62785_v3.png,A >> B,-2,1,0,no,2025-11-03T01:50:06.052966+00:00,T000459,62785::gpt_comp_s2w_62785_v2.png>>gpt_comp_s2w_62785_v3.png::T000459,,21975,1296,626
62785::gpt_comp_s2w_62785_v2.png||gpt_comp_s2w_62785_v4.png,62785,gpt_comp_s2w_62785_v2.png,gpt_comp_s2w_62785_v4.png,A >> B,-2,1,0,no,2025-11-03T01:50:24.967031+00:00,T000460,62785::gpt_comp_s2w_62785_v2.png>>gpt_comp_s2w_62785_v4.png::T000460,,8794,1296,626
62785::gpt_comp_s2w_62785_v3.png||gpt_comp_s2w_62785_v4.png,62785,gpt_comp_s2w_62785_v3.png,gpt_comp_s2w_62785_v4.png,A > B,-1,2,0,no,2025-11-03T01:50:28.896712+00:00,T000461,62785::gpt_comp_s2w_62785_v3.png>>gpt_comp_s2w_62785_v4.png::T000461,,2308,1296,626
63085::gemini_comp_s2w_63085_v1.png||gemini_comp_s2w_63085_v2.png,63085,gemini_comp_s2w_63085_v1.png,gemini_comp_s2w_63085_v2.png,A < B,1,3,0,no,2025-11-03T01:51:09.412140+00:00,T000462,63085::gemini_comp_s2w_63085_v1.png>>gemini_comp_s2w_63085_v2.png::T000462,,5744,1296,626
63085::gemini_comp_s2w_63085_v1.png||gemini_comp_s2w_63085_v3.png,63085,gemini_comp_s2w_63085_v1.png,gemini_comp_s2w_63085_v3.png,A > B,-1,2,0,no,2025-11-03T01:51:37.574392+00:00,T000463,63085::gemini_comp_s2w_63085_v1.png>>gemini_comp_s2w_63085_v3.png::T000463,,7277,1296,626
63085::gemini_comp_s2w_63085_v1.png||gemini_comp_s2w_63085_v4.png,63085,gemini_comp_s2w_63085_v1.png,gemini_comp_s2w_63085_v4.png,A >> B,-2,"2,1",1,no,2025-11-03T01:51:26.930297+00:00,T000464,63085::gemini_comp_s2w_63085_v1.png>>gemini_comp_s2w_63085_v4.png::T000464,,2299,1296,626
63085::gemini_comp_s2w_63085_v2.png||gemini_comp_s2w_63085_v3.png,63085,gemini_comp_s2w_63085_v2.png,gemini_comp_s2w_63085_v3.png,A > B,-1,2,0,no,2025-11-03T01:51:44.032982+00:00,T000465,63085::gemini_comp_s2w_63085_v2.png>>gemini_comp_s2w_63085_v3.png::T000465,,4612,1296,626
63085::gemini_comp_s2w_63085_v2.png||gemini_comp_s2w_63085_v4.png,63085,gemini_comp_s2w_63085_v2.png,gemini_comp_s2w_63085_v4.png,A > B,-1,2,0,no,2025-11-03T01:51:19.765855+00:00,T000466,63085::gemini_comp_s2w_63085_v2.png>>gemini_comp_s2w_63085_v4.png::T000466,,8216,1296,626
63085::gemini_comp_s2w_63085_v3.png||gemini_comp_s2w_63085_v4.png,63085,gemini_comp_s2w_63085_v3.png,gemini_comp_s2w_63085_v4.png,A > B,-1,2,0,no,2025-11-03T01:50:59.964959+00:00,T000467,63085::gemini_comp_s2w_63085_v3.png>>gemini_comp_s2w_63085_v4.png::T000467,,18201,1296,626
63614::gpt_comp_s2w_63614_v1.png||gpt_comp_s2w_63614_v2.png,63614,gpt_comp_s2w_63614_v1.png,gpt_comp_s2w_63614_v2.png,A > B,-1,2,0,no,2025-11-03T01:52:30.759037+00:00,T000468,63614::gpt_comp_s2w_63614_v1.png>>gpt_comp_s2w_63614_v2.png::T000468,,9182,1296,626
63614::gpt_comp_s2w_63614_v1.png||gpt_comp_s2w_63614_v3.png,63614,gpt_comp_s2w_63614_v1.png,gpt_comp_s2w_63614_v3.png,A < B,1,3,0,no,2025-11-03T01:52:39.218215+00:00,T000469,63614::gpt_comp_s2w_63614_v1.png>>gpt_comp_s2w_63614_v3.png::T000469,,5333,1296,626
63614::gpt_comp_s2w_63614_v1.png||gpt_comp_s2w_63614_v4.png,63614,gpt_comp_s2w_63614_v1.png,gpt_comp_s2w_63614_v4.png,A > B,-1,2,0,no,2025-11-03T01:52:53.777085+00:00,T000470,63614::gpt_comp_s2w_63614_v1.png>>gpt_comp_s2w_63614_v4.png::T000470,,7336,1296,626
63614::gpt_comp_s2w_63614_v2.png||gpt_comp_s2w_63614_v3.png,63614,gpt_comp_s2w_63614_v2.png,gpt_comp_s2w_63614_v3.png,A < B,1,3,0,no,2025-11-03T01:52:44.497494+00:00,T000471,63614::gpt_comp_s2w_63614_v2.png>>gpt_comp_s2w_63614_v3.png::T000471,,2695,1296,626
63614::gpt_comp_s2w_63614_v2.png||gpt_comp_s2w_63614_v4.png,63614,gpt_comp_s2w_63614_v2.png,gpt_comp_s2w_63614_v4.png,A > B,-1,2,0,no,2025-11-03T01:52:04.631329+00:00,T000472,63614::gpt_comp_s2w_63614_v2.png>>gpt_comp_s2w_63614_v4.png::T000472,,17646,1296,626
63614::gpt_comp_s2w_63614_v3.png||gpt_comp_s2w_63614_v4.png,63614,gpt_comp_s2w_63614_v3.png,gpt_comp_s2w_63614_v4.png,A > B,-1,2,0,no,2025-11-03T01:53:01.132396+00:00,T000473,63614::gpt_comp_s2w_63614_v3.png>>gpt_comp_s2w_63614_v4.png::T000473,,4867,1296,626
63656::gemini_comp_s2w_63656_v1.png||gemini_comp_s2w_63656_v2.png,63656,gemini_comp_s2w_63656_v1.png,gemini_comp_s2w_63656_v2.png,A < B,1,3,0,no,2025-11-03T01:53:36.888218+00:00,T000474,63656::gemini_comp_s2w_63656_v1.png>>gemini_comp_s2w_63656_v2.png::T000474,,4822,1296,626
63656::gemini_comp_s2w_63656_v1.png||gemini_comp_s2w_63656_v3.png,63656,gemini_comp_s2w_63656_v1.png,gemini_comp_s2w_63656_v3.png,A > B,-1,2,0,no,2025-11-03T01:54:11.564155+00:00,T000475,63656::gemini_comp_s2w_63656_v1.png>>gemini_comp_s2w_63656_v3.png::T000475,,9474,1296,626
63656::gemini_comp_s2w_63656_v1.png||gemini_comp_s2w_63656_v4.png,63656,gemini_comp_s2w_63656_v1.png,gemini_comp_s2w_63656_v4.png,A < B,1,3,0,no,2025-11-03T01:53:24.189000+00:00,T000476,63656::gemini_comp_s2w_63656_v1.png>>gemini_comp_s2w_63656_v4.png::T000476,,20486,1296,626
63656::gemini_comp_s2w_63656_v2.png||gemini_comp_s2w_63656_v3.png,63656,gemini_comp_s2w_63656_v2.png,gemini_comp_s2w_63656_v3.png,A > B,-1,2,0,no,2025-11-03T01:53:48.003904+00:00,T000477,63656::gemini_comp_s2w_63656_v2.png>>gemini_comp_s2w_63656_v3.png::T000477,,9161,1296,626
63656::gemini_comp_s2w_63656_v2.png||gemini_comp_s2w_63656_v4.png,63656,gemini_comp_s2w_63656_v2.png,gemini_comp_s2w_63656_v4.png,A > B,-1,2,0,no,2025-11-03T01:54:00.410716+00:00,T000478,63656::gemini_comp_s2w_63656_v2.png>>gemini_comp_s2w_63656_v4.png::T000478,,5719,1296,626
63656::gemini_comp_s2w_63656_v3.png||gemini_comp_s2w_63656_v4.png,63656,gemini_comp_s2w_63656_v3.png,gemini_comp_s2w_63656_v4.png,A < B,1,3,0,no,2025-11-03T01:53:51.881976+00:00,T000479,63656::gemini_comp_s2w_63656_v3.png>>gemini_comp_s2w_63656_v4.png::T000479,,1999,1296,626
66612::gpt_comp_s2w_66612_v1.png||gpt_comp_s2w_66612_v2.png,66612,gpt_comp_s2w_66612_v1.png,gpt_comp_s2w_66612_v2.png,A > B,-1,2,0,no,2025-11-03T01:55:00.531305+00:00,T000480,66612::gpt_comp_s2w_66612_v1.png>>gpt_comp_s2w_66612_v2.png::T000480,,3976,1296,626
66612::gpt_comp_s2w_66612_v1.png||gpt_comp_s2w_66612_v3.png,66612,gpt_comp_s2w_66612_v1.png,gpt_comp_s2w_66612_v3.png,A > B,-1,2,0,no,2025-11-03T01:55:13.816765+00:00,T000481,66612::gpt_comp_s2w_66612_v1.png>>gpt_comp_s2w_66612_v3.png::T000481,,4958,1296,626
66612::gpt_comp_s2w_66612_v1.png||gpt_comp_s2w_66612_v4.png,66612,gpt_comp_s2w_66612_v1.png,gpt_comp_s2w_66612_v4.png,A > B,-1,2,0,no,2025-11-03T01:54:38.445805+00:00,T000482,66612::gpt_comp_s2w_66612_v1.png>>gpt_comp_s2w_66612_v4.png::T000482,,25124,1296,626
66612::gpt_comp_s2w_66612_v2.png||gpt_comp_s2w_66612_v3.png,66612,gpt_comp_s2w_66612_v2.png,gpt_comp_s2w_66612_v3.png,A < B,1,3,0,no,2025-11-03T01:55:07.301494+00:00,T000483,66612::gpt_comp_s2w_66612_v2.png>>gpt_comp_s2w_66612_v3.png::T000483,,4292,1296,626
66612::gpt_comp_s2w_66612_v2.png||gpt_comp_s2w_66612_v4.png,66612,gpt_comp_s2w_66612_v2.png,gpt_comp_s2w_66612_v4.png,A < B,1,3,0,no,2025-11-03T01:54:54.825082+00:00,T000484,66612::gpt_comp_s2w_66612_v2.png>>gpt_comp_s2w_66612_v4.png::T000484,,4349,1296,626
66612::gpt_comp_s2w_66612_v3.png||gpt_comp_s2w_66612_v4.png,66612,gpt_comp_s2w_66612_v3.png,gpt_comp_s2w_66612_v4.png,A > B,-1,2,0,no,2025-11-03T01:54:48.474946+00:00,T000485,66612::gpt_comp_s2w_66612_v3.png>>gpt_comp_s2w_66612_v4.png::T000485,,3717,1296,626
68018::gpt_comp_s2w_68018_v1.png||gpt_comp_s2w_68018_v2.png,68018,gpt_comp_s2w_68018_v1.png,gpt_comp_s2w_68018_v2.png,A < B,1,3,0,no,2025-11-03T01:55:46.118318+00:00,T000486,68018::gpt_comp_s2w_68018_v1.png>>gpt_comp_s2w_68018_v2.png::T000486,,2414,1296,626
68018::gpt_comp_s2w_68018_v1.png||gpt_comp_s2w_68018_v3.png,68018,gpt_comp_s2w_68018_v1.png,gpt_comp_s2w_68018_v3.png,A < B,1,3,0,no,2025-11-03T01:55:38.353247+00:00,T000487,68018::gpt_comp_s2w_68018_v1.png>>gpt_comp_s2w_68018_v3.png::T000487,,1720,1296,626
68018::gpt_comp_s2w_68018_v1.png||gpt_comp_s2w_68018_v4.png,68018,gpt_comp_s2w_68018_v1.png,gpt_comp_s2w_68018_v4.png,A << B,2,4,0,no,2025-11-03T01:55:22.814284+00:00,T000488,68018::gpt_comp_s2w_68018_v1.png>>gpt_comp_s2w_68018_v4.png::T000488,,7018,1296,626
68018::gpt_comp_s2w_68018_v2.png||gpt_comp_s2w_68018_v3.png,68018,gpt_comp_s2w_68018_v2.png,gpt_comp_s2w_68018_v3.png,A < B,1,3,0,no,2025-11-03T01:55:29.539317+00:00,T000489,68018::gpt_comp_s2w_68018_v2.png>>gpt_comp_s2w_68018_v3.png::T000489,,2918,1296,626
68018::gpt_comp_s2w_68018_v2.png||gpt_comp_s2w_68018_v4.png,68018,gpt_comp_s2w_68018_v2.png,gpt_comp_s2w_68018_v4.png,A < B,1,3,0,no,2025-11-03T01:55:42.278871+00:00,T000490,68018::gpt_comp_s2w_68018_v2.png>>gpt_comp_s2w_68018_v4.png::T000490,,2113,1296,626
68018::gpt_comp_s2w_68018_v3.png||gpt_comp_s2w_68018_v4.png,68018,gpt_comp_s2w_68018_v3.png,gpt_comp_s2w_68018_v4.png,A < B,1,3,0,no,2025-11-03T01:55:34.638651+00:00,T000491,68018::gpt_comp_s2w_68018_v3.png>>gpt_comp_s2w_68018_v4.png::T000491,,2431,1296,626
68037::gemini_comp_s2w_68037_v1.png||gemini_comp_s2w_68037_v2.png,68037,gemini_comp_s2w_68037_v1.png,gemini_comp_s2w_68037_v2.png,A < B,1,3,0,no,2025-11-03T01:56:10.512672+00:00,T000492,68037::gemini_comp_s2w_68037_v1.png>>gemini_comp_s2w_68037_v2.png::T000492,,4091,1296,626
68037::gemini_comp_s2w_68037_v1.png||gemini_comp_s2w_68037_v3.png,68037,gemini_comp_s2w_68037_v1.png,gemini_comp_s2w_68037_v3.png,A > B,-1,2,0,no,2025-11-03T01:56:21.101339+00:00,T000493,68037::gemini_comp_s2w_68037_v1.png>>gemini_comp_s2w_68037_v3.png::T000493,,4679,1296,626
68037::gemini_comp_s2w_68037_v1.png||gemini_comp_s2w_68037_v4.png,68037,gemini_comp_s2w_68037_v1.png,gemini_comp_s2w_68037_v4.png,A < B,1,3,0,no,2025-11-03T01:56:24.896426+00:00,T000494,68037::gemini_comp_s2w_68037_v1.png>>gemini_comp_s2w_68037_v4.png::T000494,,1697,1296,626
68037::gemini_comp_s2w_68037_v2.png||gemini_comp_s2w_68037_v3.png,68037,gemini_comp_s2w_68037_v2.png,gemini_comp_s2w_68037_v3.png,A > B,-1,2,0,no,2025-11-03T01:56:04.636252+00:00,T000495,68037::gemini_comp_s2w_68037_v2.png>>gemini_comp_s2w_68037_v3.png::T000495,,2960,1296,626
68037::gemini_comp_s2w_68037_v2.png||gemini_comp_s2w_68037_v4.png,68037,gemini_comp_s2w_68037_v2.png,gemini_comp_s2w_68037_v4.png,A < B,1,3,0,no,2025-11-03T01:55:56.515068+00:00,T000496,68037::gemini_comp_s2w_68037_v2.png>>gemini_comp_s2w_68037_v4.png::T000496,,8966,1296,626
68037::gemini_comp_s2w_68037_v3.png||gemini_comp_s2w_68037_v4.png,68037,gemini_comp_s2w_68037_v3.png,gemini_comp_s2w_68037_v4.png,A < B,1,3,0,no,2025-11-03T01:56:14.308228+00:00,T000497,68037::gemini_comp_s2w_68037_v3.png>>gemini_comp_s2w_68037_v4.png::T000497,,1622,1296,626
68136::gemini_comp_s2w_68136_v1.png||gemini_comp_s2w_68136_v2.png,68136,gemini_comp_s2w_68136_v1.png,gemini_comp_s2w_68136_v2.png,A > B,-1,2,0,no,2025-11-03T01:57:14.045036+00:00,T000498,68136::gemini_comp_s2w_68136_v1.png>>gemini_comp_s2w_68136_v2.png::T000498,,3295,1296,626
68136::gemini_comp_s2w_68136_v1.png||gemini_comp_s2w_68136_v3.png,68136,gemini_comp_s2w_68136_v1.png,gemini_comp_s2w_68136_v3.png,A < B,1,3,0,no,2025-11-03T01:57:05.127463+00:00,T000499,68136::gemini_comp_s2w_68136_v1.png>>gemini_comp_s2w_68136_v3.png::T000499,,2368,1296,626
68136::gemini_comp_s2w_68136_v1.png||gemini_comp_s2w_68136_v4.png,68136,gemini_comp_s2w_68136_v1.png,gemini_comp_s2w_68136_v4.png,A > B,-1,2,0,no,2025-11-03T01:57:00.782166+00:00,T000500,68136::gemini_comp_s2w_68136_v1.png>>gemini_comp_s2w_68136_v4.png::T000500,,4098,1296,626
68136::gemini_comp_s2w_68136_v2.png||gemini_comp_s2w_68136_v3.png,68136,gemini_comp_s2w_68136_v2.png,gemini_comp_s2w_68136_v3.png,A << B,2,4,0,no,2025-11-03T01:56:54.931588+00:00,T000501,68136::gemini_comp_s2w_68136_v2.png>>gemini_comp_s2w_68136_v3.png::T000501,,2928,1296,626
68136::gemini_comp_s2w_68136_v2.png||gemini_comp_s2w_68136_v4.png,68136,gemini_comp_s2w_68136_v2.png,gemini_comp_s2w_68136_v4.png,A < B,1,3,0,no,2025-11-03T01:56:47.337730+00:00,T000502,68136::gemini_comp_s2w_68136_v2.png>>gemini_comp_s2w_68136_v4.png::T000502,,20732,1296,626
68136::gemini_comp_s2w_68136_v3.png||gemini_comp_s2w_68136_v4.png,68136,gemini_comp_s2w_68136_v3.png,gemini_comp_s2w_68136_v4.png,A > B,-1,2,0,no,2025-11-03T01:57:08.571310+00:00,T000503,68136::gemini_comp_s2w_68136_v3.png>>gemini_comp_s2w_68136_v4.png::T000503,,1783,1296,626
68809::gpt_comp_s2w_68809_v1.png||gpt_comp_s2w_68809_v2.png,68809,gpt_comp_s2w_68809_v1.png,gpt_comp_s2w_68809_v2.png,A < B,1,3,0,no,2025-11-03T01:57:59.241096+00:00,T000504,68809::gpt_comp_s2w_68809_v1.png>>gpt_comp_s2w_68809_v2.png::T000504,,2574,1296,626
68809::gpt_comp_s2w_68809_v1.png||gpt_comp_s2w_68809_v3.png,68809,gpt_comp_s2w_68809_v1.png,gpt_comp_s2w_68809_v3.png,A > B,-1,2,0,no,2025-11-03T01:57:37.634448+00:00,T000505,68809::gpt_comp_s2w_68809_v1.png>>gpt_comp_s2w_68809_v3.png::T000505,,2522,1296,626
68809::gpt_comp_s2w_68809_v1.png||gpt_comp_s2w_68809_v4.png,68809,gpt_comp_s2w_68809_v1.png,gpt_comp_s2w_68809_v4.png,A > B,-1,2,0,no,2025-11-03T01:58:03.648348+00:00,T000506,68809::gpt_comp_s2w_68809_v1.png>>gpt_comp_s2w_68809_v4.png::T000506,,2402,1296,626
68809::gpt_comp_s2w_68809_v2.png||gpt_comp_s2w_68809_v3.png,68809,gpt_comp_s2w_68809_v2.png,gpt_comp_s2w_68809_v3.png,A > B,-1,2,0,no,2025-11-03T01:57:23.532306+00:00,T000507,68809::gpt_comp_s2w_68809_v2.png>>gpt_comp_s2w_68809_v3.png::T000507,,7607,1296,626
68809::gpt_comp_s2w_68809_v2.png||gpt_comp_s2w_68809_v4.png,68809,gpt_comp_s2w_68809_v2.png,gpt_comp_s2w_68809_v4.png,A >> B,-2,1,0,no,2025-11-03T01:57:47.940443+00:00,T000508,68809::gpt_comp_s2w_68809_v2.png>>gpt_comp_s2w_68809_v4.png::T000508,,5706,1296,626
68809::gpt_comp_s2w_68809_v3.png||gpt_comp_s2w_68809_v4.png,68809,gpt_comp_s2w_68809_v3.png,gpt_comp_s2w_68809_v4.png,A < B,1,3,0,no,2025-11-03T01:57:32.896109+00:00,T000509,68809::gpt_comp_s2w_68809_v3.png>>gpt_comp_s2w_68809_v4.png::T000509,,3583,1296,626
70410::gemini_comp_s2w_70410_v1.png||gemini_comp_s2w_70410_v2.png,70410,gemini_comp_s2w_70410_v1.png,gemini_comp_s2w_70410_v2.png,A > B,-1,2,0,no,2025-11-03T01:58:16.796350+00:00,T000510,70410::gemini_comp_s2w_70410_v1.png>>gemini_comp_s2w_70410_v2.png::T000510,,11328,1296,626
70410::gemini_comp_s2w_70410_v1.png||gemini_comp_s2w_70410_v3.png,70410,gemini_comp_s2w_70410_v1.png,gemini_comp_s2w_70410_v3.png,A > B,-1,2,0,no,2025-11-03T01:58:29.101385+00:00,T000511,70410::gemini_comp_s2w_70410_v1.png>>gemini_comp_s2w_70410_v3.png::T000511,,3047,1296,626
70410::gemini_comp_s2w_70410_v1.png||gemini_comp_s2w_70410_v4.png,70410,gemini_comp_s2w_70410_v1.png,gemini_comp_s2w_70410_v4.png,A >> B,-2,1,0,no,2025-11-03T01:58:24.208500+00:00,T000512,70410::gemini_comp_s2w_70410_v1.png>>gemini_comp_s2w_70410_v4.png::T000512,,3746,1296,626
70410::gemini_comp_s2w_70410_v2.png||gemini_comp_s2w_70410_v3.png,70410,gemini_comp_s2w_70410_v2.png,gemini_comp_s2w_70410_v3.png,A < B,1,3,0,no,2025-11-03T01:58:41.611148+00:00,T000513,70410::gemini_comp_s2w_70410_v2.png>>gemini_comp_s2w_70410_v3.png::T000513,,2539,1296,626
70410::gemini_comp_s2w_70410_v2.png||gemini_comp_s2w_70410_v4.png,70410,gemini_comp_s2w_70410_v2.png,gemini_comp_s2w_70410_v4.png,A > B,-1,2,0,no,2025-11-03T01:58:37.114319+00:00,T000514,70410::gemini_comp_s2w_70410_v2.png>>gemini_comp_s2w_70410_v4.png::T000514,,2777,1296,626
70410::gemini_comp_s2w_70410_v3.png||gemini_comp_s2w_70410_v4.png,70410,gemini_comp_s2w_70410_v3.png,gemini_comp_s2w_70410_v4.png,A >> B,-2,1,0,no,2025-11-03T01:58:32.665854+00:00,T000515,70410::gemini_comp_s2w_70410_v3.png>>gemini_comp_s2w_70410_v4.png::T000515,,1744,1296,626
70484::gpt_comp_s2w_70484_v1.png||gpt_comp_s2w_70484_v2.png,70484,gpt_comp_s2w_70484_v1.png,gpt_comp_s2w_70484_v2.png,A < B,1,3,0,no,2025-11-03T01:59:16.686221+00:00,T000516,70484::gpt_comp_s2w_70484_v1.png>>gpt_comp_s2w_70484_v2.png::T000516,,3812,1296,626
70484::gpt_comp_s2w_70484_v1.png||gpt_comp_s2w_70484_v3.png,70484,gpt_comp_s2w_70484_v1.png,gpt_comp_s2w_70484_v3.png,A > B,-1,"3,2",1,no,2025-11-03T01:59:00.254076+00:00,T000517,70484::gpt_comp_s2w_70484_v1.png>>gpt_comp_s2w_70484_v3.png::T000517,,5592,1296,626
70484::gpt_comp_s2w_70484_v1.png||gpt_comp_s2w_70484_v4.png,70484,gpt_comp_s2w_70484_v1.png,gpt_comp_s2w_70484_v4.png,A > B,-1,2,0,no,2025-11-03T01:59:10.835302+00:00,T000518,70484::gpt_comp_s2w_70484_v1.png>>gpt_comp_s2w_70484_v4.png::T000518,,1994,1296,626
70484::gpt_comp_s2w_70484_v2.png||gpt_comp_s2w_70484_v3.png,70484,gpt_comp_s2w_70484_v2.png,gpt_comp_s2w_70484_v3.png,A > B,-1,2,0,no,2025-11-03T01:59:29.433259+00:00,T000519,70484::gpt_comp_s2w_70484_v2.png>>gpt_comp_s2w_70484_v3.png::T000519,,3178,1296,626
70484::gpt_comp_s2w_70484_v2.png||gpt_comp_s2w_70484_v4.png,70484,gpt_comp_s2w_70484_v2.png,gpt_comp_s2w_70484_v4.png,A > B,-1,2,0,no,2025-11-03T01:59:24.502765+00:00,T000520,70484::gpt_comp_s2w_70484_v2.png>>gpt_comp_s2w_70484_v4.png::T000520,,5810,1296,626
70484::gpt_comp_s2w_70484_v3.png||gpt_comp_s2w_70484_v4.png,70484,gpt_comp_s2w_70484_v3.png,gpt_comp_s2w_70484_v4.png,A > B,-1,2,0,no,2025-11-03T01:59:06.924280+00:00,T000521,70484::gpt_comp_s2w_70484_v3.png>>gpt_comp_s2w_70484_v4.png::T000521,,3659,1296,626
71030::gemini_comp_s2w_71030_v1.png||gemini_comp_s2w_71030_v2.png,71030,gemini_comp_s2w_71030_v1.png,gemini_comp_s2w_71030_v2.png,A << B,2,4,0,no,2025-11-03T01:59:48.604483+00:00,T000522,71030::gemini_comp_s2w_71030_v1.png>>gemini_comp_s2w_71030_v2.png::T000522,,3939,1296,626
71030::gemini_comp_s2w_71030_v1.png||gemini_comp_s2w_71030_v3.png,71030,gemini_comp_s2w_71030_v1.png,gemini_comp_s2w_71030_v3.png,A << B,2,4,0,no,2025-11-03T01:59:52.326925+00:00,T000523,71030::gemini_comp_s2w_71030_v1.png>>gemini_comp_s2w_71030_v3.png::T000523,,1903,1296,626
71030::gemini_comp_s2w_71030_v1.png||gemini_comp_s2w_71030_v4.png,71030,gemini_comp_s2w_71030_v1.png,gemini_comp_s2w_71030_v4.png,A << B,2,4,0,no,2025-11-03T02:00:14.130930+00:00,T000524,71030::gemini_comp_s2w_71030_v1.png>>gemini_comp_s2w_71030_v4.png::T000524,,2989,1296,626
71030::gemini_comp_s2w_71030_v2.png||gemini_comp_s2w_71030_v3.png,71030,gemini_comp_s2w_71030_v2.png,gemini_comp_s2w_71030_v3.png,A < B,1,3,0,no,2025-11-03T02:00:05.633368+00:00,T000525,71030::gemini_comp_s2w_71030_v2.png>>gemini_comp_s2w_71030_v3.png::T000525,,7530,1296,626
71030::gemini_comp_s2w_71030_v2.png||gemini_comp_s2w_71030_v4.png,71030,gemini_comp_s2w_71030_v2.png,gemini_comp_s2w_71030_v4.png,A > B,-1,2,0,no,2025-11-03T01:59:36.045323+00:00,T000526,71030::gemini_comp_s2w_71030_v2.png>>gemini_comp_s2w_71030_v4.png::T000526,,4585,1296,626
71030::gemini_comp_s2w_71030_v3.png||gemini_comp_s2w_71030_v4.png,71030,gemini_comp_s2w_71030_v3.png,gemini_comp_s2w_71030_v4.png,A > B,-1,2,0,no,2025-11-03T02:00:08.932077+00:00,T000527,71030::gemini_comp_s2w_71030_v3.png>>gemini_comp_s2w_71030_v4.png::T000527,,1857,1296,626
71261::gemini_comp_s2w_71261_v1.png||gemini_comp_s2w_71261_v2.png,71261,gemini_comp_s2w_71261_v1.png,gemini_comp_s2w_71261_v2.png,A < B,1,3,0,no,2025-11-03T02:00:53.756637+00:00,T000528,71261::gemini_comp_s2w_71261_v1.png>>gemini_comp_s2w_71261_v2.png::T000528,,3431,1296,626
71261::gemini_comp_s2w_71261_v1.png||gemini_comp_s2w_71261_v3.png,71261,gemini_comp_s2w_71261_v1.png,gemini_comp_s2w_71261_v3.png,A << B,2,4,0,no,2025-11-03T02:00:32.535170+00:00,T000529,71261::gemini_comp_s2w_71261_v1.png>>gemini_comp_s2w_71261_v3.png::T000529,,3532,1296,626
71261::gemini_comp_s2w_71261_v1.png||gemini_comp_s2w_71261_v4.png,71261,gemini_comp_s2w_71261_v1.png,gemini_comp_s2w_71261_v4.png,A < B,1,3,0,no,2025-11-03T02:00:42.482838+00:00,T000530,71261::gemini_comp_s2w_71261_v1.png>>gemini_comp_s2w_71261_v4.png::T000530,,2096,1296,626
71261::gemini_comp_s2w_71261_v2.png||gemini_comp_s2w_71261_v3.png,71261,gemini_comp_s2w_71261_v2.png,gemini_comp_s2w_71261_v3.png,A << B,2,4,0,no,2025-11-03T02:00:25.196376+00:00,T000531,71261::gemini_comp_s2w_71261_v2.png>>gemini_comp_s2w_71261_v3.png::T000531,,9443,1296,626
71261::gemini_comp_s2w_71261_v2.png||gemini_comp_s2w_71261_v4.png,71261,gemini_comp_s2w_71261_v2.png,gemini_comp_s2w_71261_v4.png,A < B,1,3,0,no,2025-11-03T02:00:38.836788+00:00,T000532,71261::gemini_comp_s2w_71261_v2.png>>gemini_comp_s2w_71261_v4.png::T000532,,4558,1296,626
71261::gemini_comp_s2w_71261_v3.png||gemini_comp_s2w_71261_v4.png,71261,gemini_comp_s2w_71261_v3.png,gemini_comp_s2w_71261_v4.png,A > B,-1,2,0,no,2025-11-03T02:00:48.542911+00:00,T000533,71261::gemini_comp_s2w_71261_v3.png>>gemini_comp_s2w_71261_v4.png::T000533,,4606,1296,626
71464::gemini_comp_s2w_71464_v1.png||gemini_comp_s2w_71464_v2.png,71464,gemini_comp_s2w_71464_v1.png,gemini_comp_s2w_71464_v2.png,A > B,-1,2,0,no,2025-11-03T02:01:22.582102+00:00,T000534,71464::gemini_comp_s2w_71464_v1.png>>gemini_comp_s2w_71464_v2.png::T000534,,2179,1296,626
71464::gemini_comp_s2w_71464_v1.png||gemini_comp_s2w_71464_v3.png,71464,gemini_comp_s2w_71464_v1.png,gemini_comp_s2w_71464_v3.png,A >> B,-2,1,0,no,2025-11-03T02:01:14.549259+00:00,T000535,71464::gemini_comp_s2w_71464_v1.png>>gemini_comp_s2w_71464_v3.png::T000535,,3595,1296,626
71464::gemini_comp_s2w_71464_v1.png||gemini_comp_s2w_71464_v4.png,71464,gemini_comp_s2w_71464_v1.png,gemini_comp_s2w_71464_v4.png,A > B,-1,2,0,no,2025-11-03T02:01:26.174278+00:00,T000536,71464::gemini_comp_s2w_71464_v1.png>>gemini_comp_s2w_71464_v4.png::T000536,,1727,1296,626
71464::gemini_comp_s2w_71464_v2.png||gemini_comp_s2w_71464_v3.png,71464,gemini_comp_s2w_71464_v2.png,gemini_comp_s2w_71464_v3.png,A > B,-1,2,0,no,2025-11-03T02:01:04.425206+00:00,T000537,71464::gemini_comp_s2w_71464_v2.png>>gemini_comp_s2w_71464_v3.png::T000537,,9097,1296,626
71464::gemini_comp_s2w_71464_v2.png||gemini_comp_s2w_71464_v4.png,71464,gemini_comp_s2w_71464_v2.png,gemini_comp_s2w_71464_v4.png,A > B,-1,2,0,no,2025-11-03T02:01:08.628864+00:00,T000538,71464::gemini_comp_s2w_71464_v2.png>>gemini_comp_s2w_71464_v4.png::T000538,,2361,1296,626
71464::gemini_comp_s2w_71464_v3.png||gemini_comp_s2w_71464_v4.png,71464,gemini_comp_s2w_71464_v3.png,gemini_comp_s2w_71464_v4.png,A > B,-1,2,0,no,2025-11-03T02:01:18.465509+00:00,T000539,71464::gemini_comp_s2w_71464_v3.png>>gemini_comp_s2w_71464_v4.png::T000539,,2158,1296,626
71507::gemini_comp_s2w_71507_v1.png||gemini_comp_s2w_71507_v2.png,71507,gemini_comp_s2w_71507_v1.png,gemini_comp_s2w_71507_v2.png,A > B,-1,2,0,no,2025-11-03T02:02:00.683893+00:00,T000540,71507::gemini_comp_s2w_71507_v1.png>>gemini_comp_s2w_71507_v2.png::T000540,,2539,1296,626
71507::gemini_comp_s2w_71507_v1.png||gemini_comp_s2w_71507_v3.png,71507,gemini_comp_s2w_71507_v1.png,gemini_comp_s2w_71507_v3.png,A < B,1,3,0,no,2025-11-03T02:01:30.891241+00:00,T000541,71507::gemini_comp_s2w_71507_v1.png>>gemini_comp_s2w_71507_v3.png::T000541,,2863,1296,626
71507::gemini_comp_s2w_71507_v1.png||gemini_comp_s2w_71507_v4.png,71507,gemini_comp_s2w_71507_v1.png,gemini_comp_s2w_71507_v4.png,A > B,-1,2,0,no,2025-11-03T02:01:48.326910+00:00,T000542,71507::gemini_comp_s2w_71507_v1.png>>gemini_comp_s2w_71507_v4.png::T000542,,3691,1296,626
71507::gemini_comp_s2w_71507_v2.png||gemini_comp_s2w_71507_v3.png,71507,gemini_comp_s2w_71507_v2.png,gemini_comp_s2w_71507_v3.png,A < B,1,"4,3",1,no,2025-11-03T02:01:42.875080+00:00,T000543,71507::gemini_comp_s2w_71507_v2.png>>gemini_comp_s2w_71507_v3.png::T000543,,285,1296,626
71507::gemini_comp_s2w_71507_v2.png||gemini_comp_s2w_71507_v4.png,71507,gemini_comp_s2w_71507_v2.png,gemini_comp_s2w_71507_v4.png,A > B,-1,2,0,no,2025-11-03T02:02:08.104239+00:00,T000544,71507::gemini_comp_s2w_71507_v2.png>>gemini_comp_s2w_71507_v4.png::T000544,,5598,1296,626
71507::gemini_comp_s2w_71507_v3.png||gemini_comp_s2w_71507_v4.png,71507,gemini_comp_s2w_71507_v3.png,gemini_comp_s2w_71507_v4.png,A > B,-1,"3,2",1,no,2025-11-03T02:01:55.971397+00:00,T000545,71507::gemini_comp_s2w_71507_v3.png>>gemini_comp_s2w_71507_v4.png::T000545,,1194,1296,626
72157::gemini_comp_s2w_72157_v1.png||gemini_comp_s2w_72157_v2.png,72157,gemini_comp_s2w_72157_v1.png,gemini_comp_s2w_72157_v2.png,A < B,1,3,0,no,2025-11-03T02:02:36.026994+00:00,T000546,72157::gemini_comp_s2w_72157_v1.png>>gemini_comp_s2w_72157_v2.png::T000546,,1859,1296,626
72157::gemini_comp_s2w_72157_v1.png||gemini_comp_s2w_72157_v3.png,72157,gemini_comp_s2w_72157_v1.png,gemini_comp_s2w_72157_v3.png,A < B,1,3,0,no,2025-11-03T02:02:49.689966+00:00,T000547,72157::gemini_comp_s2w_72157_v1.png>>gemini_comp_s2w_72157_v3.png::T000547,,2174,1296,626
72157::gemini_comp_s2w_72157_v1.png||gemini_comp_s2w_72157_v4.png,72157,gemini_comp_s2w_72157_v1.png,gemini_comp_s2w_72157_v4.png,A < B,1,3,0,no,2025-11-03T02:02:32.502450+00:00,T000548,72157::gemini_comp_s2w_72157_v1.png>>gemini_comp_s2w_72157_v4.png::T000548,,4105,1296,626
72157::gemini_comp_s2w_72157_v2.png||gemini_comp_s2w_72157_v3.png,72157,gemini_comp_s2w_72157_v2.png,gemini_comp_s2w_72157_v3.png,A > B,-1,2,0,no,2025-11-03T02:02:45.454272+00:00,T000549,72157::gemini_comp_s2w_72157_v2.png>>gemini_comp_s2w_72157_v3.png::T000549,,7869,1296,626
72157::gemini_comp_s2w_72157_v2.png||gemini_comp_s2w_72157_v4.png,72157,gemini_comp_s2w_72157_v2.png,gemini_comp_s2w_72157_v4.png,A < B,1,3,0,no,2025-11-03T02:02:56.281319+00:00,T000550,72157::gemini_comp_s2w_72157_v2.png>>gemini_comp_s2w_72157_v4.png::T000550,,4688,1296,626
72157::gemini_comp_s2w_72157_v3.png||gemini_comp_s2w_72157_v4.png,72157,gemini_comp_s2w_72157_v3.png,gemini_comp_s2w_72157_v4.png,A > B,-1,2,0,no,2025-11-03T02:02:15.779678+00:00,T000551,72157::gemini_comp_s2w_72157_v3.png>>gemini_comp_s2w_72157_v4.png::T000551,,5793,1296,626
7606::gemini_comp_s2w_7606_v1.png||gemini_comp_s2w_7606_v2.png,7606,gemini_comp_s2w_7606_v1.png,gemini_comp_s2w_7606_v2.png,A < B,1,"4,3",1,no,2025-11-03T02:03:15.431286+00:00,T000552,7606::gemini_comp_s2w_7606_v1.png>>gemini_comp_s2w_7606_v2.png::T000552,,3712,1296,626
7606::gemini_comp_s2w_7606_v1.png||gemini_comp_s2w_7606_v3.png,7606,gemini_comp_s2w_7606_v1.png,gemini_comp_s2w_7606_v3.png,A < B,1,3,0,no,2025-11-03T02:03:48.966700+00:00,T000553,7606::gemini_comp_s2w_7606_v1.png>>gemini_comp_s2w_7606_v3.png::T000553,,3889,1296,626
7606::gemini_comp_s2w_7606_v1.png||gemini_comp_s2w_7606_v4.png,7606,gemini_comp_s2w_7606_v1.png,gemini_comp_s2w_7606_v4.png,A > B,-1,2,0,no,2025-11-03T02:03:43.270630+00:00,T000554,7606::gemini_comp_s2w_7606_v1.png>>gemini_comp_s2w_7606_v4.png::T000554,,5199,1296,626
7606::gemini_comp_s2w_7606_v2.png||gemini_comp_s2w_7606_v3.png,7606,gemini_comp_s2w_7606_v2.png,gemini_comp_s2w_7606_v3.png,A > B,-1,2,0,no,2025-11-03T02:03:35.231100+00:00,T000555,7606::gemini_comp_s2w_7606_v2.png>>gemini_comp_s2w_7606_v3.png::T000555,,2591,1296,626
7606::gemini_comp_s2w_7606_v2.png||gemini_comp_s2w_7606_v4.png,7606,gemini_comp_s2w_7606_v2.png,gemini_comp_s2w_7606_v4.png,A > B,-1,2,0,no,2025-11-03T02:03:30.057759+00:00,T000556,7606::gemini_comp_s2w_7606_v2.png>>gemini_comp_s2w_7606_v4.png::T000556,,1721,1296,626
7606::gemini_comp_s2w_7606_v3.png||gemini_comp_s2w_7606_v4.png,7606,gemini_comp_s2w_7606_v3.png,gemini_comp_s2w_7606_v4.png,A < B,1,3,0,no,2025-11-03T02:03:25.826577+00:00,T000557,7606::gemini_comp_s2w_7606_v3.png>>gemini_comp_s2w_7606_v4.png::T000557,,6773,1296,626
8365::gpt_comp_s2w_8365_v1.png||gpt_comp_s2w_8365_v2.png,8365,gpt_comp_s2w_8365_v1.png,gpt_comp_s2w_8365_v2.png,A >> B,-2,1,0,no,2025-11-03T02:04:22.702953+00:00,T000558,8365::gpt_comp_s2w_8365_v1.png>>gpt_comp_s2w_8365_v2.png::T000558,,1835,1296,626
8365::gpt_comp_s2w_8365_v1.png||gpt_comp_s2w_8365_v3.png,8365,gpt_comp_s2w_8365_v1.png,gpt_comp_s2w_8365_v3.png,A >> B,-2,"2,1",1,no,2025-11-03T02:04:28.516185+00:00,T000559,8365::gpt_comp_s2w_8365_v1.png>>gpt_comp_s2w_8365_v3.png::T000559,,2083,1296,626
8365::gpt_comp_s2w_8365_v1.png||gpt_comp_s2w_8365_v4.png,8365,gpt_comp_s2w_8365_v1.png,gpt_comp_s2w_8365_v4.png,A >> B,-2,1,0,no,2025-11-03T02:03:55.911581+00:00,T000560,8365::gpt_comp_s2w_8365_v1.png>>gpt_comp_s2w_8365_v4.png::T000560,,5214,1296,626
8365::gpt_comp_s2w_8365_v2.png||gpt_comp_s2w_8365_v3.png,8365,gpt_comp_s2w_8365_v2.png,gpt_comp_s2w_8365_v3.png,A < B,1,3,0,no,2025-11-03T02:04:32.321142+00:00,T000561,8365::gpt_comp_s2w_8365_v2.png>>gpt_comp_s2w_8365_v3.png::T000561,,1572,1296,626
8365::gpt_comp_s2w_8365_v2.png||gpt_comp_s2w_8365_v4.png,8365,gpt_comp_s2w_8365_v2.png,gpt_comp_s2w_8365_v4.png,A > B,-1,"3,2,3,2",3,no,2025-11-03T02:04:14.397915+00:00,T000562,8365::gpt_comp_s2w_8365_v2.png>>gpt_comp_s2w_8365_v4.png::T000562,,6184,1296,626
8365::gpt_comp_s2w_8365_v3.png||gpt_comp_s2w_8365_v4.png,8365,gpt_comp_s2w_8365_v3.png,gpt_comp_s2w_8365_v4.png,A > B,-1,2,0,no,2025-11-03T02:04:19.089896+00:00,T000563,8365::gpt_comp_s2w_8365_v3.png>>gpt_comp_s2w_8365_v4.png::T000563,,1819,1296,626
8548::gemini_comp_s2w_8548_v1.png||gemini_comp_s2w_8548_v2.png,8548,gemini_comp_s2w_8548_v1.png,gemini_comp_s2w_8548_v2.png,A > B,-1,"2,3,2",2,no,2025-11-03T02:05:15.611129+00:00,T000564,8548::gemini_comp_s2w_8548_v1.png>>gemini_comp_s2w_8548_v2.png::T000564,,1144,1296,626
8548::gemini_comp_s2w_8548_v1.png||gemini_comp_s2w_8548_v3.png,8548,gemini_comp_s2w_8548_v1.png,gemini_comp_s2w_8548_v3.png,A < B,1,3,0,no,2025-11-03T02:04:52.031837+00:00,T000565,8548::gemini_comp_s2w_8548_v1.png>>gemini_comp_s2w_8548_v3.png::T000565,,7637,1296,626
8548::gemini_comp_s2w_8548_v1.png||gemini_comp_s2w_8548_v4.png,8548,gemini_comp_s2w_8548_v1.png,gemini_comp_s2w_8548_v4.png,A > B,-1,2,0,no,2025-11-03T02:04:40.304435+00:00,T000566,8548::gemini_comp_s2w_8548_v1.png>>gemini_comp_s2w_8548_v4.png::T000566,,6466,1296,626
8548::gemini_comp_s2w_8548_v2.png||gemini_comp_s2w_8548_v3.png,8548,gemini_comp_s2w_8548_v2.png,gemini_comp_s2w_8548_v3.png,A > B,-1,2,0,no,2025-11-03T02:04:57.920867+00:00,T000567,8548::gemini_comp_s2w_8548_v2.png>>gemini_comp_s2w_8548_v3.png::T000567,,3197,1296,626
8548::gemini_comp_s2w_8548_v2.png||gemini_comp_s2w_8548_v4.png,8548,gemini_comp_s2w_8548_v2.png,gemini_comp_s2w_8548_v4.png,A > B,-1,2,0,no,2025-11-03T02:05:01.890360+00:00,T000568,8548::gemini_comp_s2w_8548_v2.png>>gemini_comp_s2w_8548_v4.png::T000568,,2368,1296,626
8548::gemini_comp_s2w_8548_v3.png||gemini_comp_s2w_8548_v4.png,8548,gemini_comp_s2w_8548_v3.png,gemini_comp_s2w_8548_v4.png,A > B,-1,2,0,no,2025-11-03T02:05:06.857841+00:00,T000569,8548::gemini_comp_s2w_8548_v3.png>>gemini_comp_s2w_8548_v4.png::T000569,,3450,1296,626
9244::gemini_comp_s2w_9244_v1.png||gemini_comp_s2w_9244_v2.png,9244,gemini_comp_s2w_9244_v1.png,gemini_comp_s2w_9244_v2.png,A < B,1,3,0,no,2025-11-03T02:05:53.223655+00:00,T000570,9244::gemini_comp_s2w_9244_v1.png>>gemini_comp_s2w_9244_v2.png::T000570,,1912,1296,626
9244::gemini_comp_s2w_9244_v1.png||gemini_comp_s2w_9244_v3.png,9244,gemini_comp_s2w_9244_v1.png,gemini_comp_s2w_9244_v3.png,A > B,-1,"3,2",1,no,2025-11-03T02:05:29.006114+00:00,T000571,9244::gemini_comp_s2w_9244_v1.png>>gemini_comp_s2w_9244_v3.png::T000571,,5821,1296,626
9244::gemini_comp_s2w_9244_v1.png||gemini_comp_s2w_9244_v4.png,9244,gemini_comp_s2w_9244_v1.png,gemini_comp_s2w_9244_v4.png,A < B,1,3,0,no,2025-11-03T02:05:43.970162+00:00,T000572,9244::gemini_comp_s2w_9244_v1.png>>gemini_comp_s2w_9244_v4.png::T000572,,2157,1296,626
9244::gemini_comp_s2w_9244_v2.png||gemini_comp_s2w_9244_v3.png,9244,gemini_comp_s2w_9244_v2.png,gemini_comp_s2w_9244_v3.png,A > B,-1,2,0,no,2025-11-03T02:05:46.880161+00:00,T000573,9244::gemini_comp_s2w_9244_v2.png>>gemini_comp_s2w_9244_v3.png::T000573,,2106,1296,626
9244::gemini_comp_s2w_9244_v2.png||gemini_comp_s2w_9244_v4.png,9244,gemini_comp_s2w_9244_v2.png,gemini_comp_s2w_9244_v4.png,A > B,-1,2,0,no,2025-11-03T02:05:38.988492+00:00,T000574,9244::gemini_comp_s2w_9244_v2.png>>gemini_comp_s2w_9244_v4.png::T000574,,4930,1296,626
9244::gemini_comp_s2w_9244_v3.png||gemini_comp_s2w_9244_v4.png,9244,gemini_comp_s2w_9244_v3.png,gemini_comp_s2w_9244_v4.png,A > B,-1,2,0,no,2025-11-03T02:05:50.010891+00:00,T000575,9244::gemini_comp_s2w_9244_v3.png>>gemini_comp_s2w_9244_v4.png::T000575,,1553,1296,626
9249::gpt_comp_s2w_9249_v1.png||gpt_comp_s2w_9249_v2.png,9249,gpt_comp_s2w_9249_v1.png,gpt_comp_s2w_9249_v2.png,A > B,-1,2,0,no,2025-11-03T02:06:09.692789+00:00,T000576,9249::gpt_comp_s2w_9249_v1.png>>gpt_comp_s2w_9249_v2.png::T000576,,1951,1296,626
9249::gpt_comp_s2w_9249_v1.png||gpt_comp_s2w_9249_v3.png,9249,gpt_comp_s2w_9249_v1.png,gpt_comp_s2w_9249_v3.png,A << B,2,4,0,no,2025-11-03T02:06:06.920807+00:00,T000577,9249::gpt_comp_s2w_9249_v1.png>>gpt_comp_s2w_9249_v3.png::T000577,,2139,1296,626
9249::gpt_comp_s2w_9249_v1.png||gpt_comp_s2w_9249_v4.png,9249,gpt_comp_s2w_9249_v1.png,gpt_comp_s2w_9249_v4.png,A << B,2,4,0,no,2025-11-03T02:06:14.028080+00:00,T000578,9249::gpt_comp_s2w_9249_v1.png>>gpt_comp_s2w_9249_v4.png::T000578,,3094,1296,626
9249::gpt_comp_s2w_9249_v2.png||gpt_comp_s2w_9249_v3.png,9249,gpt_comp_s2w_9249_v2.png,gpt_comp_s2w_9249_v3.png,A < B,1,3,0,no,2025-11-03T02:06:16.393824+00:00,T000579,9249::gpt_comp_s2w_9249_v2.png>>gpt_comp_s2w_9249_v3.png::T000579,,1787,1296,626
9249::gpt_comp_s2w_9249_v2.png||gpt_comp_s2w_9249_v4.png,9249,gpt_comp_s2w_9249_v2.png,gpt_comp_s2w_9249_v4.png,A << B,2,4,0,no,2025-11-03T02:06:00.174324+00:00,T000580,9249::gpt_comp_s2w_9249_v2.png>>gpt_comp_s2w_9249_v4.png::T000580,,6094,1296,626
9249::gpt_comp_s2w_9249_v3.png||gpt_comp_s2w_9249_v4.png,9249,gpt_comp_s2w_9249_v3.png,gpt_comp_s2w_9249_v4.png,A < B,1,3,0,no,2025-11-03T02:06:03.902950+00:00,T000581,9249::gpt_comp_s2w_9249_v3.png>>gpt_comp_s2w_9249_v4.png::T000581,,3063,1296,626
9347::gpt_comp_s2w_9347_v1.png||gpt_comp_s2w_9347_v2.png,9347,gpt_comp_s2w_9347_v1.png,gpt_comp_s2w_9347_v2.png,A > B,-1,2,0,no,2025-11-03T02:06:22.754673+00:00,T000582,9347::gpt_comp_s2w_9347_v1.png>>gpt_comp_s2w_9347_v2.png::T000582,,5447,1296,626
9347::gpt_comp_s2w_9347_v1.png||gpt_comp_s2w_9347_v3.png,9347,gpt_comp_s2w_9347_v1.png,gpt_comp_s2w_9347_v3.png,A < B,1,3,0,no,2025-11-03T02:06:33.747674+00:00,T000583,9347::gpt_comp_s2w_9347_v1.png>>gpt_comp_s2w_9347_v3.png::T000583,,2542,1296,626
9347::gpt_comp_s2w_9347_v1.png||gpt_comp_s2w_9347_v4.png,9347,gpt_comp_s2w_9347_v1.png,gpt_comp_s2w_9347_v4.png,A > B,-1,2,0,no,2025-11-03T02:06:30.642171+00:00,T000584,9347::gpt_comp_s2w_9347_v1.png>>gpt_comp_s2w_9347_v4.png::T000584,,6995,1296,626
9347::gpt_comp_s2w_9347_v2.png||gpt_comp_s2w_9347_v3.png,9347,gpt_comp_s2w_9347_v2.png,gpt_comp_s2w_9347_v3.png,A << B,2,4,0,no,2025-11-03T02:06:42.709439+00:00,T000585,9347::gpt_comp_s2w_9347_v2.png>>gpt_comp_s2w_9347_v3.png::T000585,,2169,1296,626
9347::gpt_comp_s2w_9347_v2.png||gpt_comp_s2w_9347_v4.png,9347,gpt_comp_s2w_9347_v2.png,gpt_comp_s2w_9347_v4.png,A < B,1,3,0,no,2025-11-03T02:06:39.880124+00:00,T000586,9347::gpt_comp_s2w_9347_v2.png>>gpt_comp_s2w_9347_v4.png::T000586,,3536,1296,626
9347::gpt_comp_s2w_9347_v3.png||gpt_comp_s2w_9347_v4.png,9347,gpt_comp_s2w_9347_v3.png,gpt_comp_s2w_9347_v4.png,A > B,-1,2,0,no,2025-11-03T02:06:35.761831+00:00,T000587,9347::gpt_comp_s2w_9347_v3.png>>gpt_comp_s2w_9347_v4.png::T000587,,1420,1296,626
9640::gpt_comp_s2w_9640_v1.png||gpt_comp_s2w_9640_v2.png,9640,gpt_comp_s2w_9640_v1.png,gpt_comp_s2w_9640_v2.png,A << B,2,4,0,no,2025-11-03T02:06:57.195244+00:00,T000588,9640::gpt_comp_s2w_9640_v1.png>>gpt_comp_s2w_9640_v2.png::T000588,,1557,1296,626
9640::gpt_comp_s2w_9640_v1.png||gpt_comp_s2w_9640_v3.png,9640,gpt_comp_s2w_9640_v1.png,gpt_comp_s2w_9640_v3.png,A << B,2,4,0,no,2025-11-03T02:06:46.256652+00:00,T000589,9640::gpt_comp_s2w_9640_v1.png>>gpt_comp_s2w_9640_v3.png::T000589,,2928,1296,626
9640::gpt_comp_s2w_9640_v1.png||gpt_comp_s2w_9640_v4.png,9640,gpt_comp_s2w_9640_v1.png,gpt_comp_s2w_9640_v4.png,A << B,2,4,0,no,2025-11-03T02:06:54.624310+00:00,T000590,9640::gpt_comp_s2w_9640_v1.png>>gpt_comp_s2w_9640_v4.png::T000590,,2900,1296,626
9640::gpt_comp_s2w_9640_v2.png||gpt_comp_s2w_9640_v3.png,9640,gpt_comp_s2w_9640_v2.png,gpt_comp_s2w_9640_v3.png,A << B,2,4,0,no,2025-11-03T02:06:50.939356+00:00,T000591,9640::gpt_comp_s2w_9640_v2.png>>gpt_comp_s2w_9640_v3.png::T000591,,3993,1296,626
9640::gpt_comp_s2w_9640_v2.png||gpt_comp_s2w_9640_v4.png,9640,gpt_comp_s2w_9640_v2.png,gpt_comp_s2w_9640_v4.png,A < B,1,3,0,no,2025-11-03T02:07:00.245653+00:00,T000592,9640::gpt_comp_s2w_9640_v2.png>>gpt_comp_s2w_9640_v4.png::T000592,,1922,1296,626
9640::gpt_comp_s2w_9640_v3.png||gpt_comp_s2w_9640_v4.png,9640,gpt_comp_s2w_9640_v3.png,gpt_comp_s2w_9640_v4.png,A > B,-1,2,0,no,2025-11-03T02:07:05.235018+00:00,T000593,9640::gpt_comp_s2w_9640_v3.png>>gpt_comp_s2w_9640_v4.png::T000593,,3518,1296,626
9791::gpt_comp_s2w_9791_v1.png||gpt_comp_s2w_9791_v2.png,9791,gpt_comp_s2w_9791_v1.png,gpt_comp_s2w_9791_v2.png,A > B,-1,2,0,no,2025-11-03T02:07:26.155795+00:00,T000594,9791::gpt_comp_s2w_9791_v1.png>>gpt_comp_s2w_9791_v2.png::T000594,,2098,1296,626
9791::gpt_comp_s2w_9791_v1.png||gpt_comp_s2w_9791_v3.png,9791,gpt_comp_s2w_9791_v1.png,gpt_comp_s2w_9791_v3.png,A < B,1,3,0,no,2025-11-03T02:07:12.068766+00:00,T000595,9791::gpt_comp_s2w_9791_v1.png>>gpt_comp_s2w_9791_v3.png::T000595,,2201,1296,626
9791::gpt_comp_s2w_9791_v1.png||gpt_comp_s2w_9791_v4.png,9791,gpt_comp_s2w_9791_v1.png,gpt_comp_s2w_9791_v4.png,A < B,1,3,0,no,2025-11-03T02:07:09.340574+00:00,T000596,9791::gpt_comp_s2w_9791_v1.png>>gpt_comp_s2w_9791_v4.png::T000596,,3544,1296,626
9791::gpt_comp_s2w_9791_v2.png||gpt_comp_s2w_9791_v3.png,9791,gpt_comp_s2w_9791_v2.png,gpt_comp_s2w_9791_v3.png,A < B,1,3,0,no,2025-11-03T02:07:23.719041+00:00,T000597,9791::gpt_comp_s2w_9791_v2.png>>gpt_comp_s2w_9791_v3.png::T000597,,1686,1296,626
9791::gpt_comp_s2w_9791_v2.png||gpt_comp_s2w_9791_v4.png,9791,gpt_comp_s2w_9791_v2.png,gpt_comp_s2w_9791_v4.png,A < B,1,3,0,no,2025-11-03T02:07:21.545388+00:00,T000598,9791::gpt_comp_s2w_9791_v2.png>>gpt_comp_s2w_9791_v4.png::T000598,,3662,1296,626
9791::gpt_comp_s2w_9791_v3.png||gpt_comp_s2w_9791_v4.png,9791,gpt_comp_s2w_9791_v3.png,gpt_comp_s2w_9791_v4.png,A > B,-1,2,0,no,2025-11-03T02:07:15.886091+00:00,T000599,9791::gpt_comp_s2w_9791_v3.png>>gpt_comp_s2w_9791_v4.png::T000599,,3398,1296,626
17058::gpt_comp_s2w_17058_v1.png||gpt_comp_s2w_17058_v3.png,17058,gpt_comp_s2w_17058_v1.png,gpt_comp_s2w_17058_v3.png,A < B,1,"4,3",1,yes,2025-11-03T02:08:23.992480+00:00,DUP_T000067,17058::gpt_comp_s2w_17058_v1.png>>gpt_comp_s2w_17058_v3.png::DUP_T000067,T000067,1913,1296,626
1897::gemini_comp_s2w_1897_v1.png||gemini_comp_s2w_1897_v3.png,1897,gemini_comp_s2w_1897_v1.png,gemini_comp_s2w_1897_v3.png,A >> B,-2,1,0,yes,2025-11-03T02:07:30.631829+00:00,DUP_T000091,1897::gemini_comp_s2w_1897_v1.png>>gemini_comp_s2w_1897_v3.png::DUP_T000091,T000091,4001,1296,626
28040::gemini_comp_s2w_28040_v3.png||gemini_comp_s2w_28040_v4.png,28040,gemini_comp_s2w_28040_v3.png,gemini_comp_s2w_28040_v4.png,A >> B,-2,1,0,yes,2025-11-03T02:08:09.045010+00:00,DUP_T000167,28040::gemini_comp_s2w_28040_v3.png>>gemini_comp_s2w_28040_v4.png::DUP_T000167,T000167,2460,1296,626
2962::gpt_comp_s2w_2962_v1.png||gpt_comp_s2w_2962_v2.png,2962,gpt_comp_s2w_2962_v1.png,gpt_comp_s2w_2962_v2.png,A << B,2,4,0,yes,2025-11-03T02:07:48.681931+00:00,DUP_T000192,2962::gpt_comp_s2w_2962_v1.png>>gpt_comp_s2w_2962_v2.png::DUP_T000192,T000192,5008,1296,626
2962::gpt_comp_s2w_2962_v1.png||gpt_comp_s2w_2962_v3.png,2962,gpt_comp_s2w_2962_v1.png,gpt_comp_s2w_2962_v3.png,A < B,1,3,0,yes,2025-11-03T02:08:13.270428+00:00,DUP_T000193,2962::gpt_comp_s2w_2962_v1.png>>gpt_comp_s2w_2962_v3.png::DUP_T000193,T000193,3175,1296,626
51339::gpt_comp_s2w_51339_v1.png||gpt_comp_s2w_51339_v3.png,51339,gpt_comp_s2w_51339_v1.png,gpt_comp_s2w_51339_v3.png,A > B,-1,2,0,yes,2025-11-03T02:08:16.984234+00:00,DUP_T000361,51339::gpt_comp_s2w_51339_v1.png>>gpt_comp_s2w_51339_v3.png::DUP_T000361,T000361,2897,1296,626
5651::gpt_comp_s2w_5651_v2.png||gpt_comp_s2w_5651_v3.png,5651,gpt_comp_s2w_5651_v2.png,gpt_comp_s2w_5651_v3.png,A < B,1,3,0,yes,2025-11-03T02:07:54.476578+00:00,DUP_T000393,5651::gpt_comp_s2w_5651_v2.png>>gpt_comp_s2w_5651_v3.png::DUP_T000393,T000393,4655,1296,626
57893::gpt_comp_s2w_57893_v2.png||gpt_comp_s2w_57893_v4.png,57893,gpt_comp_s2w_57893_v2.png,gpt_comp_s2w_57893_v4.png,A > B,-1,2,0,yes,2025-11-03T02:08:05.683432+00:00,DUP_T000412,57893::gpt_comp_s2w_57893_v2.png>>gpt_comp_s2w_57893_v4.png::DUP_T000412,T000412,4850,1296,626
70410::gemini_comp_s2w_70410_v1.png||gemini_comp_s2w_70410_v2.png,70410,gemini_comp_s2w_70410_v1.png,gemini_comp_s2w_70410_v2.png,A > B,-1,2,0,yes,2025-11-03T02:08:27.669248+00:00,DUP_T000510,70410::gemini_comp_s2w_70410_v1.png>>gemini_comp_s2w_70410_v2.png::DUP_T000510,T000510,2721,1296,626
9244::gemini_comp_s2w_9244_v2.png||gemini_comp_s2w_9244_v4.png,9244,gemini_comp_s2w_9244_v2.png,gemini_comp_s2w_9244_v4.png,A > B,-1,2,0,yes,2025-11-03T02:07:59.082117+00:00,DUP_T000574,9244::gemini_comp_s2w_9244_v2.png>>gemini_comp_s2w_9244_v4.png::DUP_T000574,T000574,3541,1296,626
