pair_id,screen_id,left_file,right_file,final_choice,final_score,choice_trace,num_choice_changes,attention_check,timestamp_utc,uid,cid,orig_uid,rt_ms,client_w,client_h
10681::gpt_comp_s2w_10681_v1.png||gpt_comp_s2w_10681_v2.png,10681,gpt_comp_s2w_10681_v1.png,gpt_comp_s2w_10681_v2.png,A > B,-1,"2,2,2,2",0,no,2025-11-03T01:15:13.488685+00:00,T000000,10681::gpt_comp_s2w_10681_v1.png>>gpt_comp_s2w_10681_v2.png::T000000,,14915,1707,825
10681::gpt_comp_s2w_10681_v1.png||gpt_comp_s2w_10681_v3.png,10681,gpt_comp_s2w_10681_v1.png,gpt_comp_s2w_10681_v3.png,A > B,-1,2,0,no,2025-11-03T01:19:24.631277+00:00,T000001,10681::gpt_comp_s2w_10681_v1.png>>gpt_comp_s2w_10681_v3.png::T000001,,40022,1707,825
10681::gpt_comp_s2w_10681_v1.png||gpt_comp_s2w_10681_v4.png,10681,gpt_comp_s2w_10681_v1.png,gpt_comp_s2w_10681_v4.png,A > B,-1,"2,3,2",2,no,2025-11-03T01:18:20.260399+00:00,T000002,10681::gpt_comp_s2w_10681_v1.png>>gpt_comp_s2w_10681_v4.png::T000002,,3270,1707,825
10681::gpt_comp_s2w_10681_v2.png||gpt_comp_s2w_10681_v3.png,10681,gpt_comp_s2w_10681_v2.png,gpt_comp_s2w_10681_v3.png,A < B,1,3,0,no,2025-11-03T01:18:02.820790+00:00,T000003,10681::gpt_comp_s2w_10681_v2.png>>gpt_comp_s2w_10681_v3.png::T000003,,1833,1707,825
10681::gpt_comp_s2w_10681_v2.png||gpt_comp_s2w_10681_v4.png,10681,gpt_comp_s2w_10681_v2.png,gpt_comp_s2w_10681_v4.png,A >> B,-2,"2,1",1,no,2025-11-03T01:19:34.672099+00:00,T000004,10681::gpt_comp_s2w_10681_v2.png>>gpt_comp_s2w_10681_v4.png::T000004,,4573,1707,825
10681::gpt_comp_s2w_10681_v3.png||gpt_comp_s2w_10681_v4.png,10681,gpt_comp_s2w_10681_v3.png,gpt_comp_s2w_10681_v4.png,A >> B,-2,"2,1",1,no,2025-11-03T01:17:38.312212+00:00,T000005,10681::gpt_comp_s2w_10681_v3.png>>gpt_comp_s2w_10681_v4.png::T000005,,1920,1707,825
12842::gemini_comp_s2w_12842_v1.png||gemini_comp_s2w_12842_v2.png,12842,gemini_comp_s2w_12842_v1.png,gemini_comp_s2w_12842_v2.png,A > B,-1,2,0,no,2025-11-03T01:20:37.410114+00:00,T000006,12842::gemini_comp_s2w_12842_v1.png>>gemini_comp_s2w_12842_v2.png::T000006,,4296,1707,825
12842::gemini_comp_s2w_12842_v1.png||gemini_comp_s2w_12842_v3.png,12842,gemini_comp_s2w_12842_v1.png,gemini_comp_s2w_12842_v3.png,A > B,-1,2,0,no,2025-11-03T01:20:23.290255+00:00,T000007,12842::gemini_comp_s2w_12842_v1.png>>gemini_comp_s2w_12842_v3.png::T000007,,9367,1707,825
12842::gemini_comp_s2w_12842_v1.png||gemini_comp_s2w_12842_v4.png,12842,gemini_comp_s2w_12842_v1.png,gemini_comp_s2w_12842_v4.png,A < B,1,3,0,no,2025-11-03T01:20:29.514708+00:00,T000008,12842::gemini_comp_s2w_12842_v1.png>>gemini_comp_s2w_12842_v4.png::T000008,,5219,1707,825
12842::gemini_comp_s2w_12842_v2.png||gemini_comp_s2w_12842_v3.png,12842,gemini_comp_s2w_12842_v2.png,gemini_comp_s2w_12842_v3.png,A < B,1,3,0,no,2025-11-03T01:19:57.659823+00:00,T000009,12842::gemini_comp_s2w_12842_v2.png>>gemini_comp_s2w_12842_v3.png::T000009,,2384,1707,825
12842::gemini_comp_s2w_12842_v2.png||gemini_comp_s2w_12842_v4.png,12842,gemini_comp_s2w_12842_v2.png,gemini_comp_s2w_12842_v4.png,A < B,1,3,0,no,2025-11-03T01:19:48.574830+00:00,T000010,12842::gemini_comp_s2w_12842_v2.png>>gemini_comp_s2w_12842_v4.png::T000010,,12464,1707,825
12842::gemini_comp_s2w_12842_v3.png||gemini_comp_s2w_12842_v4.png,12842,gemini_comp_s2w_12842_v3.png,gemini_comp_s2w_12842_v4.png,A < B,1,"3,4,3",2,no,2025-11-03T01:20:12.804571+00:00,T000011,12842::gemini_comp_s2w_12842_v3.png>>gemini_comp_s2w_12842_v4.png::T000011,,1484,1707,825
13350::gemini_comp_s2w_13350_v1.png||gemini_comp_s2w_13350_v2.png,13350,gemini_comp_s2w_13350_v1.png,gemini_comp_s2w_13350_v2.png,A > B,-1,2,0,no,2025-11-03T01:21:13.788369+00:00,T000012,13350::gemini_comp_s2w_13350_v1.png>>gemini_comp_s2w_13350_v2.png::T000012,,4230,1707,825
13350::gemini_comp_s2w_13350_v1.png||gemini_comp_s2w_13350_v3.png,13350,gemini_comp_s2w_13350_v1.png,gemini_comp_s2w_13350_v3.png,A > B,-1,2,0,no,2025-11-03T01:20:49.274294+00:00,T000013,13350::gemini_comp_s2w_13350_v1.png>>gemini_comp_s2w_13350_v3.png::T000013,,10875,1707,825
13350::gemini_comp_s2w_13350_v1.png||gemini_comp_s2w_13350_v4.png,13350,gemini_comp_s2w_13350_v1.png,gemini_comp_s2w_13350_v4.png,A > B,-1,2,0,no,2025-11-03T01:21:31.067519+00:00,T000014,13350::gemini_comp_s2w_13350_v1.png>>gemini_comp_s2w_13350_v4.png::T000014,,2494,1707,825
13350::gemini_comp_s2w_13350_v2.png||gemini_comp_s2w_13350_v3.png,13350,gemini_comp_s2w_13350_v2.png,gemini_comp_s2w_13350_v3.png,A > B,-1,2,0,no,2025-11-03T01:21:27.083675+00:00,T000015,13350::gemini_comp_s2w_13350_v2.png>>gemini_comp_s2w_13350_v3.png::T000015,,6966,1707,825
13350::gemini_comp_s2w_13350_v2.png||gemini_comp_s2w_13350_v4.png,13350,gemini_comp_s2w_13350_v2.png,gemini_comp_s2w_13350_v4.png,A > B,-1,2,0,no,2025-11-03T01:21:18.736385+00:00,T000016,13350::gemini_comp_s2w_13350_v2.png>>gemini_comp_s2w_13350_v4.png::T000016,,2564,1707,825
13350::gemini_comp_s2w_13350_v3.png||gemini_comp_s2w_13350_v4.png,13350,gemini_comp_s2w_13350_v3.png,gemini_comp_s2w_13350_v4.png,A < B,1,3,0,no,2025-11-03T01:21:06.669438+00:00,T000017,13350::gemini_comp_s2w_13350_v3.png>>gemini_comp_s2w_13350_v4.png::T000017,,12593,1707,825
13585::gemini_comp_s2w_13585_v1.png||gemini_comp_s2w_13585_v2.png,13585,gemini_comp_s2w_13585_v1.png,gemini_comp_s2w_13585_v2.png,A < B,1,3,0,no,2025-11-03T01:21:58.314060+00:00,T000018,13585::gemini_comp_s2w_13585_v1.png>>gemini_comp_s2w_13585_v2.png::T000018,,3008,1707,825
13585::gemini_comp_s2w_13585_v1.png||gemini_comp_s2w_13585_v3.png,13585,gemini_comp_s2w_13585_v1.png,gemini_comp_s2w_13585_v3.png,A < B,1,3,0,no,2025-11-03T01:21:37.733367+00:00,T000019,13585::gemini_comp_s2w_13585_v1.png>>gemini_comp_s2w_13585_v3.png::T000019,,5710,1707,825
13585::gemini_comp_s2w_13585_v1.png||gemini_comp_s2w_13585_v4.png,13585,gemini_comp_s2w_13585_v1.png,gemini_comp_s2w_13585_v4.png,A < B,1,3,0,no,2025-11-03T01:22:10.169011+00:00,T000020,13585::gemini_comp_s2w_13585_v1.png>>gemini_comp_s2w_13585_v4.png::T000020,,1989,1707,825
13585::gemini_comp_s2w_13585_v2.png||gemini_comp_s2w_13585_v3.png,13585,gemini_comp_s2w_13585_v2.png,gemini_comp_s2w_13585_v3.png,A < B,1,3,0,no,2025-11-03T01:22:12.812617+00:00,T000021,13585::gemini_comp_s2w_13585_v2.png>>gemini_comp_s2w_13585_v3.png::T000021,,1763,1707,825
13585::gemini_comp_s2w_13585_v2.png||gemini_comp_s2w_13585_v4.png,13585,gemini_comp_s2w_13585_v2.png,gemini_comp_s2w_13585_v4.png,A < B,1,3,0,no,2025-11-03T01:21:54.251830+00:00,T000022,13585::gemini_comp_s2w_13585_v2.png>>gemini_comp_s2w_13585_v4.png::T000022,,15586,1707,825
13585::gemini_comp_s2w_13585_v3.png||gemini_comp_s2w_13585_v4.png,13585,gemini_comp_s2w_13585_v3.png,gemini_comp_s2w_13585_v4.png,A > B,-1,2,0,no,2025-11-03T01:22:02.599813+00:00,T000023,13585::gemini_comp_s2w_13585_v3.png>>gemini_comp_s2w_13585_v4.png::T000023,,3494,1707,825
14289::gpt_comp_s2w_14289_v1.png||gpt_comp_s2w_14289_v2.png,14289,gpt_comp_s2w_14289_v1.png,gpt_comp_s2w_14289_v2.png,A > B,-1,2,0,no,2025-11-03T01:22:46.190481+00:00,T000024,14289::gpt_comp_s2w_14289_v1.png>>gpt_comp_s2w_14289_v2.png::T000024,,6541,1707,825
14289::gpt_comp_s2w_14289_v1.png||gpt_comp_s2w_14289_v3.png,14289,gpt_comp_s2w_14289_v1.png,gpt_comp_s2w_14289_v3.png,A > B,-1,2,0,no,2025-11-03T01:22:58.707014+00:00,T000025,14289::gpt_comp_s2w_14289_v1.png>>gpt_comp_s2w_14289_v3.png::T000025,,1839,1707,825
14289::gpt_comp_s2w_14289_v1.png||gpt_comp_s2w_14289_v4.png,14289,gpt_comp_s2w_14289_v1.png,gpt_comp_s2w_14289_v4.png,A > B,-1,2,0,no,2025-11-03T01:22:31.635156+00:00,T000026,14289::gpt_comp_s2w_14289_v1.png>>gpt_comp_s2w_14289_v4.png::T000026,,3641,1707,825
14289::gpt_comp_s2w_14289_v2.png||gpt_comp_s2w_14289_v3.png,14289,gpt_comp_s2w_14289_v2.png,gpt_comp_s2w_14289_v3.png,A > B,-1,2,0,no,2025-11-03T01:22:27.070101+00:00,T000027,14289::gpt_comp_s2w_14289_v2.png>>gpt_comp_s2w_14289_v3.png::T000027,,9163,1707,825
14289::gpt_comp_s2w_14289_v2.png||gpt_comp_s2w_14289_v4.png,14289,gpt_comp_s2w_14289_v2.png,gpt_comp_s2w_14289_v4.png,A > B,-1,2,0,no,2025-11-03T01:22:55.741039+00:00,T000028,14289::gpt_comp_s2w_14289_v2.png>>gpt_comp_s2w_14289_v4.png::T000028,,1998,1707,825
14289::gpt_comp_s2w_14289_v3.png||gpt_comp_s2w_14289_v4.png,14289,gpt_comp_s2w_14289_v3.png,gpt_comp_s2w_14289_v4.png,A < B,1,3,0,no,2025-11-03T01:22:38.618179+00:00,T000029,14289::gpt_comp_s2w_14289_v3.png>>gpt_comp_s2w_14289_v4.png::T000029,,3226,1707,825
15033::gpt_comp_s2w_15033_v1.png||gpt_comp_s2w_15033_v2.png,15033,gpt_comp_s2w_15033_v1.png,gpt_comp_s2w_15033_v2.png,A < B,1,3,0,no,2025-11-03T01:23:27.414284+00:00,T000030,15033::gpt_comp_s2w_15033_v1.png>>gpt_comp_s2w_15033_v2.png::T000030,,4801,1707,825
15033::gpt_comp_s2w_15033_v1.png||gpt_comp_s2w_15033_v3.png,15033,gpt_comp_s2w_15033_v1.png,gpt_comp_s2w_15033_v3.png,A > B,-1,2,0,no,2025-11-03T01:23:18.642679+00:00,T000031,15033::gpt_comp_s2w_15033_v1.png>>gpt_comp_s2w_15033_v3.png::T000031,,2300,1707,825
15033::gpt_comp_s2w_15033_v1.png||gpt_comp_s2w_15033_v4.png,15033,gpt_comp_s2w_15033_v1.png,gpt_comp_s2w_15033_v4.png,A < B,1,3,0,no,2025-11-03T01:23:07.287514+00:00,T000032,15033::gpt_comp_s2w_15033_v1.png>>gpt_comp_s2w_15033_v4.png::T000032,,7280,1707,825
15033::gpt_comp_s2w_15033_v2.png||gpt_comp_s2w_15033_v3.png,15033,gpt_comp_s2w_15033_v2.png,gpt_comp_s2w_15033_v3.png,A > B,-1,2,0,no,2025-11-03T01:23:21.637026+00:00,T000033,15033::gpt_comp_s2w_15033_v2.png>>gpt_comp_s2w_15033_v3.png::T000033,,2032,1707,825
15033::gpt_comp_s2w_15033_v2.png||gpt_comp_s2w_15033_v4.png,15033,gpt_comp_s2w_15033_v2.png,gpt_comp_s2w_15033_v4.png,A < B,1,3,0,no,2025-11-03T01:23:14.967356+00:00,T000034,15033::gpt_comp_s2w_15033_v2.png>>gpt_comp_s2w_15033_v4.png::T000034,,2508,1707,825
15033::gpt_comp_s2w_15033_v3.png||gpt_comp_s2w_15033_v4.png,15033,gpt_comp_s2w_15033_v3.png,gpt_comp_s2w_15033_v4.png,A < B,1,3,0,no,2025-11-03T01:23:11.358773+00:00,T000035,15033::gpt_comp_s2w_15033_v3.png>>gpt_comp_s2w_15033_v4.png::T000035,,2649,1707,825
15366::gpt_comp_s2w_15366_v1.png||gpt_comp_s2w_15366_v2.png,15366,gpt_comp_s2w_15366_v1.png,gpt_comp_s2w_15366_v2.png,A > B,-1,2,0,no,2025-11-03T01:23:46.429622+00:00,T000036,15366::gpt_comp_s2w_15366_v1.png>>gpt_comp_s2w_15366_v2.png::T000036,,8631,1707,825
15366::gpt_comp_s2w_15366_v1.png||gpt_comp_s2w_15366_v3.png,15366,gpt_comp_s2w_15366_v1.png,gpt_comp_s2w_15366_v3.png,A > B,-1,2,0,no,2025-11-03T01:23:36.778820+00:00,T000037,15366::gpt_comp_s2w_15366_v1.png>>gpt_comp_s2w_15366_v3.png::T000037,,1881,1707,825
15366::gpt_comp_s2w_15366_v1.png||gpt_comp_s2w_15366_v4.png,15366,gpt_comp_s2w_15366_v1.png,gpt_comp_s2w_15366_v4.png,A > B,-1,2,0,no,2025-11-03T01:23:33.933991+00:00,T000038,15366::gpt_comp_s2w_15366_v1.png>>gpt_comp_s2w_15366_v4.png::T000038,,5559,1707,825
15366::gpt_comp_s2w_15366_v2.png||gpt_comp_s2w_15366_v3.png,15366,gpt_comp_s2w_15366_v2.png,gpt_comp_s2w_15366_v3.png,A > B,-1,2,0,no,2025-11-03T01:23:57.942403+00:00,T000039,15366::gpt_comp_s2w_15366_v2.png>>gpt_comp_s2w_15366_v3.png::T000039,,4394,1707,825
15366::gpt_comp_s2w_15366_v2.png||gpt_comp_s2w_15366_v4.png,15366,gpt_comp_s2w_15366_v2.png,gpt_comp_s2w_15366_v4.png,A > B,-1,2,0,no,2025-11-03T01:24:16.693907+00:00,T000040,15366::gpt_comp_s2w_15366_v2.png>>gpt_comp_s2w_15366_v4.png::T000040,,17253,1707,825
15366::gpt_comp_s2w_15366_v3.png||gpt_comp_s2w_15366_v4.png,15366,gpt_comp_s2w_15366_v3.png,gpt_comp_s2w_15366_v4.png,A > B,-1,2,0,no,2025-11-03T01:23:52.624225+00:00,T000041,15366::gpt_comp_s2w_15366_v3.png>>gpt_comp_s2w_15366_v4.png::T000041,,5317,1707,825
1555::gpt_comp_s2w_1555_v1.png||gpt_comp_s2w_1555_v2.png,1555,gpt_comp_s2w_1555_v1.png,gpt_comp_s2w_1555_v2.png,A > B,-1,2,0,no,2025-11-03T01:24:59.088924+00:00,T000042,1555::gpt_comp_s2w_1555_v1.png>>gpt_comp_s2w_1555_v2.png::T000042,,1575,1707,825
1555::gpt_comp_s2w_1555_v1.png||gpt_comp_s2w_1555_v3.png,1555,gpt_comp_s2w_1555_v1.png,gpt_comp_s2w_1555_v3.png,A > B,-1,2,0,no,2025-11-03T01:24:56.417051+00:00,T000043,1555::gpt_comp_s2w_1555_v1.png>>gpt_comp_s2w_1555_v3.png::T000043,,2201,1707,825
1555::gpt_comp_s2w_1555_v1.png||gpt_comp_s2w_1555_v4.png,1555,gpt_comp_s2w_1555_v1.png,gpt_comp_s2w_1555_v4.png,A > B,-1,2,0,no,2025-11-03T01:24:49.868568+00:00,T000044,1555::gpt_comp_s2w_1555_v1.png>>gpt_comp_s2w_1555_v4.png::T000044,,5753,1707,825
1555::gpt_comp_s2w_1555_v2.png||gpt_comp_s2w_1555_v3.png,1555,gpt_comp_s2w_1555_v2.png,gpt_comp_s2w_1555_v3.png,A > B,-1,"3,2",1,no,2025-11-03T01:24:37.405077+00:00,T000045,1555::gpt_comp_s2w_1555_v2.png>>gpt_comp_s2w_1555_v3.png::T000045,,2395,1707,825
1555::gpt_comp_s2w_1555_v2.png||gpt_comp_s2w_1555_v4.png,1555,gpt_comp_s2w_1555_v2.png,gpt_comp_s2w_1555_v4.png,A < B,1,3,0,no,2025-11-03T01:24:43.073888+00:00,T000046,1555::gpt_comp_s2w_1555_v2.png>>gpt_comp_s2w_1555_v4.png::T000046,,4308,1707,825
1555::gpt_comp_s2w_1555_v3.png||gpt_comp_s2w_1555_v4.png,1555,gpt_comp_s2w_1555_v3.png,gpt_comp_s2w_1555_v4.png,A < B,1,3,0,no,2025-11-03T01:25:01.648708+00:00,T000047,1555::gpt_comp_s2w_1555_v3.png>>gpt_comp_s2w_1555_v4.png::T000047,,1863,1707,825
16084::gemini_comp_s2w_16084_v1.png||gemini_comp_s2w_16084_v2.png,16084,gemini_comp_s2w_16084_v1.png,gemini_comp_s2w_16084_v2.png,A > B,-1,2,0,no,2025-11-03T01:25:07.943300+00:00,T000048,16084::gemini_comp_s2w_16084_v1.png>>gemini_comp_s2w_16084_v2.png::T000048,,5350,1707,825
16084::gemini_comp_s2w_16084_v1.png||gemini_comp_s2w_16084_v3.png,16084,gemini_comp_s2w_16084_v1.png,gemini_comp_s2w_16084_v3.png,A > B,-1,2,0,no,2025-11-03T01:25:17.361807+00:00,T000049,16084::gemini_comp_s2w_16084_v1.png>>gemini_comp_s2w_16084_v3.png::T000049,,1117,1707,825
16084::gemini_comp_s2w_16084_v1.png||gemini_comp_s2w_16084_v4.png,16084,gemini_comp_s2w_16084_v1.png,gemini_comp_s2w_16084_v4.png,A > B,-1,2,0,no,2025-11-03T01:25:10.603309+00:00,T000050,16084::gemini_comp_s2w_16084_v1.png>>gemini_comp_s2w_16084_v4.png::T000050,,1715,1707,825
16084::gemini_comp_s2w_16084_v2.png||gemini_comp_s2w_16084_v3.png,16084,gemini_comp_s2w_16084_v2.png,gemini_comp_s2w_16084_v3.png,A < B,1,3,0,no,2025-11-03T01:25:14.937159+00:00,T000051,16084::gemini_comp_s2w_16084_v2.png>>gemini_comp_s2w_16084_v3.png::T000051,,3204,1707,825
16084::gemini_comp_s2w_16084_v2.png||gemini_comp_s2w_16084_v4.png,16084,gemini_comp_s2w_16084_v2.png,gemini_comp_s2w_16084_v4.png,A > B,-1,2,0,no,2025-11-03T01:25:23.027115+00:00,T000052,16084::gemini_comp_s2w_16084_v2.png>>gemini_comp_s2w_16084_v4.png::T000052,,2316,1707,825
16084::gemini_comp_s2w_16084_v3.png||gemini_comp_s2w_16084_v4.png,16084,gemini_comp_s2w_16084_v3.png,gemini_comp_s2w_16084_v4.png,A > B,-1,2,0,no,2025-11-03T01:25:20.037906+00:00,T000053,16084::gemini_comp_s2w_16084_v3.png>>gemini_comp_s2w_16084_v4.png::T000053,,1803,1707,825
16634::gemini_comp_s2w_16634_v1.png||gemini_comp_s2w_16634_v2.png,16634,gemini_comp_s2w_16634_v1.png,gemini_comp_s2w_16634_v2.png,A > B,-1,2,0,no,2025-11-03T01:28:17.124683+00:00,T000054,16634::gemini_comp_s2w_16634_v1.png>>gemini_comp_s2w_16634_v2.png::T000054,,97723,1707,825
16634::gemini_comp_s2w_16634_v1.png||gemini_comp_s2w_16634_v3.png,16634,gemini_comp_s2w_16634_v1.png,gemini_comp_s2w_16634_v3.png,A > B,-1,2,0,no,2025-11-03T01:26:22.444804+00:00,T000055,16634::gemini_comp_s2w_16634_v1.png>>gemini_comp_s2w_16634_v3.png::T000055,,58304,1707,825
16634::gemini_comp_s2w_16634_v1.png||gemini_comp_s2w_16634_v4.png,16634,gemini_comp_s2w_16634_v1.png,gemini_comp_s2w_16634_v4.png,A > B,-1,2,0,no,2025-11-03T01:26:34.561281+00:00,T000056,16634::gemini_comp_s2w_16634_v1.png>>gemini_comp_s2w_16634_v4.png::T000056,,2024,1707,825
16634::gemini_comp_s2w_16634_v2.png||gemini_comp_s2w_16634_v3.png,16634,gemini_comp_s2w_16634_v2.png,gemini_comp_s2w_16634_v3.png,A > B,-1,2,0,no,2025-11-03T01:26:30.780898+00:00,T000057,16634::gemini_comp_s2w_16634_v2.png>>gemini_comp_s2w_16634_v3.png::T000057,,2312,1707,825
16634::gemini_comp_s2w_16634_v2.png||gemini_comp_s2w_16634_v4.png,16634,gemini_comp_s2w_16634_v2.png,gemini_comp_s2w_16634_v4.png,A > B,-1,2,0,no,2025-11-03T01:26:26.750920+00:00,T000058,16634::gemini_comp_s2w_16634_v2.png>>gemini_comp_s2w_16634_v4.png::T000058,,2744,1707,825
16634::gemini_comp_s2w_16634_v3.png||gemini_comp_s2w_16634_v4.png,16634,gemini_comp_s2w_16634_v3.png,gemini_comp_s2w_16634_v4.png,A > B,-1,2,0,no,2025-11-03T01:26:38.348534+00:00,T000059,16634::gemini_comp_s2w_16634_v3.png>>gemini_comp_s2w_16634_v4.png::T000059,,2695,1707,825
16861::gpt_comp_s2w_16861_v1.png||gpt_comp_s2w_16861_v2.png,16861,gpt_comp_s2w_16861_v1.png,gpt_comp_s2w_16861_v2.png,A > B,-1,2,0,no,2025-11-03T01:28:33.703213+00:00,T000060,16861::gpt_comp_s2w_16861_v1.png>>gpt_comp_s2w_16861_v2.png::T000060,,4516,1707,825
16861::gpt_comp_s2w_16861_v1.png||gpt_comp_s2w_16861_v3.png,16861,gpt_comp_s2w_16861_v1.png,gpt_comp_s2w_16861_v3.png,A < B,1,3,0,no,2025-11-03T01:28:28.077161+00:00,T000061,16861::gpt_comp_s2w_16861_v1.png>>gpt_comp_s2w_16861_v3.png::T000061,,2219,1707,825
16861::gpt_comp_s2w_16861_v1.png||gpt_comp_s2w_16861_v4.png,16861,gpt_comp_s2w_16861_v1.png,gpt_comp_s2w_16861_v4.png,A > B,-1,2,0,no,2025-11-03T01:28:48.044792+00:00,T000062,16861::gpt_comp_s2w_16861_v1.png>>gpt_comp_s2w_16861_v4.png::T000062,,7939,1707,825
16861::gpt_comp_s2w_16861_v2.png||gpt_comp_s2w_16861_v3.png,16861,gpt_comp_s2w_16861_v2.png,gpt_comp_s2w_16861_v3.png,A < B,1,3,0,no,2025-11-03T01:28:24.354214+00:00,T000063,16861::gpt_comp_s2w_16861_v2.png>>gpt_comp_s2w_16861_v3.png::T000063,,5715,1707,825
16861::gpt_comp_s2w_16861_v2.png||gpt_comp_s2w_16861_v4.png,16861,gpt_comp_s2w_16861_v2.png,gpt_comp_s2w_16861_v4.png,A > B,-1,2,0,no,2025-11-03T01:28:38.802216+00:00,T000064,16861::gpt_comp_s2w_16861_v2.png>>gpt_comp_s2w_16861_v4.png::T000064,,4087,1707,825
16861::gpt_comp_s2w_16861_v3.png||gpt_comp_s2w_16861_v4.png,16861,gpt_comp_s2w_16861_v3.png,gpt_comp_s2w_16861_v4.png,A > B,-1,2,0,no,2025-11-03T01:28:52.088669+00:00,T000065,16861::gpt_comp_s2w_16861_v3.png>>gpt_comp_s2w_16861_v4.png::T000065,,2751,1707,825
17058::gpt_comp_s2w_17058_v1.png||gpt_comp_s2w_17058_v2.png,17058,gpt_comp_s2w_17058_v1.png,gpt_comp_s2w_17058_v2.png,A < B,1,3,0,no,2025-11-03T01:29:16.648128+00:00,T000066,17058::gpt_comp_s2w_17058_v1.png>>gpt_comp_s2w_17058_v2.png::T000066,,2625,1707,825
17058::gpt_comp_s2w_17058_v1.png||gpt_comp_s2w_17058_v3.png,17058,gpt_comp_s2w_17058_v1.png,gpt_comp_s2w_17058_v3.png,A > B,-1,2,0,no,2025-11-03T01:29:28.734757+00:00,T000067,17058::gpt_comp_s2w_17058_v1.png>>gpt_comp_s2w_17058_v3.png::T000067,,3166,1707,825
17058::gpt_comp_s2w_17058_v1.png||gpt_comp_s2w_17058_v4.png,17058,gpt_comp_s2w_17058_v1.png,gpt_comp_s2w_17058_v4.png,A > B,-1,2,0,no,2025-11-03T01:29:13.035511+00:00,T000068,17058::gpt_comp_s2w_17058_v1.png>>gpt_comp_s2w_17058_v4.png::T000068,,4744,1707,825
17058::gpt_comp_s2w_17058_v2.png||gpt_comp_s2w_17058_v3.png,17058,gpt_comp_s2w_17058_v2.png,gpt_comp_s2w_17058_v3.png,A < B,1,3,0,no,2025-11-03T01:29:20.823850+00:00,T000069,17058::gpt_comp_s2w_17058_v2.png>>gpt_comp_s2w_17058_v3.png::T000069,,2957,1707,825
17058::gpt_comp_s2w_17058_v2.png||gpt_comp_s2w_17058_v4.png,17058,gpt_comp_s2w_17058_v2.png,gpt_comp_s2w_17058_v4.png,A > B,-1,"2,2",0,no,2025-11-03T01:29:24.509041+00:00,T000070,17058::gpt_comp_s2w_17058_v2.png>>gpt_comp_s2w_17058_v4.png::T000070,,294,1707,825
17058::gpt_comp_s2w_17058_v3.png||gpt_comp_s2w_17058_v4.png,17058,gpt_comp_s2w_17058_v3.png,gpt_comp_s2w_17058_v4.png,A > B,-1,2,0,no,2025-11-03T01:29:07.129102+00:00,T000071,17058::gpt_comp_s2w_17058_v3.png>>gpt_comp_s2w_17058_v4.png::T000071,,13271,1707,825
17432::gpt_comp_s2w_17432_v1.png||gpt_comp_s2w_17432_v2.png,17432,gpt_comp_s2w_17432_v1.png,gpt_comp_s2w_17432_v2.png,A < B,1,3,0,no,2025-11-03T01:30:10.380586+00:00,T000072,17432::gpt_comp_s2w_17432_v1.png>>gpt_comp_s2w_17432_v2.png::T000072,,2287,1707,825
17432::gpt_comp_s2w_17432_v1.png||gpt_comp_s2w_17432_v3.png,17432,gpt_comp_s2w_17432_v1.png,gpt_comp_s2w_17432_v3.png,A < B,1,"2,3",1,no,2025-11-03T01:30:00.660636+00:00,T000073,17432::gpt_comp_s2w_17432_v1.png>>gpt_comp_s2w_17432_v3.png::T000073,,2634,1707,825
17432::gpt_comp_s2w_17432_v1.png||gpt_comp_s2w_17432_v4.png,17432,gpt_comp_s2w_17432_v1.png,gpt_comp_s2w_17432_v4.png,A < B,1,3,0,no,2025-11-03T01:30:06.009833+00:00,T000074,17432::gpt_comp_s2w_17432_v1.png>>gpt_comp_s2w_17432_v4.png::T000074,,1612,1707,825
17432::gpt_comp_s2w_17432_v2.png||gpt_comp_s2w_17432_v3.png,17432,gpt_comp_s2w_17432_v2.png,gpt_comp_s2w_17432_v3.png,A > B,-1,2,0,no,2025-11-03T01:29:48.192577+00:00,T000075,17432::gpt_comp_s2w_17432_v2.png>>gpt_comp_s2w_17432_v3.png::T000075,,5969,1707,825
17432::gpt_comp_s2w_17432_v2.png||gpt_comp_s2w_17432_v4.png,17432,gpt_comp_s2w_17432_v2.png,gpt_comp_s2w_17432_v4.png,A > B,-1,2,0,no,2025-11-03T01:29:54.302322+00:00,T000076,17432::gpt_comp_s2w_17432_v2.png>>gpt_comp_s2w_17432_v4.png::T000076,,4890,1707,825
17432::gpt_comp_s2w_17432_v3.png||gpt_comp_s2w_17432_v4.png,17432,gpt_comp_s2w_17432_v3.png,gpt_comp_s2w_17432_v4.png,A > B,-1,2,0,no,2025-11-03T01:30:03.429024+00:00,T000077,17432::gpt_comp_s2w_17432_v3.png>>gpt_comp_s2w_17432_v4.png::T000077,,1586,1707,825
17501::gemini_comp_s2w_17501_v1.png||gemini_comp_s2w_17501_v2.png,17501,gemini_comp_s2w_17501_v1.png,gemini_comp_s2w_17501_v2.png,A > B,-1,2,0,no,2025-11-03T01:31:06.296237+00:00,T000078,17501::gemini_comp_s2w_17501_v1.png>>gemini_comp_s2w_17501_v2.png::T000078,,6277,1707,825
17501::gemini_comp_s2w_17501_v1.png||gemini_comp_s2w_17501_v3.png,17501,gemini_comp_s2w_17501_v1.png,gemini_comp_s2w_17501_v3.png,A > B,-1,2,0,no,2025-11-03T01:31:09.024621+00:00,T000079,17501::gemini_comp_s2w_17501_v1.png>>gemini_comp_s2w_17501_v3.png::T000079,,1723,1707,825
17501::gemini_comp_s2w_17501_v1.png||gemini_comp_s2w_17501_v4.png,17501,gemini_comp_s2w_17501_v1.png,gemini_comp_s2w_17501_v4.png,A > B,-1,2,0,no,2025-11-03T01:30:54.889502+00:00,T000080,17501::gemini_comp_s2w_17501_v1.png>>gemini_comp_s2w_17501_v4.png::T000080,,2333,1707,825
17501::gemini_comp_s2w_17501_v2.png||gemini_comp_s2w_17501_v3.png,17501,gemini_comp_s2w_17501_v2.png,gemini_comp_s2w_17501_v3.png,A > B,-1,"3,2",1,no,2025-11-03T01:30:51.391063+00:00,T000081,17501::gemini_comp_s2w_17501_v2.png>>gemini_comp_s2w_17501_v3.png::T000081,,2210,1707,825
17501::gemini_comp_s2w_17501_v2.png||gemini_comp_s2w_17501_v4.png,17501,gemini_comp_s2w_17501_v2.png,gemini_comp_s2w_17501_v4.png,A > B,-1,2,0,no,2025-11-03T01:30:59.065081+00:00,T000082,17501::gemini_comp_s2w_17501_v2.png>>gemini_comp_s2w_17501_v4.png::T000082,,1438,1707,825
17501::gemini_comp_s2w_17501_v3.png||gemini_comp_s2w_17501_v4.png,17501,gemini_comp_s2w_17501_v3.png,gemini_comp_s2w_17501_v4.png,A < B,1,3,0,no,2025-11-03T01:30:42.872422+00:00,T000083,17501::gemini_comp_s2w_17501_v3.png>>gemini_comp_s2w_17501_v4.png::T000083,,12068,1707,825
18056::gemini_comp_s2w_18056_v1.png||gemini_comp_s2w_18056_v2.png,18056,gemini_comp_s2w_18056_v1.png,gemini_comp_s2w_18056_v2.png,A > B,-1,2,0,no,2025-11-03T01:32:25.212473+00:00,T000084,18056::gemini_comp_s2w_18056_v1.png>>gemini_comp_s2w_18056_v2.png::T000084,,2999,1707,825
18056::gemini_comp_s2w_18056_v1.png||gemini_comp_s2w_18056_v3.png,18056,gemini_comp_s2w_18056_v1.png,gemini_comp_s2w_18056_v3.png,A < B,1,3,0,no,2025-11-03T01:32:31.148549+00:00,T000085,18056::gemini_comp_s2w_18056_v1.png>>gemini_comp_s2w_18056_v3.png::T000085,,4820,1707,825
18056::gemini_comp_s2w_18056_v1.png||gemini_comp_s2w_18056_v4.png,18056,gemini_comp_s2w_18056_v1.png,gemini_comp_s2w_18056_v4.png,A < B,1,3,0,no,2025-11-03T01:32:38.284291+00:00,T000086,18056::gemini_comp_s2w_18056_v1.png>>gemini_comp_s2w_18056_v4.png::T000086,,2180,1707,825
18056::gemini_comp_s2w_18056_v2.png||gemini_comp_s2w_18056_v3.png,18056,gemini_comp_s2w_18056_v2.png,gemini_comp_s2w_18056_v3.png,A < B,1,3,0,no,2025-11-03T01:32:21.279569+00:00,T000087,18056::gemini_comp_s2w_18056_v2.png>>gemini_comp_s2w_18056_v3.png::T000087,,3752,1707,825
18056::gemini_comp_s2w_18056_v2.png||gemini_comp_s2w_18056_v4.png,18056,gemini_comp_s2w_18056_v2.png,gemini_comp_s2w_18056_v4.png,A < B,1,3,0,no,2025-11-03T01:32:35.145937+00:00,T000088,18056::gemini_comp_s2w_18056_v2.png>>gemini_comp_s2w_18056_v4.png::T000088,,3147,1707,825
18056::gemini_comp_s2w_18056_v3.png||gemini_comp_s2w_18056_v4.png,18056,gemini_comp_s2w_18056_v3.png,gemini_comp_s2w_18056_v4.png,A < B,1,3,0,no,2025-11-03T01:32:16.618425+00:00,T000089,18056::gemini_comp_s2w_18056_v3.png>>gemini_comp_s2w_18056_v4.png::T000089,,66613,1707,825
1897::gemini_comp_s2w_1897_v1.png||gemini_comp_s2w_1897_v2.png,1897,gemini_comp_s2w_1897_v1.png,gemini_comp_s2w_1897_v2.png,A < B,1,3,0,no,2025-11-03T01:32:53.770102+00:00,T000090,1897::gemini_comp_s2w_1897_v1.png>>gemini_comp_s2w_1897_v2.png::T000090,,3829,1707,825
1897::gemini_comp_s2w_1897_v1.png||gemini_comp_s2w_1897_v3.png,1897,gemini_comp_s2w_1897_v1.png,gemini_comp_s2w_1897_v3.png,A << B,2,"3,4",1,no,2025-11-03T01:33:10.577727+00:00,T000091,1897::gemini_comp_s2w_1897_v1.png>>gemini_comp_s2w_1897_v3.png::T000091,,1143,1707,825
1897::gemini_comp_s2w_1897_v1.png||gemini_comp_s2w_1897_v4.png,1897,gemini_comp_s2w_1897_v1.png,gemini_comp_s2w_1897_v4.png,A < B,1,3,0,no,2025-11-03T01:33:13.943911+00:00,T000092,1897::gemini_comp_s2w_1897_v1.png>>gemini_comp_s2w_1897_v4.png::T000092,,2142,1707,825
1897::gemini_comp_s2w_1897_v2.png||gemini_comp_s2w_1897_v3.png,1897,gemini_comp_s2w_1897_v2.png,gemini_comp_s2w_1897_v3.png,A < B,1,3,0,no,2025-11-03T01:33:05.628179+00:00,T000093,1897::gemini_comp_s2w_1897_v2.png>>gemini_comp_s2w_1897_v3.png::T000093,,2214,1707,825
1897::gemini_comp_s2w_1897_v2.png||gemini_comp_s2w_1897_v4.png,1897,gemini_comp_s2w_1897_v2.png,gemini_comp_s2w_1897_v4.png,A < B,1,3,0,no,2025-11-03T01:32:48.759806+00:00,T000094,1897::gemini_comp_s2w_1897_v2.png>>gemini_comp_s2w_1897_v4.png::T000094,,9727,1707,825
1897::gemini_comp_s2w_1897_v3.png||gemini_comp_s2w_1897_v4.png,1897,gemini_comp_s2w_1897_v3.png,gemini_comp_s2w_1897_v4.png,A < B,1,3,0,no,2025-11-03T01:33:01.177655+00:00,T000095,1897::gemini_comp_s2w_1897_v3.png>>gemini_comp_s2w_1897_v4.png::T000095,,6382,1707,825
19961::gemini_comp_s2w_19961_v1.png||gemini_comp_s2w_19961_v2.png,19961,gemini_comp_s2w_19961_v1.png,gemini_comp_s2w_19961_v2.png,A < B,1,3,0,no,2025-11-03T01:35:02.840133+00:00,T000096,19961::gemini_comp_s2w_19961_v1.png>>gemini_comp_s2w_19961_v2.png::T000096,,26968,1707,825
19961::gemini_comp_s2w_19961_v1.png||gemini_comp_s2w_19961_v3.png,19961,gemini_comp_s2w_19961_v1.png,gemini_comp_s2w_19961_v3.png,A < B,1,"3,2,3",2,no,2025-11-03T01:34:23.018003+00:00,T000097,19961::gemini_comp_s2w_19961_v1.png>>gemini_comp_s2w_19961_v3.png::T000097,,3726,1707,825
19961::gemini_comp_s2w_19961_v1.png||gemini_comp_s2w_19961_v4.png,19961,gemini_comp_s2w_19961_v1.png,gemini_comp_s2w_19961_v4.png,A < B,1,3,0,no,2025-11-03T01:33:19.045144+00:00,T000098,19961::gemini_comp_s2w_19961_v1.png>>gemini_comp_s2w_19961_v4.png::T000098,,4077,1707,825
19961::gemini_comp_s2w_19961_v2.png||gemini_comp_s2w_19961_v3.png,19961,gemini_comp_s2w_19961_v2.png,gemini_comp_s2w_19961_v3.png,A > B,-1,2,0,no,2025-11-03T01:33:29.642752+00:00,T000099,19961::gemini_comp_s2w_19961_v2.png>>gemini_comp_s2w_19961_v3.png::T000099,,6443,1707,825
19961::gemini_comp_s2w_19961_v2.png||gemini_comp_s2w_19961_v4.png,19961,gemini_comp_s2w_19961_v2.png,gemini_comp_s2w_19961_v4.png,A < B,1,3,0,no,2025-11-03T01:33:22.145525+00:00,T000100,19961::gemini_comp_s2w_19961_v2.png>>gemini_comp_s2w_19961_v4.png::T000100,,1880,1707,825
19961::gemini_comp_s2w_19961_v3.png||gemini_comp_s2w_19961_v4.png,19961,gemini_comp_s2w_19961_v3.png,gemini_comp_s2w_19961_v4.png,A < B,1,3,0,no,2025-11-03T01:33:31.844715+00:00,T000101,19961::gemini_comp_s2w_19961_v3.png>>gemini_comp_s2w_19961_v4.png::T000101,,1306,1707,825
22170::gpt_comp_s2w_22170_v1.png||gpt_comp_s2w_22170_v2.png,22170,gpt_comp_s2w_22170_v1.png,gpt_comp_s2w_22170_v2.png,A > B,-1,2,0,no,2025-11-03T01:35:43.741003+00:00,T000102,22170::gpt_comp_s2w_22170_v1.png>>gpt_comp_s2w_22170_v2.png::T000102,,1755,1707,825
22170::gpt_comp_s2w_22170_v1.png||gpt_comp_s2w_22170_v3.png,22170,gpt_comp_s2w_22170_v1.png,gpt_comp_s2w_22170_v3.png,A > B,-1,2,0,no,2025-11-03T01:35:28.902132+00:00,T000103,22170::gpt_comp_s2w_22170_v1.png>>gpt_comp_s2w_22170_v3.png::T000103,,2830,1707,825
22170::gpt_comp_s2w_22170_v1.png||gpt_comp_s2w_22170_v4.png,22170,gpt_comp_s2w_22170_v1.png,gpt_comp_s2w_22170_v4.png,A > B,-1,2,0,no,2025-11-03T01:35:46.226767+00:00,T000104,22170::gpt_comp_s2w_22170_v1.png>>gpt_comp_s2w_22170_v4.png::T000104,,1417,1707,825
22170::gpt_comp_s2w_22170_v2.png||gpt_comp_s2w_22170_v3.png,22170,gpt_comp_s2w_22170_v2.png,gpt_comp_s2w_22170_v3.png,A > B,-1,2,0,no,2025-11-03T01:35:24.142682+00:00,T000105,22170::gpt_comp_s2w_22170_v2.png>>gpt_comp_s2w_22170_v3.png::T000105,,18873,1707,825
22170::gpt_comp_s2w_22170_v2.png||gpt_comp_s2w_22170_v4.png,22170,gpt_comp_s2w_22170_v2.png,gpt_comp_s2w_22170_v4.png,A > B,-1,2,0,no,2025-11-03T01:35:36.573551+00:00,T000106,22170::gpt_comp_s2w_22170_v2.png>>gpt_comp_s2w_22170_v4.png::T000106,,6027,1707,825
22170::gpt_comp_s2w_22170_v3.png||gpt_comp_s2w_22170_v4.png,22170,gpt_comp_s2w_22170_v3.png,gpt_comp_s2w_22170_v4.png,A < B,1,3,0,no,2025-11-03T01:35:50.250479+00:00,T000107,22170::gpt_comp_s2w_22170_v3.png>>gpt_comp_s2w_22170_v4.png::T000107,,3027,1707,825
22437::gpt_comp_s2w_22437_v1.png||gpt_comp_s2w_22437_v2.png,22437,gpt_comp_s2w_22437_v1.png,gpt_comp_s2w_22437_v2.png,A > B,-1,2,0,no,2025-11-03T01:36:42.790798+00:00,T000108,22437::gpt_comp_s2w_22437_v1.png>>gpt_comp_s2w_22437_v2.png::T000108,,4566,1707,825
22437::gpt_comp_s2w_22437_v1.png||gpt_comp_s2w_22437_v3.png,22437,gpt_comp_s2w_22437_v1.png,gpt_comp_s2w_22437_v3.png,A > B,-1,2,0,no,2025-11-03T01:36:33.532447+00:00,T000109,22437::gpt_comp_s2w_22437_v1.png>>gpt_comp_s2w_22437_v3.png::T000109,,2990,1707,825
22437::gpt_comp_s2w_22437_v1.png||gpt_comp_s2w_22437_v4.png,22437,gpt_comp_s2w_22437_v1.png,gpt_comp_s2w_22437_v4.png,A > B,-1,2,0,no,2025-11-03T01:36:49.637407+00:00,T000110,22437::gpt_comp_s2w_22437_v1.png>>gpt_comp_s2w_22437_v4.png::T000110,,4196,1707,825
22437::gpt_comp_s2w_22437_v2.png||gpt_comp_s2w_22437_v3.png,22437,gpt_comp_s2w_22437_v2.png,gpt_comp_s2w_22437_v3.png,A > B,-1,2,0,no,2025-11-03T01:36:37.149325+00:00,T000111,22437::gpt_comp_s2w_22437_v2.png>>gpt_comp_s2w_22437_v3.png::T000111,,2416,1707,825
22437::gpt_comp_s2w_22437_v2.png||gpt_comp_s2w_22437_v4.png,22437,gpt_comp_s2w_22437_v2.png,gpt_comp_s2w_22437_v4.png,A > B,-1,2,0,no,2025-11-03T01:36:20.767210+00:00,T000112,22437::gpt_comp_s2w_22437_v2.png>>gpt_comp_s2w_22437_v4.png::T000112,,26797,1707,825
22437::gpt_comp_s2w_22437_v3.png||gpt_comp_s2w_22437_v4.png,22437,gpt_comp_s2w_22437_v3.png,gpt_comp_s2w_22437_v4.png,A < B,1,3,0,no,2025-11-03T01:36:27.769408+00:00,T000113,22437::gpt_comp_s2w_22437_v3.png>>gpt_comp_s2w_22437_v4.png::T000113,,5155,1707,825
24695::gemini_comp_s2w_24695_v1.png||gemini_comp_s2w_24695_v2.png,24695,gemini_comp_s2w_24695_v1.png,gemini_comp_s2w_24695_v2.png,A < B,1,"2,3",1,no,2025-11-03T01:37:22.586694+00:00,T000114,24695::gemini_comp_s2w_24695_v1.png>>gemini_comp_s2w_24695_v2.png::T000114,,2216,1707,825
24695::gemini_comp_s2w_24695_v1.png||gemini_comp_s2w_24695_v3.png,24695,gemini_comp_s2w_24695_v1.png,gemini_comp_s2w_24695_v3.png,A > B,-1,2,0,no,2025-11-03T01:37:28.704471+00:00,T000115,24695::gemini_comp_s2w_24695_v1.png>>gemini_comp_s2w_24695_v3.png::T000115,,1713,1707,825
24695::gemini_comp_s2w_24695_v1.png||gemini_comp_s2w_24695_v4.png,24695,gemini_comp_s2w_24695_v1.png,gemini_comp_s2w_24695_v4.png,A > B,-1,2,0,no,2025-11-03T01:37:31.494251+00:00,T000116,24695::gemini_comp_s2w_24695_v1.png>>gemini_comp_s2w_24695_v4.png::T000116,,1811,1707,825
24695::gemini_comp_s2w_24695_v2.png||gemini_comp_s2w_24695_v3.png,24695,gemini_comp_s2w_24695_v2.png,gemini_comp_s2w_24695_v3.png,A > B,-1,2,0,no,2025-11-03T01:37:14.330553+00:00,T000117,24695::gemini_comp_s2w_24695_v2.png>>gemini_comp_s2w_24695_v3.png::T000117,,2609,1707,825
24695::gemini_comp_s2w_24695_v2.png||gemini_comp_s2w_24695_v4.png,24695,gemini_comp_s2w_24695_v2.png,gemini_comp_s2w_24695_v4.png,A > B,-1,2,0,no,2025-11-03T01:37:25.957181+00:00,T000118,24695::gemini_comp_s2w_24695_v2.png>>gemini_comp_s2w_24695_v4.png::T000118,,2095,1707,825
24695::gemini_comp_s2w_24695_v3.png||gemini_comp_s2w_24695_v4.png,24695,gemini_comp_s2w_24695_v3.png,gemini_comp_s2w_24695_v4.png,A > B,-1,2,0,no,2025-11-03T01:37:02.116919+00:00,T000119,24695::gemini_comp_s2w_24695_v3.png>>gemini_comp_s2w_24695_v4.png::T000119,,7738,1707,825
25181::gemini_comp_s2w_25181_v1.png||gemini_comp_s2w_25181_v2.png,25181,gemini_comp_s2w_25181_v1.png,gemini_comp_s2w_25181_v2.png,A > B,-1,"3,2",1,no,2025-11-03T01:38:06.509259+00:00,T000120,25181::gemini_comp_s2w_25181_v1.png>>gemini_comp_s2w_25181_v2.png::T000120,,1100,1707,825
25181::gemini_comp_s2w_25181_v1.png||gemini_comp_s2w_25181_v3.png,25181,gemini_comp_s2w_25181_v1.png,gemini_comp_s2w_25181_v3.png,A > B,-1,2,0,no,2025-11-03T01:37:51.982384+00:00,T000121,25181::gemini_comp_s2w_25181_v1.png>>gemini_comp_s2w_25181_v3.png::T000121,,4554,1707,825
25181::gemini_comp_s2w_25181_v1.png||gemini_comp_s2w_25181_v4.png,25181,gemini_comp_s2w_25181_v1.png,gemini_comp_s2w_25181_v4.png,A < B,1,3,0,no,2025-11-03T01:38:02.088734+00:00,T000122,25181::gemini_comp_s2w_25181_v1.png>>gemini_comp_s2w_25181_v4.png::T000122,,5985,1707,825
25181::gemini_comp_s2w_25181_v2.png||gemini_comp_s2w_25181_v3.png,25181,gemini_comp_s2w_25181_v2.png,gemini_comp_s2w_25181_v3.png,A > B,-1,2,0,no,2025-11-03T01:37:55.098251+00:00,T000123,25181::gemini_comp_s2w_25181_v2.png>>gemini_comp_s2w_25181_v3.png::T000123,,2210,1707,825
25181::gemini_comp_s2w_25181_v2.png||gemini_comp_s2w_25181_v4.png,25181,gemini_comp_s2w_25181_v2.png,gemini_comp_s2w_25181_v4.png,A > B,-1,2,0,no,2025-11-03T01:37:42.720552+00:00,T000124,25181::gemini_comp_s2w_25181_v2.png>>gemini_comp_s2w_25181_v4.png::T000124,,10268,1707,825
25181::gemini_comp_s2w_25181_v3.png||gemini_comp_s2w_25181_v4.png,25181,gemini_comp_s2w_25181_v3.png,gemini_comp_s2w_25181_v4.png,A < B,1,3,0,no,2025-11-03T01:37:46.467907+00:00,T000125,25181::gemini_comp_s2w_25181_v3.png>>gemini_comp_s2w_25181_v4.png::T000125,,2705,1707,825
25572::gpt_comp_s2w_25572_v1.png||gpt_comp_s2w_25572_v2.png,25572,gpt_comp_s2w_25572_v1.png,gpt_comp_s2w_25572_v2.png,A < B,1,3,0,no,2025-11-03T01:38:41.742533+00:00,T000126,25572::gpt_comp_s2w_25572_v1.png>>gpt_comp_s2w_25572_v2.png::T000126,,8314,1707,825
25572::gpt_comp_s2w_25572_v1.png||gpt_comp_s2w_25572_v3.png,25572,gpt_comp_s2w_25572_v1.png,gpt_comp_s2w_25572_v3.png,A > B,-1,2,0,no,2025-11-03T01:38:29.643698+00:00,T000127,25572::gpt_comp_s2w_25572_v1.png>>gpt_comp_s2w_25572_v3.png::T000127,,4021,1707,825
25572::gpt_comp_s2w_25572_v1.png||gpt_comp_s2w_25572_v4.png,25572,gpt_comp_s2w_25572_v1.png,gpt_comp_s2w_25572_v4.png,A > B,-1,2,0,no,2025-11-03T01:38:45.682159+00:00,T000128,25572::gpt_comp_s2w_25572_v1.png>>gpt_comp_s2w_25572_v4.png::T000128,,2875,1707,825
25572::gpt_comp_s2w_25572_v2.png||gpt_comp_s2w_25572_v3.png,25572,gpt_comp_s2w_25572_v2.png,gpt_comp_s2w_25572_v3.png,A > B,-1,2,0,no,2025-11-03T01:38:23.955908+00:00,T000129,25572::gpt_comp_s2w_25572_v2.png>>gpt_comp_s2w_25572_v3.png::T000129,,16300,1707,825
25572::gpt_comp_s2w_25572_v2.png||gpt_comp_s2w_25572_v4.png,25572,gpt_comp_s2w_25572_v2.png,gpt_comp_s2w_25572_v4.png,A > B,-1,2,0,no,2025-11-03T01:38:58.192906+00:00,T000130,25572::gpt_comp_s2w_25572_v2.png>>gpt_comp_s2w_25572_v4.png::T000130,,2641,1707,825
25572::gpt_comp_s2w_25572_v3.png||gpt_comp_s2w_25572_v4.png,25572,gpt_comp_s2w_25572_v3.png,gpt_comp_s2w_25572_v4.png,A < B,1,"2,3",1,no,2025-11-03T01:38:53.764581+00:00,T000131,25572::gpt_comp_s2w_25572_v3.png>>gpt_comp_s2w_25572_v4.png::T000131,,2539,1707,825
25792::gemini_comp_s2w_25792_v1.png||gemini_comp_s2w_25792_v2.png,25792,gemini_comp_s2w_25792_v1.png,gemini_comp_s2w_25792_v2.png,A > B,-1,2,0,no,2025-11-03T01:39:11.518798+00:00,T000132,25792::gemini_comp_s2w_25792_v1.png>>gemini_comp_s2w_25792_v2.png::T000132,,1313,1707,825
25792::gemini_comp_s2w_25792_v1.png||gemini_comp_s2w_25792_v3.png,25792,gemini_comp_s2w_25792_v1.png,gemini_comp_s2w_25792_v3.png,A > B,-1,2,0,no,2025-11-03T01:39:19.786187+00:00,T000133,25792::gemini_comp_s2w_25792_v1.png>>gemini_comp_s2w_25792_v3.png::T000133,,2040,1707,825
25792::gemini_comp_s2w_25792_v1.png||gemini_comp_s2w_25792_v4.png,25792,gemini_comp_s2w_25792_v1.png,gemini_comp_s2w_25792_v4.png,A > B,-1,2,0,no,2025-11-03T01:39:09.144862+00:00,T000134,25792::gemini_comp_s2w_25792_v1.png>>gemini_comp_s2w_25792_v4.png::T000134,,10056,1707,825
25792::gemini_comp_s2w_25792_v2.png||gemini_comp_s2w_25792_v3.png,25792,gemini_comp_s2w_25792_v2.png,gemini_comp_s2w_25792_v3.png,A > B,-1,2,0,no,2025-11-03T01:39:25.330697+00:00,T000135,25792::gemini_comp_s2w_25792_v2.png>>gemini_comp_s2w_25792_v3.png::T000135,,2543,1707,825
25792::gemini_comp_s2w_25792_v2.png||gemini_comp_s2w_25792_v4.png,25792,gemini_comp_s2w_25792_v2.png,gemini_comp_s2w_25792_v4.png,A > B,-1,2,0,no,2025-11-03T01:39:28.118254+00:00,T000136,25792::gemini_comp_s2w_25792_v2.png>>gemini_comp_s2w_25792_v4.png::T000136,,1687,1707,825
25792::gemini_comp_s2w_25792_v3.png||gemini_comp_s2w_25792_v4.png,25792,gemini_comp_s2w_25792_v3.png,gemini_comp_s2w_25792_v4.png,A > B,-1,2,0,no,2025-11-03T01:39:14.904842+00:00,T000137,25792::gemini_comp_s2w_25792_v3.png>>gemini_comp_s2w_25792_v4.png::T000137,,2441,1707,825
26367::gpt_comp_s2w_26367_v1.png||gpt_comp_s2w_26367_v2.png,26367,gpt_comp_s2w_26367_v1.png,gpt_comp_s2w_26367_v2.png,A < B,1,3,0,no,2025-11-03T01:39:49.404523+00:00,T000138,26367::gpt_comp_s2w_26367_v1.png>>gpt_comp_s2w_26367_v2.png::T000138,,1113,1707,825
26367::gpt_comp_s2w_26367_v1.png||gpt_comp_s2w_26367_v3.png,26367,gpt_comp_s2w_26367_v1.png,gpt_comp_s2w_26367_v3.png,A > B,-1,2,0,no,2025-11-03T01:39:54.309196+00:00,T000139,26367::gpt_comp_s2w_26367_v1.png>>gpt_comp_s2w_26367_v3.png::T000139,,2982,1707,825
26367::gpt_comp_s2w_26367_v1.png||gpt_comp_s2w_26367_v4.png,26367,gpt_comp_s2w_26367_v1.png,gpt_comp_s2w_26367_v4.png,A > B,-1,2,0,no,2025-11-03T01:39:47.412712+00:00,T000140,26367::gpt_comp_s2w_26367_v1.png>>gpt_comp_s2w_26367_v4.png::T000140,,4728,1707,825
26367::gpt_comp_s2w_26367_v2.png||gpt_comp_s2w_26367_v3.png,26367,gpt_comp_s2w_26367_v2.png,gpt_comp_s2w_26367_v3.png,A > B,-1,2,0,no,2025-11-03T01:39:41.364241+00:00,T000141,26367::gpt_comp_s2w_26367_v2.png>>gpt_comp_s2w_26367_v3.png::T000141,,2191,1707,825
26367::gpt_comp_s2w_26367_v2.png||gpt_comp_s2w_26367_v4.png,26367,gpt_comp_s2w_26367_v2.png,gpt_comp_s2w_26367_v4.png,A > B,-1,2,0,no,2025-11-03T01:39:38.241676+00:00,T000142,26367::gpt_comp_s2w_26367_v2.png>>gpt_comp_s2w_26367_v4.png::T000142,,9136,1707,825
26367::gpt_comp_s2w_26367_v3.png||gpt_comp_s2w_26367_v4.png,26367,gpt_comp_s2w_26367_v3.png,gpt_comp_s2w_26367_v4.png,A < B,1,3,0,no,2025-11-03T01:40:01.536683+00:00,T000143,26367::gpt_comp_s2w_26367_v3.png>>gpt_comp_s2w_26367_v4.png::T000143,,5937,1707,825
26818::gemini_comp_s2w_26818_v1.png||gemini_comp_s2w_26818_v2.png,26818,gemini_comp_s2w_26818_v1.png,gemini_comp_s2w_26818_v2.png,A > B,-1,2,0,no,2025-11-03T01:40:31.477552+00:00,T000144,26818::gemini_comp_s2w_26818_v1.png>>gemini_comp_s2w_26818_v2.png::T000144,,2225,1707,825
26818::gemini_comp_s2w_26818_v1.png||gemini_comp_s2w_26818_v3.png,26818,gemini_comp_s2w_26818_v1.png,gemini_comp_s2w_26818_v3.png,A < B,1,3,0,no,2025-11-03T01:40:14.065055+00:00,T000145,26818::gemini_comp_s2w_26818_v1.png>>gemini_comp_s2w_26818_v3.png::T000145,,11506,1707,825
26818::gemini_comp_s2w_26818_v1.png||gemini_comp_s2w_26818_v4.png,26818,gemini_comp_s2w_26818_v1.png,gemini_comp_s2w_26818_v4.png,A > B,-1,"2,2",0,no,2025-11-03T01:40:28.076477+00:00,T000146,26818::gemini_comp_s2w_26818_v1.png>>gemini_comp_s2w_26818_v4.png::T000146,,4011,1707,825
26818::gemini_comp_s2w_26818_v2.png||gemini_comp_s2w_26818_v3.png,26818,gemini_comp_s2w_26818_v2.png,gemini_comp_s2w_26818_v3.png,A < B,1,3,0,no,2025-11-03T01:40:22.785477+00:00,T000147,26818::gemini_comp_s2w_26818_v2.png>>gemini_comp_s2w_26818_v3.png::T000147,,1604,1707,825
26818::gemini_comp_s2w_26818_v2.png||gemini_comp_s2w_26818_v4.png,26818,gemini_comp_s2w_26818_v2.png,gemini_comp_s2w_26818_v4.png,A < B,1,3,0,no,2025-11-03T01:40:17.449171+00:00,T000148,26818::gemini_comp_s2w_26818_v2.png>>gemini_comp_s2w_26818_v4.png::T000148,,2391,1707,825
26818::gemini_comp_s2w_26818_v3.png||gemini_comp_s2w_26818_v4.png,26818,gemini_comp_s2w_26818_v3.png,gemini_comp_s2w_26818_v4.png,A > B,-1,2,0,no,2025-11-03T01:40:20.140513+00:00,T000149,26818::gemini_comp_s2w_26818_v3.png>>gemini_comp_s2w_26818_v4.png::T000149,,1724,1707,825
27282::gemini_comp_s2w_27282_v1.png||gemini_comp_s2w_27282_v2.png,27282,gemini_comp_s2w_27282_v1.png,gemini_comp_s2w_27282_v2.png,A < B,1,3,0,no,2025-11-03T01:41:00.715578+00:00,T000150,27282::gemini_comp_s2w_27282_v1.png>>gemini_comp_s2w_27282_v2.png::T000150,,2910,1707,825
27282::gemini_comp_s2w_27282_v1.png||gemini_comp_s2w_27282_v3.png,27282,gemini_comp_s2w_27282_v1.png,gemini_comp_s2w_27282_v3.png,A < B,1,3,0,no,2025-11-03T01:40:46.298219+00:00,T000151,27282::gemini_comp_s2w_27282_v1.png>>gemini_comp_s2w_27282_v3.png::T000151,,13840,1707,825
27282::gemini_comp_s2w_27282_v1.png||gemini_comp_s2w_27282_v4.png,27282,gemini_comp_s2w_27282_v1.png,gemini_comp_s2w_27282_v4.png,A < B,1,3,0,no,2025-11-03T01:40:49.647696+00:00,T000152,27282::gemini_comp_s2w_27282_v1.png>>gemini_comp_s2w_27282_v4.png::T000152,,2329,1707,825
27282::gemini_comp_s2w_27282_v2.png||gemini_comp_s2w_27282_v3.png,27282,gemini_comp_s2w_27282_v2.png,gemini_comp_s2w_27282_v3.png,A < B,1,3,0,no,2025-11-03T01:40:55.794920+00:00,T000153,27282::gemini_comp_s2w_27282_v2.png>>gemini_comp_s2w_27282_v3.png::T000153,,1183,1707,825
27282::gemini_comp_s2w_27282_v2.png||gemini_comp_s2w_27282_v4.png,27282,gemini_comp_s2w_27282_v2.png,gemini_comp_s2w_27282_v4.png,A < B,1,3,0,no,2025-11-03T01:40:53.674138+00:00,T000154,27282::gemini_comp_s2w_27282_v2.png>>gemini_comp_s2w_27282_v4.png::T000154,,2792,1707,825
27282::gemini_comp_s2w_27282_v3.png||gemini_comp_s2w_27282_v4.png,27282,gemini_comp_s2w_27282_v3.png,gemini_comp_s2w_27282_v4.png,A > B,-1,2,0,no,2025-11-03T01:41:06.219831+00:00,T000155,27282::gemini_comp_s2w_27282_v3.png>>gemini_comp_s2w_27282_v4.png::T000155,,2839,1707,825
27502::gemini_comp_s2w_27502_v1.png||gemini_comp_s2w_27502_v2.png,27502,gemini_comp_s2w_27502_v1.png,gemini_comp_s2w_27502_v2.png,A < B,1,3,0,no,2025-11-03T01:41:46.386358+00:00,T000156,27502::gemini_comp_s2w_27502_v1.png>>gemini_comp_s2w_27502_v2.png::T000156,,2108,1707,825
27502::gemini_comp_s2w_27502_v1.png||gemini_comp_s2w_27502_v3.png,27502,gemini_comp_s2w_27502_v1.png,gemini_comp_s2w_27502_v3.png,A > B,-1,2,0,no,2025-11-03T01:41:14.810368+00:00,T000157,27502::gemini_comp_s2w_27502_v1.png>>gemini_comp_s2w_27502_v3.png::T000157,,7492,1707,825
27502::gemini_comp_s2w_27502_v1.png||gemini_comp_s2w_27502_v4.png,27502,gemini_comp_s2w_27502_v1.png,gemini_comp_s2w_27502_v4.png,A > B,-1,2,0,no,2025-11-03T01:41:43.265663+00:00,T000158,27502::gemini_comp_s2w_27502_v1.png>>gemini_comp_s2w_27502_v4.png::T000158,,4816,1707,825
27502::gemini_comp_s2w_27502_v2.png||gemini_comp_s2w_27502_v3.png,27502,gemini_comp_s2w_27502_v2.png,gemini_comp_s2w_27502_v3.png,A > B,-1,2,0,no,2025-11-03T01:41:18.278563+00:00,T000159,27502::gemini_comp_s2w_27502_v2.png>>gemini_comp_s2w_27502_v3.png::T000159,,2311,1707,825
27502::gemini_comp_s2w_27502_v2.png||gemini_comp_s2w_27502_v4.png,27502,gemini_comp_s2w_27502_v2.png,gemini_comp_s2w_27502_v4.png,A > B,-1,2,0,no,2025-11-03T01:41:25.338002+00:00,T000160,27502::gemini_comp_s2w_27502_v2.png>>gemini_comp_s2w_27502_v4.png::T000160,,5976,1707,825
27502::gemini_comp_s2w_27502_v3.png||gemini_comp_s2w_27502_v4.png,27502,gemini_comp_s2w_27502_v3.png,gemini_comp_s2w_27502_v4.png,A << B,2,"3,4",1,no,2025-11-03T01:41:33.126032+00:00,T000161,27502::gemini_comp_s2w_27502_v3.png>>gemini_comp_s2w_27502_v4.png::T000161,,2183,1707,825
28040::gemini_comp_s2w_28040_v1.png||gemini_comp_s2w_28040_v2.png,28040,gemini_comp_s2w_28040_v1.png,gemini_comp_s2w_28040_v2.png,A > B,-1,2,0,no,2025-11-03T01:42:05.301992+00:00,T000162,28040::gemini_comp_s2w_28040_v1.png>>gemini_comp_s2w_28040_v2.png::T000162,,2752,1707,825
28040::gemini_comp_s2w_28040_v1.png||gemini_comp_s2w_28040_v3.png,28040,gemini_comp_s2w_28040_v1.png,gemini_comp_s2w_28040_v3.png,A > B,-1,2,0,no,2025-11-03T01:42:11.647743+00:00,T000163,28040::gemini_comp_s2w_28040_v1.png>>gemini_comp_s2w_28040_v3.png::T000163,,4153,1707,825
28040::gemini_comp_s2w_28040_v1.png||gemini_comp_s2w_28040_v4.png,28040,gemini_comp_s2w_28040_v1.png,gemini_comp_s2w_28040_v4.png,A > B,-1,2,0,no,2025-11-03T01:42:19.585987+00:00,T000164,28040::gemini_comp_s2w_28040_v1.png>>gemini_comp_s2w_28040_v4.png::T000164,,2647,1707,825
28040::gemini_comp_s2w_28040_v2.png||gemini_comp_s2w_28040_v3.png,28040,gemini_comp_s2w_28040_v2.png,gemini_comp_s2w_28040_v3.png,A < B,1,3,0,no,2025-11-03T01:42:15.967838+00:00,T000165,28040::gemini_comp_s2w_28040_v2.png>>gemini_comp_s2w_28040_v3.png::T000165,,2600,1707,825
28040::gemini_comp_s2w_28040_v2.png||gemini_comp_s2w_28040_v4.png,28040,gemini_comp_s2w_28040_v2.png,gemini_comp_s2w_28040_v4.png,A > B,-1,2,0,no,2025-11-03T01:42:23.340293+00:00,T000166,28040::gemini_comp_s2w_28040_v2.png>>gemini_comp_s2w_28040_v4.png::T000166,,2648,1707,825
28040::gemini_comp_s2w_28040_v3.png||gemini_comp_s2w_28040_v4.png,28040,gemini_comp_s2w_28040_v3.png,gemini_comp_s2w_28040_v4.png,A > B,-1,2,0,no,2025-11-03T01:42:00.764472+00:00,T000167,28040::gemini_comp_s2w_28040_v3.png>>gemini_comp_s2w_28040_v4.png::T000167,,13430,1707,825
28349::gemini_comp_s2w_28349_v1.png||gemini_comp_s2w_28349_v2.png,28349,gemini_comp_s2w_28349_v1.png,gemini_comp_s2w_28349_v2.png,A < B,1,3,0,no,2025-11-03T01:42:41.320970+00:00,T000168,28349::gemini_comp_s2w_28349_v1.png>>gemini_comp_s2w_28349_v2.png::T000168,,2012,1707,825
28349::gemini_comp_s2w_28349_v1.png||gemini_comp_s2w_28349_v3.png,28349,gemini_comp_s2w_28349_v1.png,gemini_comp_s2w_28349_v3.png,A > B,-1,2,0,no,2025-11-03T01:42:30.818169+00:00,T000169,28349::gemini_comp_s2w_28349_v1.png>>gemini_comp_s2w_28349_v3.png::T000169,,5956,1707,825
28349::gemini_comp_s2w_28349_v1.png||gemini_comp_s2w_28349_v4.png,28349,gemini_comp_s2w_28349_v1.png,gemini_comp_s2w_28349_v4.png,A < B,1,3,0,no,2025-11-03T01:42:37.821120+00:00,T000170,28349::gemini_comp_s2w_28349_v1.png>>gemini_comp_s2w_28349_v4.png::T000170,,2689,1707,825
28349::gemini_comp_s2w_28349_v2.png||gemini_comp_s2w_28349_v3.png,28349,gemini_comp_s2w_28349_v2.png,gemini_comp_s2w_28349_v3.png,A > B,-1,2,0,no,2025-11-03T01:43:00.137717+00:00,T000171,28349::gemini_comp_s2w_28349_v2.png>>gemini_comp_s2w_28349_v3.png::T000171,,7790,1707,825
28349::gemini_comp_s2w_28349_v2.png||gemini_comp_s2w_28349_v4.png,28349,gemini_comp_s2w_28349_v2.png,gemini_comp_s2w_28349_v4.png,A > B,-1,2,0,no,2025-11-03T01:42:44.673202+00:00,T000172,28349::gemini_comp_s2w_28349_v2.png>>gemini_comp_s2w_28349_v4.png::T000172,,1455,1707,825
28349::gemini_comp_s2w_28349_v3.png||gemini_comp_s2w_28349_v4.png,28349,gemini_comp_s2w_28349_v3.png,gemini_comp_s2w_28349_v4.png,A > B,-1,2,0,no,2025-11-03T01:42:33.263656+00:00,T000173,28349::gemini_comp_s2w_28349_v3.png>>gemini_comp_s2w_28349_v4.png::T000173,,1965,1707,825
28792::gpt_comp_s2w_28792_v1.png||gpt_comp_s2w_28792_v2.png,28792,gpt_comp_s2w_28792_v1.png,gpt_comp_s2w_28792_v2.png,A < B,1,3,0,no,2025-11-03T01:44:14.918421+00:00,T000174,28792::gpt_comp_s2w_28792_v1.png>>gpt_comp_s2w_28792_v2.png::T000174,,53784,1707,825
28792::gpt_comp_s2w_28792_v1.png||gpt_comp_s2w_28792_v3.png,28792,gpt_comp_s2w_28792_v1.png,gpt_comp_s2w_28792_v3.png,A < B,1,3,0,no,2025-11-03T01:43:14.264747+00:00,T000175,28792::gpt_comp_s2w_28792_v1.png>>gpt_comp_s2w_28792_v3.png::T000175,,4669,1707,825
28792::gpt_comp_s2w_28792_v1.png||gpt_comp_s2w_28792_v4.png,28792,gpt_comp_s2w_28792_v1.png,gpt_comp_s2w_28792_v4.png,A < B,1,3,0,no,2025-11-03T01:44:23.987015+00:00,T000176,28792::gpt_comp_s2w_28792_v1.png>>gpt_comp_s2w_28792_v4.png::T000176,,1856,1707,825
28792::gpt_comp_s2w_28792_v2.png||gpt_comp_s2w_28792_v3.png,28792,gpt_comp_s2w_28792_v2.png,gpt_comp_s2w_28792_v3.png,A > B,-1,2,0,no,2025-11-03T01:43:19.659954+00:00,T000177,28792::gpt_comp_s2w_28792_v2.png>>gpt_comp_s2w_28792_v3.png::T000177,,3772,1707,825
28792::gpt_comp_s2w_28792_v2.png||gpt_comp_s2w_28792_v4.png,28792,gpt_comp_s2w_28792_v2.png,gpt_comp_s2w_28792_v4.png,A < B,1,3,0,no,2025-11-03T01:43:08.628685+00:00,T000178,28792::gpt_comp_s2w_28792_v2.png>>gpt_comp_s2w_28792_v4.png::T000178,,7433,1707,825
28792::gpt_comp_s2w_28792_v3.png||gpt_comp_s2w_28792_v4.png,28792,gpt_comp_s2w_28792_v3.png,gpt_comp_s2w_28792_v4.png,A < B,1,3,0,no,2025-11-03T01:44:20.408116+00:00,T000179,28792::gpt_comp_s2w_28792_v3.png>>gpt_comp_s2w_28792_v4.png::T000179,,3380,1707,825
28902::gpt_comp_s2w_28902_v1.png||gpt_comp_s2w_28902_v2.png,28902,gpt_comp_s2w_28902_v1.png,gpt_comp_s2w_28902_v2.png,A > B,-1,"2,2",0,no,2025-11-03T01:44:30.351586+00:00,T000180,28902::gpt_comp_s2w_28902_v1.png>>gpt_comp_s2w_28902_v2.png::T000180,,574,1707,825
28902::gpt_comp_s2w_28902_v1.png||gpt_comp_s2w_28902_v3.png,28902,gpt_comp_s2w_28902_v1.png,gpt_comp_s2w_28902_v3.png,A > B,-1,2,0,no,2025-11-03T01:44:40.675753+00:00,T000181,28902::gpt_comp_s2w_28902_v1.png>>gpt_comp_s2w_28902_v3.png::T000181,,3358,1707,825
28902::gpt_comp_s2w_28902_v1.png||gpt_comp_s2w_28902_v4.png,28902,gpt_comp_s2w_28902_v1.png,gpt_comp_s2w_28902_v4.png,A < B,1,"2,3",1,no,2025-11-03T01:44:35.834522+00:00,T000182,28902::gpt_comp_s2w_28902_v1.png>>gpt_comp_s2w_28902_v4.png::T000182,,933,1707,825
28902::gpt_comp_s2w_28902_v2.png||gpt_comp_s2w_28902_v3.png,28902,gpt_comp_s2w_28902_v2.png,gpt_comp_s2w_28902_v3.png,A > B,-1,2,0,no,2025-11-03T01:44:51.549098+00:00,T000183,28902::gpt_comp_s2w_28902_v2.png>>gpt_comp_s2w_28902_v3.png::T000183,,1368,1707,825
28902::gpt_comp_s2w_28902_v2.png||gpt_comp_s2w_28902_v4.png,28902,gpt_comp_s2w_28902_v2.png,gpt_comp_s2w_28902_v4.png,A > B,-1,2,0,no,2025-11-03T01:44:45.151107+00:00,T000184,28902::gpt_comp_s2w_28902_v2.png>>gpt_comp_s2w_28902_v4.png::T000184,,2396,1707,825
28902::gpt_comp_s2w_28902_v3.png||gpt_comp_s2w_28902_v4.png,28902,gpt_comp_s2w_28902_v3.png,gpt_comp_s2w_28902_v4.png,A < B,1,3,0,no,2025-11-03T01:44:48.934157+00:00,T000185,28902::gpt_comp_s2w_28902_v3.png>>gpt_comp_s2w_28902_v4.png::T000185,,2663,1707,825
29179::gemini_comp_s2w_29179_v1.png||gemini_comp_s2w_29179_v2.png,29179,gemini_comp_s2w_29179_v1.png,gemini_comp_s2w_29179_v2.png,A > B,-1,2,0,no,2025-11-03T01:46:04.032009+00:00,T000186,29179::gemini_comp_s2w_29179_v1.png>>gemini_comp_s2w_29179_v2.png::T000186,,11496,1707,825
29179::gemini_comp_s2w_29179_v1.png||gemini_comp_s2w_29179_v3.png,29179,gemini_comp_s2w_29179_v1.png,gemini_comp_s2w_29179_v3.png,A > B,-1,2,0,no,2025-11-03T01:46:11.379411+00:00,T000187,29179::gemini_comp_s2w_29179_v1.png>>gemini_comp_s2w_29179_v3.png::T000187,,6057,1707,825
29179::gemini_comp_s2w_29179_v1.png||gemini_comp_s2w_29179_v4.png,29179,gemini_comp_s2w_29179_v1.png,gemini_comp_s2w_29179_v4.png,A < B,1,3,0,no,2025-11-03T01:46:17.294632+00:00,T000188,29179::gemini_comp_s2w_29179_v1.png>>gemini_comp_s2w_29179_v4.png::T000188,,5103,1707,825
29179::gemini_comp_s2w_29179_v2.png||gemini_comp_s2w_29179_v3.png,29179,gemini_comp_s2w_29179_v2.png,gemini_comp_s2w_29179_v3.png,A < B,1,3,0,no,2025-11-03T01:44:59.626925+00:00,T000189,29179::gemini_comp_s2w_29179_v2.png>>gemini_comp_s2w_29179_v3.png::T000189,,6665,1707,825
29179::gemini_comp_s2w_29179_v2.png||gemini_comp_s2w_29179_v4.png,29179,gemini_comp_s2w_29179_v2.png,gemini_comp_s2w_29179_v4.png,A < B,1,3,0,no,2025-11-03T01:45:50.049883+00:00,T000190,29179::gemini_comp_s2w_29179_v2.png>>gemini_comp_s2w_29179_v4.png::T000190,,6844,1707,825
29179::gemini_comp_s2w_29179_v3.png||gemini_comp_s2w_29179_v4.png,29179,gemini_comp_s2w_29179_v3.png,gemini_comp_s2w_29179_v4.png,A < B,1,3,0,no,2025-11-03T01:45:41.542721+00:00,T000191,29179::gemini_comp_s2w_29179_v3.png>>gemini_comp_s2w_29179_v4.png::T000191,,39992,1707,825
2962::gpt_comp_s2w_2962_v1.png||gpt_comp_s2w_2962_v2.png,2962,gpt_comp_s2w_2962_v1.png,gpt_comp_s2w_2962_v2.png,A < B,1,3,0,no,2025-11-03T01:46:33.511113+00:00,T000192,2962::gpt_comp_s2w_2962_v1.png>>gpt_comp_s2w_2962_v2.png::T000192,,9077,1707,825
2962::gpt_comp_s2w_2962_v1.png||gpt_comp_s2w_2962_v3.png,2962,gpt_comp_s2w_2962_v1.png,gpt_comp_s2w_2962_v3.png,A < B,1,3,0,no,2025-11-03T01:47:01.030625+00:00,T000193,2962::gpt_comp_s2w_2962_v1.png>>gpt_comp_s2w_2962_v3.png::T000193,,13159,1707,825
2962::gpt_comp_s2w_2962_v1.png||gpt_comp_s2w_2962_v4.png,2962,gpt_comp_s2w_2962_v1.png,gpt_comp_s2w_2962_v4.png,A < B,1,"3,3",0,no,2025-11-03T01:46:22.720121+00:00,T000194,2962::gpt_comp_s2w_2962_v1.png>>gpt_comp_s2w_2962_v4.png::T000194,,4339,1707,825
2962::gpt_comp_s2w_2962_v2.png||gpt_comp_s2w_2962_v3.png,2962,gpt_comp_s2w_2962_v2.png,gpt_comp_s2w_2962_v3.png,A > B,-1,2,0,no,2025-11-03T01:46:42.040815+00:00,T000195,2962::gpt_comp_s2w_2962_v2.png>>gpt_comp_s2w_2962_v3.png::T000195,,7257,1707,825
2962::gpt_comp_s2w_2962_v2.png||gpt_comp_s2w_2962_v4.png,2962,gpt_comp_s2w_2962_v2.png,gpt_comp_s2w_2962_v4.png,A > B,-1,2,0,no,2025-11-03T01:46:45.850132+00:00,T000196,2962::gpt_comp_s2w_2962_v2.png>>gpt_comp_s2w_2962_v4.png::T000196,,2399,1707,825
2962::gpt_comp_s2w_2962_v3.png||gpt_comp_s2w_2962_v4.png,2962,gpt_comp_s2w_2962_v3.png,gpt_comp_s2w_2962_v4.png,A < B,1,3,0,no,2025-11-03T01:47:13.786863+00:00,T000197,2962::gpt_comp_s2w_2962_v3.png>>gpt_comp_s2w_2962_v4.png::T000197,,11088,1707,825
30987::gemini_comp_s2w_30987_v1.png||gemini_comp_s2w_30987_v2.png,30987,gemini_comp_s2w_30987_v1.png,gemini_comp_s2w_30987_v2.png,A << B,2,4,0,no,2025-11-03T01:47:42.563194+00:00,T000198,30987::gemini_comp_s2w_30987_v1.png>>gemini_comp_s2w_30987_v2.png::T000198,,1163,1707,825
30987::gemini_comp_s2w_30987_v1.png||gemini_comp_s2w_30987_v3.png,30987,gemini_comp_s2w_30987_v1.png,gemini_comp_s2w_30987_v3.png,A << B,2,"4,4",0,no,2025-11-03T01:47:40.415277+00:00,T000199,30987::gemini_comp_s2w_30987_v1.png>>gemini_comp_s2w_30987_v3.png::T000199,,3645,1707,825
30987::gemini_comp_s2w_30987_v1.png||gemini_comp_s2w_30987_v4.png,30987,gemini_comp_s2w_30987_v1.png,gemini_comp_s2w_30987_v4.png,A << B,2,4,0,no,2025-11-03T01:47:18.750818+00:00,T000200,30987::gemini_comp_s2w_30987_v1.png>>gemini_comp_s2w_30987_v4.png::T000200,,3959,1707,825
30987::gemini_comp_s2w_30987_v2.png||gemini_comp_s2w_30987_v3.png,30987,gemini_comp_s2w_30987_v2.png,gemini_comp_s2w_30987_v3.png,A < B,1,3,0,no,2025-11-03T01:47:33.457211+00:00,T000201,30987::gemini_comp_s2w_30987_v2.png>>gemini_comp_s2w_30987_v3.png::T000201,,13754,1707,825
30987::gemini_comp_s2w_30987_v2.png||gemini_comp_s2w_30987_v4.png,30987,gemini_comp_s2w_30987_v2.png,gemini_comp_s2w_30987_v4.png,A < B,1,3,0,no,2025-11-03T01:47:47.059763+00:00,T000202,30987::gemini_comp_s2w_30987_v2.png>>gemini_comp_s2w_30987_v4.png::T000202,,3100,1707,825
30987::gemini_comp_s2w_30987_v3.png||gemini_comp_s2w_30987_v4.png,30987,gemini_comp_s2w_30987_v3.png,gemini_comp_s2w_30987_v4.png,A > B,-1,"3,2",1,no,2025-11-03T01:47:53.170347+00:00,T000203,30987::gemini_comp_s2w_30987_v3.png>>gemini_comp_s2w_30987_v4.png::T000203,,2264,1707,825
31780::gemini_comp_s2w_31780_v1.png||gemini_comp_s2w_31780_v2.png,31780,gemini_comp_s2w_31780_v1.png,gemini_comp_s2w_31780_v2.png,A < B,1,"2,3",1,no,2025-11-03T01:48:17.748060+00:00,T000204,31780::gemini_comp_s2w_31780_v1.png>>gemini_comp_s2w_31780_v2.png::T000204,,19054,1707,825
31780::gemini_comp_s2w_31780_v1.png||gemini_comp_s2w_31780_v3.png,31780,gemini_comp_s2w_31780_v1.png,gemini_comp_s2w_31780_v3.png,A < B,1,3,0,no,2025-11-03T01:48:43.340408+00:00,T000205,31780::gemini_comp_s2w_31780_v1.png>>gemini_comp_s2w_31780_v3.png::T000205,,19639,1707,825
31780::gemini_comp_s2w_31780_v1.png||gemini_comp_s2w_31780_v4.png,31780,gemini_comp_s2w_31780_v1.png,gemini_comp_s2w_31780_v4.png,A < B,1,3,0,no,2025-11-03T01:49:11.036715+00:00,T000206,31780::gemini_comp_s2w_31780_v1.png>>gemini_comp_s2w_31780_v4.png::T000206,,11934,1707,825
31780::gemini_comp_s2w_31780_v2.png||gemini_comp_s2w_31780_v3.png,31780,gemini_comp_s2w_31780_v2.png,gemini_comp_s2w_31780_v3.png,A > B,-1,2,0,no,2025-11-03T01:48:22.743082+00:00,T000207,31780::gemini_comp_s2w_31780_v2.png>>gemini_comp_s2w_31780_v3.png::T000207,,3199,1707,825
31780::gemini_comp_s2w_31780_v2.png||gemini_comp_s2w_31780_v4.png,31780,gemini_comp_s2w_31780_v2.png,gemini_comp_s2w_31780_v4.png,A > B,-1,2,0,no,2025-11-03T01:48:51.624553+00:00,T000208,31780::gemini_comp_s2w_31780_v2.png>>gemini_comp_s2w_31780_v4.png::T000208,,6491,1707,825
31780::gemini_comp_s2w_31780_v3.png||gemini_comp_s2w_31780_v4.png,31780,gemini_comp_s2w_31780_v3.png,gemini_comp_s2w_31780_v4.png,A > B,-1,2,0,no,2025-11-03T01:48:57.928925+00:00,T000209,31780::gemini_comp_s2w_31780_v3.png>>gemini_comp_s2w_31780_v4.png::T000209,,5004,1707,825
32234::gemini_comp_s2w_32234_v1.png||gemini_comp_s2w_32234_v2.png,32234,gemini_comp_s2w_32234_v1.png,gemini_comp_s2w_32234_v2.png,A >> B,-2,1,0,no,2025-11-03T01:49:51.127995+00:00,T000210,32234::gemini_comp_s2w_32234_v1.png>>gemini_comp_s2w_32234_v2.png::T000210,,1695,1707,825
32234::gemini_comp_s2w_32234_v1.png||gemini_comp_s2w_32234_v3.png,32234,gemini_comp_s2w_32234_v1.png,gemini_comp_s2w_32234_v3.png,A > B,-1,2,0,no,2025-11-03T01:49:45.784968+00:00,T000211,32234::gemini_comp_s2w_32234_v1.png>>gemini_comp_s2w_32234_v3.png::T000211,,12508,1707,825
32234::gemini_comp_s2w_32234_v1.png||gemini_comp_s2w_32234_v4.png,32234,gemini_comp_s2w_32234_v1.png,gemini_comp_s2w_32234_v4.png,A > B,-1,2,0,no,2025-11-03T01:49:48.400977+00:00,T000212,32234::gemini_comp_s2w_32234_v1.png>>gemini_comp_s2w_32234_v4.png::T000212,,1701,1707,825
32234::gemini_comp_s2w_32234_v2.png||gemini_comp_s2w_32234_v3.png,32234,gemini_comp_s2w_32234_v2.png,gemini_comp_s2w_32234_v3.png,A << B,2,4,0,no,2025-11-03T01:49:31.854060+00:00,T000213,32234::gemini_comp_s2w_32234_v2.png>>gemini_comp_s2w_32234_v3.png::T000213,,3065,1707,825
32234::gemini_comp_s2w_32234_v2.png||gemini_comp_s2w_32234_v4.png,32234,gemini_comp_s2w_32234_v2.png,gemini_comp_s2w_32234_v4.png,A << B,2,4,0,no,2025-11-03T01:49:27.745643+00:00,T000214,32234::gemini_comp_s2w_32234_v2.png>>gemini_comp_s2w_32234_v4.png::T000214,,14965,1707,825
32234::gemini_comp_s2w_32234_v3.png||gemini_comp_s2w_32234_v4.png,32234,gemini_comp_s2w_32234_v3.png,gemini_comp_s2w_32234_v4.png,A > B,-1,2,0,no,2025-11-03T01:49:56.602997+00:00,T000215,32234::gemini_comp_s2w_32234_v3.png>>gemini_comp_s2w_32234_v4.png::T000215,,4488,1707,825
32828::gpt_comp_s2w_32828_v1.png||gpt_comp_s2w_32828_v2.png,32828,gpt_comp_s2w_32828_v1.png,gpt_comp_s2w_32828_v2.png,A < B,1,3,0,no,2025-11-03T01:50:35.483829+00:00,T000216,32828::gpt_comp_s2w_32828_v1.png>>gpt_comp_s2w_32828_v2.png::T000216,,9366,1707,825
32828::gpt_comp_s2w_32828_v1.png||gpt_comp_s2w_32828_v3.png,32828,gpt_comp_s2w_32828_v1.png,gpt_comp_s2w_32828_v3.png,A > B,-1,2,0,no,2025-11-03T01:50:39.824106+00:00,T000217,32828::gpt_comp_s2w_32828_v1.png>>gpt_comp_s2w_32828_v3.png::T000217,,3000,1707,825
32828::gpt_comp_s2w_32828_v1.png||gpt_comp_s2w_32828_v4.png,32828,gpt_comp_s2w_32828_v1.png,gpt_comp_s2w_32828_v4.png,A > B,-1,2,0,no,2025-11-03T01:50:52.990887+00:00,T000218,32828::gpt_comp_s2w_32828_v1.png>>gpt_comp_s2w_32828_v4.png::T000218,,4221,1707,825
32828::gpt_comp_s2w_32828_v2.png||gpt_comp_s2w_32828_v3.png,32828,gpt_comp_s2w_32828_v2.png,gpt_comp_s2w_32828_v3.png,A > B,-1,"3,2",1,no,2025-11-03T01:50:24.450056+00:00,T000219,32828::gpt_comp_s2w_32828_v2.png>>gpt_comp_s2w_32828_v3.png::T000219,,3010,1707,825
32828::gpt_comp_s2w_32828_v2.png||gpt_comp_s2w_32828_v4.png,32828,gpt_comp_s2w_32828_v2.png,gpt_comp_s2w_32828_v4.png,A > B,-1,2,0,no,2025-11-03T01:50:56.132391+00:00,T000220,32828::gpt_comp_s2w_32828_v2.png>>gpt_comp_s2w_32828_v4.png::T000220,,1523,1707,825
32828::gpt_comp_s2w_32828_v3.png||gpt_comp_s2w_32828_v4.png,32828,gpt_comp_s2w_32828_v3.png,gpt_comp_s2w_32828_v4.png,A > B,-1,2,0,no,2025-11-03T01:50:47.250311+00:00,T000221,32828::gpt_comp_s2w_32828_v3.png>>gpt_comp_s2w_32828_v4.png::T000221,,5805,1707,825
33330::gpt_comp_s2w_33330_v1.png||gpt_comp_s2w_33330_v2.png,33330,gpt_comp_s2w_33330_v1.png,gpt_comp_s2w_33330_v2.png,A < B,1,3,0,no,2025-11-03T01:51:45.508288+00:00,T000222,33330::gpt_comp_s2w_33330_v1.png>>gpt_comp_s2w_33330_v2.png::T000222,,48117,1707,825
33330::gpt_comp_s2w_33330_v1.png||gpt_comp_s2w_33330_v3.png,33330,gpt_comp_s2w_33330_v1.png,gpt_comp_s2w_33330_v3.png,A < B,1,"2,3",1,no,2025-11-03T01:52:29.500718+00:00,T000223,33330::gpt_comp_s2w_33330_v1.png>>gpt_comp_s2w_33330_v3.png::T000223,,1874,1707,825
33330::gpt_comp_s2w_33330_v1.png||gpt_comp_s2w_33330_v4.png,33330,gpt_comp_s2w_33330_v1.png,gpt_comp_s2w_33330_v4.png,A > B,-1,2,0,no,2025-11-03T01:52:05.932367+00:00,T000224,33330::gpt_comp_s2w_33330_v1.png>>gpt_comp_s2w_33330_v4.png::T000224,,4652,1707,825
33330::gpt_comp_s2w_33330_v2.png||gpt_comp_s2w_33330_v3.png,33330,gpt_comp_s2w_33330_v2.png,gpt_comp_s2w_33330_v3.png,A < B,1,3,0,no,2025-11-03T01:52:22.119761+00:00,T000225,33330::gpt_comp_s2w_33330_v2.png>>gpt_comp_s2w_33330_v3.png::T000225,,15506,1707,825
33330::gpt_comp_s2w_33330_v2.png||gpt_comp_s2w_33330_v4.png,33330,gpt_comp_s2w_33330_v2.png,gpt_comp_s2w_33330_v4.png,A > B,-1,2,0,no,2025-11-03T01:51:59.632351+00:00,T000226,33330::gpt_comp_s2w_33330_v2.png>>gpt_comp_s2w_33330_v4.png::T000226,,2112,1707,825
33330::gpt_comp_s2w_33330_v3.png||gpt_comp_s2w_33330_v4.png,33330,gpt_comp_s2w_33330_v3.png,gpt_comp_s2w_33330_v4.png,A > B,-1,2,0,no,2025-11-03T01:51:56.898353+00:00,T000227,33330::gpt_comp_s2w_33330_v3.png>>gpt_comp_s2w_33330_v4.png::T000227,,8528,1707,825
33934::gpt_comp_s2w_33934_v1.png||gpt_comp_s2w_33934_v2.png,33934,gpt_comp_s2w_33934_v1.png,gpt_comp_s2w_33934_v2.png,A < B,1,3,0,no,2025-11-03T01:53:40.223942+00:00,T000228,33934::gpt_comp_s2w_33934_v1.png>>gpt_comp_s2w_33934_v2.png::T000228,,69615,1707,825
33934::gpt_comp_s2w_33934_v1.png||gpt_comp_s2w_33934_v3.png,33934,gpt_comp_s2w_33934_v1.png,gpt_comp_s2w_33934_v3.png,A > B,-1,2,0,no,2025-11-03T01:54:07.381765+00:00,T000229,33934::gpt_comp_s2w_33934_v1.png>>gpt_comp_s2w_33934_v3.png::T000229,,3606,1707,825
33934::gpt_comp_s2w_33934_v1.png||gpt_comp_s2w_33934_v4.png,33934,gpt_comp_s2w_33934_v1.png,gpt_comp_s2w_33934_v4.png,A < B,1,3,0,no,2025-11-03T01:53:55.240903+00:00,T000230,33934::gpt_comp_s2w_33934_v1.png>>gpt_comp_s2w_33934_v4.png::T000230,,4409,1707,825
33934::gpt_comp_s2w_33934_v2.png||gpt_comp_s2w_33934_v3.png,33934,gpt_comp_s2w_33934_v2.png,gpt_comp_s2w_33934_v3.png,A > B,-1,2,0,no,2025-11-03T01:54:10.550420+00:00,T000231,33934::gpt_comp_s2w_33934_v2.png>>gpt_comp_s2w_33934_v3.png::T000231,,2106,1707,825
33934::gpt_comp_s2w_33934_v2.png||gpt_comp_s2w_33934_v4.png,33934,gpt_comp_s2w_33934_v2.png,gpt_comp_s2w_33934_v4.png,A < B,1,3,0,no,2025-11-03T01:54:02.387291+00:00,T000232,33934::gpt_comp_s2w_33934_v2.png>>gpt_comp_s2w_33934_v4.png::T000232,,6399,1707,825
33934::gpt_comp_s2w_33934_v3.png||gpt_comp_s2w_33934_v4.png,33934,gpt_comp_s2w_33934_v3.png,gpt_comp_s2w_33934_v4.png,A < B,1,3,0,no,2025-11-03T01:53:50.332519+00:00,T000233,33934::gpt_comp_s2w_33934_v3.png>>gpt_comp_s2w_33934_v4.png::T000233,,8506,1707,825
3498::gemini_comp_s2w_3498_v1.png||gemini_comp_s2w_3498_v2.png,3498,gemini_comp_s2w_3498_v1.png,gemini_comp_s2w_3498_v2.png,A >> B,-2,1,0,no,2025-11-03T01:55:04.225810+00:00,T000234,3498::gemini_comp_s2w_3498_v1.png>>gemini_comp_s2w_3498_v2.png::T000234,,2453,1707,825
3498::gemini_comp_s2w_3498_v1.png||gemini_comp_s2w_3498_v3.png,3498,gemini_comp_s2w_3498_v1.png,gemini_comp_s2w_3498_v3.png,A > B,-1,2,0,no,2025-11-03T01:54:37.434400+00:00,T000235,3498::gemini_comp_s2w_3498_v1.png>>gemini_comp_s2w_3498_v3.png::T000235,,2823,1707,825
3498::gemini_comp_s2w_3498_v1.png||gemini_comp_s2w_3498_v4.png,3498,gemini_comp_s2w_3498_v1.png,gemini_comp_s2w_3498_v4.png,A < B,1,3,0,no,2025-11-03T01:55:13.482283+00:00,T000236,3498::gemini_comp_s2w_3498_v1.png>>gemini_comp_s2w_3498_v4.png::T000236,,8147,1707,825
3498::gemini_comp_s2w_3498_v2.png||gemini_comp_s2w_3498_v3.png,3498,gemini_comp_s2w_3498_v2.png,gemini_comp_s2w_3498_v3.png,A << B,2,4,0,no,2025-11-03T01:54:32.754857+00:00,T000237,3498::gemini_comp_s2w_3498_v2.png>>gemini_comp_s2w_3498_v3.png::T000237,,21274,1707,825
3498::gemini_comp_s2w_3498_v2.png||gemini_comp_s2w_3498_v4.png,3498,gemini_comp_s2w_3498_v2.png,gemini_comp_s2w_3498_v4.png,A << B,2,4,0,no,2025-11-03T01:55:16.573759+00:00,T000238,3498::gemini_comp_s2w_3498_v2.png>>gemini_comp_s2w_3498_v4.png::T000238,,1706,1707,825
3498::gemini_comp_s2w_3498_v3.png||gemini_comp_s2w_3498_v4.png,3498,gemini_comp_s2w_3498_v3.png,gemini_comp_s2w_3498_v4.png,A > B,-1,2,0,no,2025-11-03T01:55:00.509280+00:00,T000239,3498::gemini_comp_s2w_3498_v3.png>>gemini_comp_s2w_3498_v4.png::T000239,,21604,1707,825
35896::gemini_comp_s2w_35896_v1.png||gemini_comp_s2w_35896_v2.png,35896,gemini_comp_s2w_35896_v1.png,gemini_comp_s2w_35896_v2.png,A > B,-1,2,0,no,2025-11-03T01:56:29.340557+00:00,T000240,35896::gemini_comp_s2w_35896_v1.png>>gemini_comp_s2w_35896_v2.png::T000240,,10357,1707,825
35896::gemini_comp_s2w_35896_v1.png||gemini_comp_s2w_35896_v3.png,35896,gemini_comp_s2w_35896_v1.png,gemini_comp_s2w_35896_v3.png,A > B,-1,2,0,no,2025-11-03T01:56:16.609347+00:00,T000241,35896::gemini_comp_s2w_35896_v1.png>>gemini_comp_s2w_35896_v3.png::T000241,,29416,1707,825
35896::gemini_comp_s2w_35896_v1.png||gemini_comp_s2w_35896_v4.png,35896,gemini_comp_s2w_35896_v1.png,gemini_comp_s2w_35896_v4.png,A > B,-1,2,0,no,2025-11-03T02:01:08.127889+00:00,T000242,35896::gemini_comp_s2w_35896_v1.png>>gemini_comp_s2w_35896_v4.png::T000242,,2846,1707,825
35896::gemini_comp_s2w_35896_v2.png||gemini_comp_s2w_35896_v3.png,35896,gemini_comp_s2w_35896_v2.png,gemini_comp_s2w_35896_v3.png,A > B,-1,2,0,no,2025-11-03T01:55:45.282117+00:00,T000243,35896::gemini_comp_s2w_35896_v2.png>>gemini_comp_s2w_35896_v3.png::T000243,,27560,1707,825
35896::gemini_comp_s2w_35896_v2.png||gemini_comp_s2w_35896_v4.png,35896,gemini_comp_s2w_35896_v2.png,gemini_comp_s2w_35896_v4.png,A < B,1,3,0,no,2025-11-03T02:01:37.141855+00:00,T000244,35896::gemini_comp_s2w_35896_v2.png>>gemini_comp_s2w_35896_v4.png::T000244,,1790,1707,825
35896::gemini_comp_s2w_35896_v3.png||gemini_comp_s2w_35896_v4.png,35896,gemini_comp_s2w_35896_v3.png,gemini_comp_s2w_35896_v4.png,A < B,1,3,0,no,2025-11-03T02:01:33.771984+00:00,T000245,35896::gemini_comp_s2w_35896_v3.png>>gemini_comp_s2w_35896_v4.png::T000245,,16235,1707,825
37185::gemini_comp_s2w_37185_v1.png||gemini_comp_s2w_37185_v2.png,37185,gemini_comp_s2w_37185_v1.png,gemini_comp_s2w_37185_v2.png,A < B,1,3,0,no,2025-11-03T02:01:44.987674+00:00,T000246,37185::gemini_comp_s2w_37185_v1.png>>gemini_comp_s2w_37185_v2.png::T000246,,5689,1707,825
37185::gemini_comp_s2w_37185_v1.png||gemini_comp_s2w_37185_v3.png,37185,gemini_comp_s2w_37185_v1.png,gemini_comp_s2w_37185_v3.png,A < B,1,3,0,no,2025-11-03T02:01:53.884227+00:00,T000247,37185::gemini_comp_s2w_37185_v1.png>>gemini_comp_s2w_37185_v3.png::T000247,,2042,1707,825
37185::gemini_comp_s2w_37185_v1.png||gemini_comp_s2w_37185_v4.png,37185,gemini_comp_s2w_37185_v1.png,gemini_comp_s2w_37185_v4.png,A > B,-1,2,0,no,2025-11-03T02:01:50.712226+00:00,T000248,37185::gemini_comp_s2w_37185_v1.png>>gemini_comp_s2w_37185_v4.png::T000248,,4561,1707,825
37185::gemini_comp_s2w_37185_v2.png||gemini_comp_s2w_37185_v3.png,37185,gemini_comp_s2w_37185_v2.png,gemini_comp_s2w_37185_v3.png,A < B,1,3,0,no,2025-11-03T02:01:56.979448+00:00,T000249,37185::gemini_comp_s2w_37185_v2.png>>gemini_comp_s2w_37185_v3.png::T000249,,1921,1707,825
37185::gemini_comp_s2w_37185_v2.png||gemini_comp_s2w_37185_v4.png,37185,gemini_comp_s2w_37185_v2.png,gemini_comp_s2w_37185_v4.png,A > B,-1,2,0,no,2025-11-03T02:02:00.054267+00:00,T000250,37185::gemini_comp_s2w_37185_v2.png>>gemini_comp_s2w_37185_v4.png::T000250,,1908,1707,825
37185::gemini_comp_s2w_37185_v3.png||gemini_comp_s2w_37185_v4.png,37185,gemini_comp_s2w_37185_v3.png,gemini_comp_s2w_37185_v4.png,A > B,-1,2,0,no,2025-11-03T02:02:02.847201+00:00,T000251,37185::gemini_comp_s2w_37185_v3.png>>gemini_comp_s2w_37185_v4.png::T000251,,1643,1707,825
38140::gpt_comp_s2w_38140_v1.png||gpt_comp_s2w_38140_v2.png,38140,gpt_comp_s2w_38140_v1.png,gpt_comp_s2w_38140_v2.png,A > B,-1,2,0,no,2025-11-03T02:02:51.025451+00:00,T000252,38140::gpt_comp_s2w_38140_v1.png>>gpt_comp_s2w_38140_v2.png::T000252,,2650,1707,825
38140::gpt_comp_s2w_38140_v1.png||gpt_comp_s2w_38140_v3.png,38140,gpt_comp_s2w_38140_v1.png,gpt_comp_s2w_38140_v3.png,A > B,-1,2,0,no,2025-11-03T02:02:33.746089+00:00,T000253,38140::gpt_comp_s2w_38140_v1.png>>gpt_comp_s2w_38140_v3.png::T000253,,29717,1707,825
38140::gpt_comp_s2w_38140_v1.png||gpt_comp_s2w_38140_v4.png,38140,gpt_comp_s2w_38140_v1.png,gpt_comp_s2w_38140_v4.png,A < B,1,3,0,no,2025-11-03T02:03:03.282016+00:00,T000254,38140::gpt_comp_s2w_38140_v1.png>>gpt_comp_s2w_38140_v4.png::T000254,,2909,1707,825
38140::gpt_comp_s2w_38140_v2.png||gpt_comp_s2w_38140_v3.png,38140,gpt_comp_s2w_38140_v2.png,gpt_comp_s2w_38140_v3.png,A < B,1,3,0,no,2025-11-03T02:02:47.315939+00:00,T000255,38140::gpt_comp_s2w_38140_v2.png>>gpt_comp_s2w_38140_v3.png::T000255,,12194,1707,825
38140::gpt_comp_s2w_38140_v2.png||gpt_comp_s2w_38140_v4.png,38140,gpt_comp_s2w_38140_v2.png,gpt_comp_s2w_38140_v4.png,A < B,1,3,0,no,2025-11-03T02:03:06.292303+00:00,T000256,38140::gpt_comp_s2w_38140_v2.png>>gpt_comp_s2w_38140_v4.png::T000256,,1870,1707,825
38140::gpt_comp_s2w_38140_v3.png||gpt_comp_s2w_38140_v4.png,38140,gpt_comp_s2w_38140_v3.png,gpt_comp_s2w_38140_v4.png,A < B,1,3,0,no,2025-11-03T02:02:59.442758+00:00,T000257,38140::gpt_comp_s2w_38140_v3.png>>gpt_comp_s2w_38140_v4.png::T000257,,6531,1707,825
39241::gemini_comp_s2w_39241_v1.png||gemini_comp_s2w_39241_v2.png,39241,gemini_comp_s2w_39241_v1.png,gemini_comp_s2w_39241_v2.png,A < B,1,3,0,no,2025-11-03T02:03:25.933249+00:00,T000258,39241::gemini_comp_s2w_39241_v1.png>>gemini_comp_s2w_39241_v2.png::T000258,,18606,1707,825
39241::gemini_comp_s2w_39241_v1.png||gemini_comp_s2w_39241_v3.png,39241,gemini_comp_s2w_39241_v1.png,gemini_comp_s2w_39241_v3.png,A < B,1,3,0,no,2025-11-03T02:03:31.546802+00:00,T000259,39241::gemini_comp_s2w_39241_v1.png>>gemini_comp_s2w_39241_v3.png::T000259,,4854,1707,825
39241::gemini_comp_s2w_39241_v1.png||gemini_comp_s2w_39241_v4.png,39241,gemini_comp_s2w_39241_v1.png,gemini_comp_s2w_39241_v4.png,A < B,1,3,0,no,2025-11-03T02:03:51.801996+00:00,T000260,39241::gemini_comp_s2w_39241_v1.png>>gemini_comp_s2w_39241_v4.png::T000260,,2096,1707,825
39241::gemini_comp_s2w_39241_v2.png||gemini_comp_s2w_39241_v3.png,39241,gemini_comp_s2w_39241_v2.png,gemini_comp_s2w_39241_v3.png,A < B,1,3,0,no,2025-11-03T02:03:48.697272+00:00,T000261,39241::gemini_comp_s2w_39241_v2.png>>gemini_comp_s2w_39241_v3.png::T000261,,5057,1707,825
39241::gemini_comp_s2w_39241_v2.png||gemini_comp_s2w_39241_v4.png,39241,gemini_comp_s2w_39241_v2.png,gemini_comp_s2w_39241_v4.png,A < B,1,3,0,no,2025-11-03T02:03:37.089890+00:00,T000262,39241::gemini_comp_s2w_39241_v2.png>>gemini_comp_s2w_39241_v4.png::T000262,,4519,1707,825
39241::gemini_comp_s2w_39241_v3.png||gemini_comp_s2w_39241_v4.png,39241,gemini_comp_s2w_39241_v3.png,gemini_comp_s2w_39241_v4.png,A < B,1,3,0,no,2025-11-03T02:03:42.206849+00:00,T000263,39241::gemini_comp_s2w_39241_v3.png>>gemini_comp_s2w_39241_v4.png::T000263,,3383,1707,825
39995::gemini_comp_s2w_39995_v1.png||gemini_comp_s2w_39995_v2.png,39995,gemini_comp_s2w_39995_v1.png,gemini_comp_s2w_39995_v2.png,A > B,-1,2,0,no,2025-11-03T02:04:29.024784+00:00,T000264,39995::gemini_comp_s2w_39995_v1.png>>gemini_comp_s2w_39995_v2.png::T000264,,3078,1707,825
39995::gemini_comp_s2w_39995_v1.png||gemini_comp_s2w_39995_v3.png,39995,gemini_comp_s2w_39995_v1.png,gemini_comp_s2w_39995_v3.png,A > B,-1,2,0,no,2025-11-03T02:04:16.455432+00:00,T000265,39995::gemini_comp_s2w_39995_v1.png>>gemini_comp_s2w_39995_v3.png::T000265,,12803,1707,825
39995::gemini_comp_s2w_39995_v1.png||gemini_comp_s2w_39995_v4.png,39995,gemini_comp_s2w_39995_v1.png,gemini_comp_s2w_39995_v4.png,A < B,1,3,0,no,2025-11-03T02:04:39.454109+00:00,T000266,39995::gemini_comp_s2w_39995_v1.png>>gemini_comp_s2w_39995_v4.png::T000266,,9419,1707,825
39995::gemini_comp_s2w_39995_v2.png||gemini_comp_s2w_39995_v3.png,39995,gemini_comp_s2w_39995_v2.png,gemini_comp_s2w_39995_v3.png,A > B,-1,2,0,no,2025-11-03T02:04:02.456183+00:00,T000267,39995::gemini_comp_s2w_39995_v2.png>>gemini_comp_s2w_39995_v3.png::T000267,,9769,1707,825
39995::gemini_comp_s2w_39995_v2.png||gemini_comp_s2w_39995_v4.png,39995,gemini_comp_s2w_39995_v2.png,gemini_comp_s2w_39995_v4.png,A < B,1,3,0,no,2025-11-03T02:04:24.738189+00:00,T000268,39995::gemini_comp_s2w_39995_v2.png>>gemini_comp_s2w_39995_v4.png::T000268,,3288,1707,825
39995::gemini_comp_s2w_39995_v3.png||gemini_comp_s2w_39995_v4.png,39995,gemini_comp_s2w_39995_v3.png,gemini_comp_s2w_39995_v4.png,A < B,1,3,0,no,2025-11-03T02:04:20.292696+00:00,T000269,39995::gemini_comp_s2w_39995_v3.png>>gemini_comp_s2w_39995_v4.png::T000269,,2740,1707,825
4034::gpt_comp_s2w_4034_v1.png||gpt_comp_s2w_4034_v2.png,4034,gpt_comp_s2w_4034_v1.png,gpt_comp_s2w_4034_v2.png,A < B,1,3,0,no,2025-11-03T02:05:37.893287+00:00,T000270,4034::gpt_comp_s2w_4034_v1.png>>gpt_comp_s2w_4034_v2.png::T000270,,2430,1707,825
4034::gpt_comp_s2w_4034_v1.png||gpt_comp_s2w_4034_v3.png,4034,gpt_comp_s2w_4034_v1.png,gpt_comp_s2w_4034_v3.png,A > B,-1,2,0,no,2025-11-03T02:05:29.983634+00:00,T000271,4034::gpt_comp_s2w_4034_v1.png>>gpt_comp_s2w_4034_v3.png::T000271,,3201,1707,825
4034::gpt_comp_s2w_4034_v1.png||gpt_comp_s2w_4034_v4.png,4034,gpt_comp_s2w_4034_v1.png,gpt_comp_s2w_4034_v4.png,A > B,-1,2,0,no,2025-11-03T02:05:22.267643+00:00,T000272,4034::gpt_comp_s2w_4034_v1.png>>gpt_comp_s2w_4034_v4.png::T000272,,10952,1707,825
4034::gpt_comp_s2w_4034_v2.png||gpt_comp_s2w_4034_v3.png,4034,gpt_comp_s2w_4034_v2.png,gpt_comp_s2w_4034_v3.png,A > B,-1,2,0,no,2025-11-03T02:05:34.199947+00:00,T000273,4034::gpt_comp_s2w_4034_v2.png>>gpt_comp_s2w_4034_v3.png::T000273,,2574,1707,825
4034::gpt_comp_s2w_4034_v2.png||gpt_comp_s2w_4034_v4.png,4034,gpt_comp_s2w_4034_v2.png,gpt_comp_s2w_4034_v4.png,A > B,-1,2,0,no,2025-11-03T02:05:08.781272+00:00,T000274,4034::gpt_comp_s2w_4034_v2.png>>gpt_comp_s2w_4034_v4.png::T000274,,28226,1707,825
4034::gpt_comp_s2w_4034_v3.png||gpt_comp_s2w_4034_v4.png,4034,gpt_comp_s2w_4034_v3.png,gpt_comp_s2w_4034_v4.png,A < B,1,3,0,no,2025-11-03T02:05:41.528257+00:00,T000275,4034::gpt_comp_s2w_4034_v3.png>>gpt_comp_s2w_4034_v4.png::T000275,,2513,1707,825
40467::gpt_comp_s2w_40467_v1.png||gpt_comp_s2w_40467_v2.png,40467,gpt_comp_s2w_40467_v1.png,gpt_comp_s2w_40467_v2.png,A < B,1,3,0,no,2025-11-03T02:06:12.274768+00:00,T000276,40467::gpt_comp_s2w_40467_v1.png>>gpt_comp_s2w_40467_v2.png::T000276,,3004,1707,825
40467::gpt_comp_s2w_40467_v1.png||gpt_comp_s2w_40467_v3.png,40467,gpt_comp_s2w_40467_v1.png,gpt_comp_s2w_40467_v3.png,A < B,1,3,0,no,2025-11-03T02:06:06.881863+00:00,T000277,40467::gpt_comp_s2w_40467_v1.png>>gpt_comp_s2w_40467_v3.png::T000277,,4261,1707,825
40467::gpt_comp_s2w_40467_v1.png||gpt_comp_s2w_40467_v4.png,40467,gpt_comp_s2w_40467_v1.png,gpt_comp_s2w_40467_v4.png,A < B,1,3,0,no,2025-11-03T02:06:01.261487+00:00,T000278,40467::gpt_comp_s2w_40467_v1.png>>gpt_comp_s2w_40467_v4.png::T000278,,18708,1707,825
40467::gpt_comp_s2w_40467_v2.png||gpt_comp_s2w_40467_v3.png,40467,gpt_comp_s2w_40467_v2.png,gpt_comp_s2w_40467_v3.png,A > B,-1,2,0,no,2025-11-03T02:06:15.824574+00:00,T000279,40467::gpt_comp_s2w_40467_v2.png>>gpt_comp_s2w_40467_v3.png::T000279,,2495,1707,825
40467::gpt_comp_s2w_40467_v2.png||gpt_comp_s2w_40467_v4.png,40467,gpt_comp_s2w_40467_v2.png,gpt_comp_s2w_40467_v4.png,A > B,-1,2,0,no,2025-11-03T02:06:23.645897+00:00,T000280,40467::gpt_comp_s2w_40467_v2.png>>gpt_comp_s2w_40467_v4.png::T000280,,1785,1707,825
40467::gpt_comp_s2w_40467_v3.png||gpt_comp_s2w_40467_v4.png,40467,gpt_comp_s2w_40467_v3.png,gpt_comp_s2w_40467_v4.png,A > B,-1,2,0,no,2025-11-03T02:06:20.612094+00:00,T000281,40467::gpt_comp_s2w_40467_v3.png>>gpt_comp_s2w_40467_v4.png::T000281,,3755,1707,825
41454::gemini_comp_s2w_41454_v1.png||gemini_comp_s2w_41454_v2.png,41454,gemini_comp_s2w_41454_v1.png,gemini_comp_s2w_41454_v2.png,A > B,-1,2,0,no,2025-11-03T02:06:51.912772+00:00,T000282,41454::gemini_comp_s2w_41454_v1.png>>gemini_comp_s2w_41454_v2.png::T000282,,3702,1707,825
41454::gemini_comp_s2w_41454_v1.png||gemini_comp_s2w_41454_v3.png,41454,gemini_comp_s2w_41454_v1.png,gemini_comp_s2w_41454_v3.png,A > B,-1,2,0,no,2025-11-03T02:07:08.910146+00:00,T000283,41454::gemini_comp_s2w_41454_v1.png>>gemini_comp_s2w_41454_v3.png::T000283,,15906,1707,825
41454::gemini_comp_s2w_41454_v1.png||gemini_comp_s2w_41454_v4.png,41454,gemini_comp_s2w_41454_v1.png,gemini_comp_s2w_41454_v4.png,A < B,1,3,0,no,2025-11-03T02:06:47.344900+00:00,T000284,41454::gemini_comp_s2w_41454_v1.png>>gemini_comp_s2w_41454_v4.png::T000284,,22699,1707,825
41454::gemini_comp_s2w_41454_v2.png||gemini_comp_s2w_41454_v3.png,41454,gemini_comp_s2w_41454_v2.png,gemini_comp_s2w_41454_v3.png,A < B,1,3,0,no,2025-11-03T02:07:16.727385+00:00,T000285,41454::gemini_comp_s2w_41454_v2.png>>gemini_comp_s2w_41454_v3.png::T000285,,2779,1707,825
41454::gemini_comp_s2w_41454_v2.png||gemini_comp_s2w_41454_v4.png,41454,gemini_comp_s2w_41454_v2.png,gemini_comp_s2w_41454_v4.png,A < B,1,3,0,no,2025-11-03T02:07:12.875538+00:00,T000286,41454::gemini_comp_s2w_41454_v2.png>>gemini_comp_s2w_41454_v4.png::T000286,,2836,1707,825
41454::gemini_comp_s2w_41454_v3.png||gemini_comp_s2w_41454_v4.png,41454,gemini_comp_s2w_41454_v3.png,gemini_comp_s2w_41454_v4.png,A < B,1,3,0,no,2025-11-03T02:07:19.371884+00:00,T000287,41454::gemini_comp_s2w_41454_v3.png>>gemini_comp_s2w_41454_v4.png::T000287,,1983,1707,825
41874::gpt_comp_s2w_41874_v1.png||gpt_comp_s2w_41874_v2.png,41874,gpt_comp_s2w_41874_v1.png,gpt_comp_s2w_41874_v2.png,A > B,-1,2,0,no,2025-11-03T02:08:02.792728+00:00,T000288,41874::gpt_comp_s2w_41874_v1.png>>gpt_comp_s2w_41874_v2.png::T000288,,4741,1707,825
41874::gpt_comp_s2w_41874_v1.png||gpt_comp_s2w_41874_v3.png,41874,gpt_comp_s2w_41874_v1.png,gpt_comp_s2w_41874_v3.png,A < B,1,3,0,no,2025-11-03T02:08:07.130569+00:00,T000289,41874::gpt_comp_s2w_41874_v1.png>>gpt_comp_s2w_41874_v3.png::T000289,,3502,1707,825
41874::gpt_comp_s2w_41874_v1.png||gpt_comp_s2w_41874_v4.png,41874,gpt_comp_s2w_41874_v1.png,gpt_comp_s2w_41874_v4.png,A < B,1,3,0,no,2025-11-03T02:07:52.169048+00:00,T000290,41874::gpt_comp_s2w_41874_v1.png>>gpt_comp_s2w_41874_v4.png::T000290,,31561,1707,825
41874::gpt_comp_s2w_41874_v2.png||gpt_comp_s2w_41874_v4.png,41874,gpt_comp_s2w_41874_v2.png,gpt_comp_s2w_41874_v4.png,A < B,1,"3,3",0,no,2025-11-03T02:08:15.223703+00:00,T000292,41874::gpt_comp_s2w_41874_v2.png>>gpt_comp_s2w_41874_v4.png::T000292,,505,1707,825
41874::gpt_comp_s2w_41874_v3.png||gpt_comp_s2w_41874_v4.png,41874,gpt_comp_s2w_41874_v3.png,gpt_comp_s2w_41874_v4.png,A < B,1,3,0,no,2025-11-03T02:07:57.238103+00:00,T000293,41874::gpt_comp_s2w_41874_v3.png>>gpt_comp_s2w_41874_v4.png::T000293,,2489,1707,825
42605::gpt_comp_s2w_42605_v1.png||gpt_comp_s2w_42605_v2.png,42605,gpt_comp_s2w_42605_v1.png,gpt_comp_s2w_42605_v2.png,A > B,-1,"3,2",1,no,2025-11-03T02:09:36.471461+00:00,T000294,42605::gpt_comp_s2w_42605_v1.png>>gpt_comp_s2w_42605_v2.png::T000294,,2183,1707,825
42605::gpt_comp_s2w_42605_v1.png||gpt_comp_s2w_42605_v3.png,42605,gpt_comp_s2w_42605_v1.png,gpt_comp_s2w_42605_v3.png,A < B,1,"2,3",1,no,2025-11-03T02:09:17.352070+00:00,T000295,42605::gpt_comp_s2w_42605_v1.png>>gpt_comp_s2w_42605_v3.png::T000295,,18492,1707,825
42605::gpt_comp_s2w_42605_v1.png||gpt_comp_s2w_42605_v4.png,42605,gpt_comp_s2w_42605_v1.png,gpt_comp_s2w_42605_v4.png,A > B,-1,2,0,no,2025-11-03T02:09:25.458325+00:00,T000296,42605::gpt_comp_s2w_42605_v1.png>>gpt_comp_s2w_42605_v4.png::T000296,,2777,1707,825
42605::gpt_comp_s2w_42605_v2.png||gpt_comp_s2w_42605_v3.png,42605,gpt_comp_s2w_42605_v2.png,gpt_comp_s2w_42605_v3.png,A < B,1,3,0,no,2025-11-03T02:09:30.216726+00:00,T000297,42605::gpt_comp_s2w_42605_v2.png>>gpt_comp_s2w_42605_v3.png::T000297,,3623,1707,825
42605::gpt_comp_s2w_42605_v2.png||gpt_comp_s2w_42605_v4.png,42605,gpt_comp_s2w_42605_v2.png,gpt_comp_s2w_42605_v4.png,A > B,-1,2,0,no,2025-11-03T02:08:50.565569+00:00,T000298,42605::gpt_comp_s2w_42605_v2.png>>gpt_comp_s2w_42605_v4.png::T000298,,30826,1707,825
42605::gpt_comp_s2w_42605_v3.png||gpt_comp_s2w_42605_v4.png,42605,gpt_comp_s2w_42605_v3.png,gpt_comp_s2w_42605_v4.png,A > B,-1,2,0,no,2025-11-03T02:09:21.407526+00:00,T000299,42605::gpt_comp_s2w_42605_v3.png>>gpt_comp_s2w_42605_v4.png::T000299,,1939,1707,825
43005::gpt_comp_s2w_43005_v1.png||gpt_comp_s2w_43005_v2.png,43005,gpt_comp_s2w_43005_v1.png,gpt_comp_s2w_43005_v2.png,A > B,-1,2,0,no,2025-11-03T02:10:10.662492+00:00,T000300,43005::gpt_comp_s2w_43005_v1.png>>gpt_comp_s2w_43005_v2.png::T000300,,4169,1707,825
43005::gpt_comp_s2w_43005_v1.png||gpt_comp_s2w_43005_v3.png,43005,gpt_comp_s2w_43005_v1.png,gpt_comp_s2w_43005_v3.png,A < B,1,3,0,no,2025-11-03T02:10:04.714669+00:00,T000301,43005::gpt_comp_s2w_43005_v1.png>>gpt_comp_s2w_43005_v3.png::T000301,,5688,1707,825
43005::gpt_comp_s2w_43005_v2.png||gpt_comp_s2w_43005_v3.png,43005,gpt_comp_s2w_43005_v2.png,gpt_comp_s2w_43005_v3.png,A < B,1,3,0,no,2025-11-03T02:10:24.903302+00:00,T000303,43005::gpt_comp_s2w_43005_v2.png>>gpt_comp_s2w_43005_v3.png::T000303,,1983,1707,825
43005::gpt_comp_s2w_43005_v2.png||gpt_comp_s2w_43005_v4.png,43005,gpt_comp_s2w_43005_v2.png,gpt_comp_s2w_43005_v4.png,A > B,-1,2,0,no,2025-11-03T02:10:21.629709+00:00,T000304,43005::gpt_comp_s2w_43005_v2.png>>gpt_comp_s2w_43005_v4.png::T000304,,8472,1707,825
43005::gpt_comp_s2w_43005_v3.png||gpt_comp_s2w_43005_v4.png,43005,gpt_comp_s2w_43005_v3.png,gpt_comp_s2w_43005_v4.png,A > B,-1,2,0,no,2025-11-03T02:09:57.610537+00:00,T000305,43005::gpt_comp_s2w_43005_v3.png>>gpt_comp_s2w_43005_v4.png::T000305,,19960,1707,825
43195::gpt_comp_s2w_43195_v1.png||gpt_comp_s2w_43195_v2.png,43195,gpt_comp_s2w_43195_v1.png,gpt_comp_s2w_43195_v2.png,A > B,-1,2,0,no,2025-11-03T02:11:16.890586+00:00,T000306,43195::gpt_comp_s2w_43195_v1.png>>gpt_comp_s2w_43195_v2.png::T000306,,2954,1707,825
43195::gpt_comp_s2w_43195_v1.png||gpt_comp_s2w_43195_v3.png,43195,gpt_comp_s2w_43195_v1.png,gpt_comp_s2w_43195_v3.png,A > B,-1,2,0,no,2025-11-03T02:10:49.816165+00:00,T000307,43195::gpt_comp_s2w_43195_v1.png>>gpt_comp_s2w_43195_v3.png::T000307,,20712,1707,825
43195::gpt_comp_s2w_43195_v2.png||gpt_comp_s2w_43195_v3.png,43195,gpt_comp_s2w_43195_v2.png,gpt_comp_s2w_43195_v3.png,A < B,1,3,0,no,2025-11-03T02:11:08.479510+00:00,T000309,43195::gpt_comp_s2w_43195_v2.png>>gpt_comp_s2w_43195_v3.png::T000309,,8571,1707,825
43195::gpt_comp_s2w_43195_v2.png||gpt_comp_s2w_43195_v4.png,43195,gpt_comp_s2w_43195_v2.png,gpt_comp_s2w_43195_v4.png,A < B,1,3,0,no,2025-11-03T02:11:12.983343+00:00,T000310,43195::gpt_comp_s2w_43195_v2.png>>gpt_comp_s2w_43195_v4.png::T000310,,3459,1707,825
43195::gpt_comp_s2w_43195_v3.png||gpt_comp_s2w_43195_v4.png,43195,gpt_comp_s2w_43195_v3.png,gpt_comp_s2w_43195_v4.png,A > B,-1,2,0,no,2025-11-03T02:10:58.321038+00:00,T000311,43195::gpt_comp_s2w_43195_v3.png>>gpt_comp_s2w_43195_v4.png::T000311,,6904,1707,825
43768::gemini_comp_s2w_43768_v1.png||gemini_comp_s2w_43768_v2.png,43768,gemini_comp_s2w_43768_v1.png,gemini_comp_s2w_43768_v2.png,A < B,1,3,0,no,2025-11-03T02:12:09.095330+00:00,T000312,43768::gemini_comp_s2w_43768_v1.png>>gemini_comp_s2w_43768_v2.png::T000312,,17574,1707,825
43768::gemini_comp_s2w_43768_v1.png||gemini_comp_s2w_43768_v3.png,43768,gemini_comp_s2w_43768_v1.png,gemini_comp_s2w_43768_v3.png,A > B,-1,2,0,no,2025-11-03T02:12:14.167331+00:00,T000313,43768::gemini_comp_s2w_43768_v1.png>>gemini_comp_s2w_43768_v3.png::T000313,,3920,1707,825
43768::gemini_comp_s2w_43768_v1.png||gemini_comp_s2w_43768_v4.png,43768,gemini_comp_s2w_43768_v1.png,gemini_comp_s2w_43768_v4.png,A < B,1,3,0,no,2025-11-03T02:12:23.058984+00:00,T000314,43768::gemini_comp_s2w_43768_v1.png>>gemini_comp_s2w_43768_v4.png::T000314,,3490,1707,825
43768::gemini_comp_s2w_43768_v2.png||gemini_comp_s2w_43768_v3.png,43768,gemini_comp_s2w_43768_v2.png,gemini_comp_s2w_43768_v3.png,A > B,-1,2,0,no,2025-11-03T02:12:18.304019+00:00,T000315,43768::gemini_comp_s2w_43768_v2.png>>gemini_comp_s2w_43768_v3.png::T000315,,2471,1707,825
43768::gemini_comp_s2w_43768_v2.png||gemini_comp_s2w_43768_v4.png,43768,gemini_comp_s2w_43768_v2.png,gemini_comp_s2w_43768_v4.png,A > B,-1,2,0,no,2025-11-03T02:12:28.888886+00:00,T000316,43768::gemini_comp_s2w_43768_v2.png>>gemini_comp_s2w_43768_v4.png::T000316,,3870,1707,825
43768::gemini_comp_s2w_43768_v3.png||gemini_comp_s2w_43768_v4.png,43768,gemini_comp_s2w_43768_v3.png,gemini_comp_s2w_43768_v4.png,A < B,1,3,0,no,2025-11-03T02:11:49.777367+00:00,T000317,43768::gemini_comp_s2w_43768_v3.png>>gemini_comp_s2w_43768_v4.png::T000317,,31621,1707,825
44186::gemini_comp_s2w_44186_v1.png||gemini_comp_s2w_44186_v2.png,44186,gemini_comp_s2w_44186_v1.png,gemini_comp_s2w_44186_v2.png,A < B,1,3,0,no,2025-11-03T02:13:11.208954+00:00,T000318,44186::gemini_comp_s2w_44186_v1.png>>gemini_comp_s2w_44186_v2.png::T000318,,13353,1707,825
44186::gemini_comp_s2w_44186_v1.png||gemini_comp_s2w_44186_v3.png,44186,gemini_comp_s2w_44186_v1.png,gemini_comp_s2w_44186_v3.png,A > B,-1,2,0,no,2025-11-03T02:12:40.377147+00:00,T000319,44186::gemini_comp_s2w_44186_v1.png>>gemini_comp_s2w_44186_v3.png::T000319,,6583,1707,825
44186::gemini_comp_s2w_44186_v1.png||gemini_comp_s2w_44186_v4.png,44186,gemini_comp_s2w_44186_v1.png,gemini_comp_s2w_44186_v4.png,A > B,-1,2,0,no,2025-11-03T02:13:19.434251+00:00,T000320,44186::gemini_comp_s2w_44186_v1.png>>gemini_comp_s2w_44186_v4.png::T000320,,7084,1707,825
44186::gemini_comp_s2w_44186_v2.png||gemini_comp_s2w_44186_v3.png,44186,gemini_comp_s2w_44186_v2.png,gemini_comp_s2w_44186_v3.png,A > B,-1,2,0,no,2025-11-03T02:13:28.675458+00:00,T000321,44186::gemini_comp_s2w_44186_v2.png>>gemini_comp_s2w_44186_v3.png::T000321,,8170,1707,825
44186::gemini_comp_s2w_44186_v2.png||gemini_comp_s2w_44186_v4.png,44186,gemini_comp_s2w_44186_v2.png,gemini_comp_s2w_44186_v4.png,A > B,-1,2,0,no,2025-11-03T02:13:35.627372+00:00,T000322,44186::gemini_comp_s2w_44186_v2.png>>gemini_comp_s2w_44186_v4.png::T000322,,1965,1707,825
44186::gemini_comp_s2w_44186_v3.png||gemini_comp_s2w_44186_v4.png,44186,gemini_comp_s2w_44186_v3.png,gemini_comp_s2w_44186_v4.png,A < B,1,3,0,no,2025-11-03T02:13:32.484854+00:00,T000323,44186::gemini_comp_s2w_44186_v3.png>>gemini_comp_s2w_44186_v4.png::T000323,,2711,1707,825
45556::gpt_comp_s2w_45556_v1.png||gpt_comp_s2w_45556_v2.png,45556,gpt_comp_s2w_45556_v1.png,gpt_comp_s2w_45556_v2.png,A > B,-1,2,0,no,2025-11-03T02:14:24.648029+00:00,T000324,45556::gpt_comp_s2w_45556_v1.png>>gpt_comp_s2w_45556_v2.png::T000324,,6316,1707,825
45556::gpt_comp_s2w_45556_v1.png||gpt_comp_s2w_45556_v3.png,45556,gpt_comp_s2w_45556_v1.png,gpt_comp_s2w_45556_v3.png,A > B,-1,2,0,no,2025-11-03T02:14:30.111311+00:00,T000325,45556::gpt_comp_s2w_45556_v1.png>>gpt_comp_s2w_45556_v3.png::T000325,,4298,1707,825
45556::gpt_comp_s2w_45556_v1.png||gpt_comp_s2w_45556_v4.png,45556,gpt_comp_s2w_45556_v1.png,gpt_comp_s2w_45556_v4.png,A < B,1,3,0,no,2025-11-03T02:14:33.043046+00:00,T000326,45556::gpt_comp_s2w_45556_v1.png>>gpt_comp_s2w_45556_v4.png::T000326,,1739,1707,825
45556::gpt_comp_s2w_45556_v2.png||gpt_comp_s2w_45556_v3.png,45556,gpt_comp_s2w_45556_v2.png,gpt_comp_s2w_45556_v3.png,A > B,-1,"2,2",0,no,2025-11-03T02:13:53.793248+00:00,T000327,45556::gpt_comp_s2w_45556_v2.png>>gpt_comp_s2w_45556_v3.png::T000327,,249,1707,825
45556::gpt_comp_s2w_45556_v2.png||gpt_comp_s2w_45556_v4.png,45556,gpt_comp_s2w_45556_v2.png,gpt_comp_s2w_45556_v4.png,A < B,1,3,0,no,2025-11-03T02:14:11.146227+00:00,T000328,45556::gpt_comp_s2w_45556_v2.png>>gpt_comp_s2w_45556_v4.png::T000328,,8822,1707,825
45556::gpt_comp_s2w_45556_v3.png||gpt_comp_s2w_45556_v4.png,45556,gpt_comp_s2w_45556_v3.png,gpt_comp_s2w_45556_v4.png,A < B,1,3,0,no,2025-11-03T02:14:17.266380+00:00,T000329,45556::gpt_comp_s2w_45556_v3.png>>gpt_comp_s2w_45556_v4.png::T000329,,4957,1707,825
46783::gpt_comp_s2w_46783_v1.png||gpt_comp_s2w_46783_v2.png,46783,gpt_comp_s2w_46783_v1.png,gpt_comp_s2w_46783_v2.png,A < B,1,3,0,no,2025-11-03T02:14:54.806498+00:00,T000330,46783::gpt_comp_s2w_46783_v1.png>>gpt_comp_s2w_46783_v2.png::T000330,,2305,1707,825
46783::gpt_comp_s2w_46783_v1.png||gpt_comp_s2w_46783_v3.png,46783,gpt_comp_s2w_46783_v1.png,gpt_comp_s2w_46783_v3.png,A < B,1,3,0,no,2025-11-03T02:14:45.662904+00:00,T000331,46783::gpt_comp_s2w_46783_v1.png>>gpt_comp_s2w_46783_v3.png::T000331,,2274,1707,825
46783::gpt_comp_s2w_46783_v1.png||gpt_comp_s2w_46783_v4.png,46783,gpt_comp_s2w_46783_v1.png,gpt_comp_s2w_46783_v4.png,A < B,1,3,0,no,2025-11-03T02:14:37.847498+00:00,T000332,46783::gpt_comp_s2w_46783_v1.png>>gpt_comp_s2w_46783_v4.png::T000332,,3567,1707,825
46783::gpt_comp_s2w_46783_v2.png||gpt_comp_s2w_46783_v3.png,46783,gpt_comp_s2w_46783_v2.png,gpt_comp_s2w_46783_v3.png,A < B,1,3,0,no,2025-11-03T02:14:51.603234+00:00,T000333,46783::gpt_comp_s2w_46783_v2.png>>gpt_comp_s2w_46783_v3.png::T000333,,4892,1707,825
46783::gpt_comp_s2w_46783_v2.png||gpt_comp_s2w_46783_v4.png,46783,gpt_comp_s2w_46783_v2.png,gpt_comp_s2w_46783_v4.png,A < B,1,3,0,no,2025-11-03T02:14:42.282120+00:00,T000334,46783::gpt_comp_s2w_46783_v2.png>>gpt_comp_s2w_46783_v4.png::T000334,,3529,1707,825
46783::gpt_comp_s2w_46783_v3.png||gpt_comp_s2w_46783_v4.png,46783,gpt_comp_s2w_46783_v3.png,gpt_comp_s2w_46783_v4.png,A < B,1,3,0,no,2025-11-03T02:15:00.541822+00:00,T000335,46783::gpt_comp_s2w_46783_v3.png>>gpt_comp_s2w_46783_v4.png::T000335,,4091,1707,825
47573::gpt_comp_s2w_47573_v1.png||gpt_comp_s2w_47573_v2.png,47573,gpt_comp_s2w_47573_v1.png,gpt_comp_s2w_47573_v2.png,A < B,1,3,0,no,2025-11-03T02:15:51.576743+00:00,T000336,47573::gpt_comp_s2w_47573_v1.png>>gpt_comp_s2w_47573_v2.png::T000336,,2747,1707,825
47573::gpt_comp_s2w_47573_v1.png||gpt_comp_s2w_47573_v3.png,47573,gpt_comp_s2w_47573_v1.png,gpt_comp_s2w_47573_v3.png,A < B,1,3,0,no,2025-11-03T02:15:47.810043+00:00,T000337,47573::gpt_comp_s2w_47573_v1.png>>gpt_comp_s2w_47573_v3.png::T000337,,2632,1707,825
47573::gpt_comp_s2w_47573_v1.png||gpt_comp_s2w_47573_v4.png,47573,gpt_comp_s2w_47573_v1.png,gpt_comp_s2w_47573_v4.png,A < B,1,3,0,no,2025-11-03T02:15:44.044027+00:00,T000338,47573::gpt_comp_s2w_47573_v1.png>>gpt_comp_s2w_47573_v4.png::T000338,,2226,1707,825
47573::gpt_comp_s2w_47573_v2.png||gpt_comp_s2w_47573_v3.png,47573,gpt_comp_s2w_47573_v2.png,gpt_comp_s2w_47573_v3.png,A < B,1,3,0,no,2025-11-03T02:15:54.735073+00:00,T000339,47573::gpt_comp_s2w_47573_v2.png>>gpt_comp_s2w_47573_v3.png::T000339,,2066,1707,825
47573::gpt_comp_s2w_47573_v2.png||gpt_comp_s2w_47573_v4.png,47573,gpt_comp_s2w_47573_v2.png,gpt_comp_s2w_47573_v4.png,A < B,1,3,0,no,2025-11-03T02:15:40.697317+00:00,T000340,47573::gpt_comp_s2w_47573_v2.png>>gpt_comp_s2w_47573_v4.png::T000340,,2083,1707,825
47573::gpt_comp_s2w_47573_v3.png||gpt_comp_s2w_47573_v4.png,47573,gpt_comp_s2w_47573_v3.png,gpt_comp_s2w_47573_v4.png,A < B,1,3,0,no,2025-11-03T02:15:37.610279+00:00,T000341,47573::gpt_comp_s2w_47573_v3.png>>gpt_comp_s2w_47573_v4.png::T000341,,35067,1707,825
49070::gpt_comp_s2w_49070_v1.png||gpt_comp_s2w_49070_v2.png,49070,gpt_comp_s2w_49070_v1.png,gpt_comp_s2w_49070_v2.png,A > B,-1,2,0,no,2025-11-03T02:16:16.179982+00:00,T000342,49070::gpt_comp_s2w_49070_v1.png>>gpt_comp_s2w_49070_v2.png::T000342,,8778,1707,825
49070::gpt_comp_s2w_49070_v1.png||gpt_comp_s2w_49070_v3.png,49070,gpt_comp_s2w_49070_v1.png,gpt_comp_s2w_49070_v3.png,A > B,-1,2,0,no,2025-11-03T02:16:21.744899+00:00,T000343,49070::gpt_comp_s2w_49070_v1.png>>gpt_comp_s2w_49070_v3.png::T000343,,4324,1707,825
49070::gpt_comp_s2w_49070_v1.png||gpt_comp_s2w_49070_v4.png,49070,gpt_comp_s2w_49070_v1.png,gpt_comp_s2w_49070_v4.png,A > B,-1,2,0,no,2025-11-03T02:16:31.791250+00:00,T000344,49070::gpt_comp_s2w_49070_v1.png>>gpt_comp_s2w_49070_v4.png::T000344,,1498,1707,825
49070::gpt_comp_s2w_49070_v2.png||gpt_comp_s2w_49070_v3.png,49070,gpt_comp_s2w_49070_v2.png,gpt_comp_s2w_49070_v3.png,A > B,-1,2,0,no,2025-11-03T02:16:29.244135+00:00,T000345,49070::gpt_comp_s2w_49070_v2.png>>gpt_comp_s2w_49070_v3.png::T000345,,6279,1707,825
49070::gpt_comp_s2w_49070_v2.png||gpt_comp_s2w_49070_v4.png,49070,gpt_comp_s2w_49070_v2.png,gpt_comp_s2w_49070_v4.png,A > B,-1,2,0,no,2025-11-03T02:16:00.002429+00:00,T000346,49070::gpt_comp_s2w_49070_v2.png>>gpt_comp_s2w_49070_v4.png::T000346,,4174,1707,825
49070::gpt_comp_s2w_49070_v3.png||gpt_comp_s2w_49070_v4.png,49070,gpt_comp_s2w_49070_v3.png,gpt_comp_s2w_49070_v4.png,A > B,-1,2,0,no,2025-11-03T02:16:34.132541+00:00,T000347,49070::gpt_comp_s2w_49070_v3.png>>gpt_comp_s2w_49070_v4.png::T000347,,1282,1707,825
49428::gemini_comp_s2w_49428_v1.png||gemini_comp_s2w_49428_v2.png,49428,gemini_comp_s2w_49428_v1.png,gemini_comp_s2w_49428_v2.png,A > B,-1,2,0,no,2025-11-03T02:17:25.536872+00:00,T000348,49428::gemini_comp_s2w_49428_v1.png>>gemini_comp_s2w_49428_v2.png::T000348,,2091,1707,825
49428::gemini_comp_s2w_49428_v1.png||gemini_comp_s2w_49428_v3.png,49428,gemini_comp_s2w_49428_v1.png,gemini_comp_s2w_49428_v3.png,A < B,1,3,0,no,2025-11-03T02:17:08.489759+00:00,T000349,49428::gemini_comp_s2w_49428_v1.png>>gemini_comp_s2w_49428_v3.png::T000349,,33259,1707,825
49428::gemini_comp_s2w_49428_v1.png||gemini_comp_s2w_49428_v4.png,49428,gemini_comp_s2w_49428_v1.png,gemini_comp_s2w_49428_v4.png,A < B,1,3,0,no,2025-11-03T02:17:29.926158+00:00,T000350,49428::gemini_comp_s2w_49428_v1.png>>gemini_comp_s2w_49428_v4.png::T000350,,2403,1707,825
49428::gemini_comp_s2w_49428_v2.png||gemini_comp_s2w_49428_v3.png,49428,gemini_comp_s2w_49428_v2.png,gemini_comp_s2w_49428_v3.png,A < B,1,3,0,no,2025-11-03T02:17:33.127659+00:00,T000351,49428::gemini_comp_s2w_49428_v2.png>>gemini_comp_s2w_49428_v3.png::T000351,,1980,1707,825
49428::gemini_comp_s2w_49428_v2.png||gemini_comp_s2w_49428_v4.png,49428,gemini_comp_s2w_49428_v2.png,gemini_comp_s2w_49428_v4.png,A < B,1,3,0,no,2025-11-03T02:17:22.372585+00:00,T000352,49428::gemini_comp_s2w_49428_v2.png>>gemini_comp_s2w_49428_v4.png::T000352,,12781,1707,825
49428::gemini_comp_s2w_49428_v3.png||gemini_comp_s2w_49428_v4.png,49428,gemini_comp_s2w_49428_v3.png,gemini_comp_s2w_49428_v4.png,A < B,1,3,0,no,2025-11-03T02:17:37.524907+00:00,T000353,49428::gemini_comp_s2w_49428_v3.png>>gemini_comp_s2w_49428_v4.png::T000353,,3481,1707,825
50565::gpt_comp_s2w_50565_v1.png||gpt_comp_s2w_50565_v2.png,50565,gpt_comp_s2w_50565_v1.png,gpt_comp_s2w_50565_v2.png,A > B,-1,2,0,no,2025-11-03T02:18:37.038926+00:00,T000354,50565::gpt_comp_s2w_50565_v1.png>>gpt_comp_s2w_50565_v2.png::T000354,,6413,1707,825
50565::gpt_comp_s2w_50565_v1.png||gpt_comp_s2w_50565_v3.png,50565,gpt_comp_s2w_50565_v1.png,gpt_comp_s2w_50565_v3.png,A > B,-1,2,0,no,2025-11-03T02:18:18.316267+00:00,T000355,50565::gpt_comp_s2w_50565_v1.png>>gpt_comp_s2w_50565_v3.png::T000355,,4811,1707,825
50565::gpt_comp_s2w_50565_v1.png||gpt_comp_s2w_50565_v4.png,50565,gpt_comp_s2w_50565_v1.png,gpt_comp_s2w_50565_v4.png,A < B,1,3,0,no,2025-11-03T02:18:24.515889+00:00,T000356,50565::gpt_comp_s2w_50565_v1.png>>gpt_comp_s2w_50565_v4.png::T000356,,4593,1707,825
50565::gpt_comp_s2w_50565_v2.png||gpt_comp_s2w_50565_v3.png,50565,gpt_comp_s2w_50565_v2.png,gpt_comp_s2w_50565_v3.png,A > B,-1,2,0,no,2025-11-03T02:18:29.564855+00:00,T000357,50565::gpt_comp_s2w_50565_v2.png>>gpt_comp_s2w_50565_v3.png::T000357,,3935,1707,825
50565::gpt_comp_s2w_50565_v2.png||gpt_comp_s2w_50565_v4.png,50565,gpt_comp_s2w_50565_v2.png,gpt_comp_s2w_50565_v4.png,A < B,1,3,0,no,2025-11-03T02:18:07.150297+00:00,T000358,50565::gpt_comp_s2w_50565_v2.png>>gpt_comp_s2w_50565_v4.png::T000358,,28095,1707,825
50565::gpt_comp_s2w_50565_v3.png||gpt_comp_s2w_50565_v4.png,50565,gpt_comp_s2w_50565_v3.png,gpt_comp_s2w_50565_v4.png,A > B,-1,2,0,no,2025-11-03T02:18:11.890747+00:00,T000359,50565::gpt_comp_s2w_50565_v3.png>>gpt_comp_s2w_50565_v4.png::T000359,,2870,1707,825
51339::gpt_comp_s2w_51339_v1.png||gpt_comp_s2w_51339_v2.png,51339,gpt_comp_s2w_51339_v1.png,gpt_comp_s2w_51339_v2.png,A > B,-1,2,0,no,2025-11-03T02:18:48.404983+00:00,T000360,51339::gpt_comp_s2w_51339_v1.png>>gpt_comp_s2w_51339_v2.png::T000360,,10252,1707,825
51339::gpt_comp_s2w_51339_v1.png||gpt_comp_s2w_51339_v3.png,51339,gpt_comp_s2w_51339_v1.png,gpt_comp_s2w_51339_v3.png,A > B,-1,2,0,no,2025-11-03T02:18:58.989742+00:00,T000361,51339::gpt_comp_s2w_51339_v1.png>>gpt_comp_s2w_51339_v3.png::T000361,,1872,1707,825
51339::gpt_comp_s2w_51339_v1.png||gpt_comp_s2w_51339_v4.png,51339,gpt_comp_s2w_51339_v1.png,gpt_comp_s2w_51339_v4.png,A > B,-1,2,0,no,2025-11-03T02:18:55.957261+00:00,T000362,51339::gpt_comp_s2w_51339_v1.png>>gpt_comp_s2w_51339_v4.png::T000362,,2203,1707,825
51339::gpt_comp_s2w_51339_v2.png||gpt_comp_s2w_51339_v3.png,51339,gpt_comp_s2w_51339_v2.png,gpt_comp_s2w_51339_v3.png,A > B,-1,2,0,no,2025-11-03T02:18:51.825194+00:00,T000363,51339::gpt_comp_s2w_51339_v2.png>>gpt_comp_s2w_51339_v3.png::T000363,,2349,1707,825
51339::gpt_comp_s2w_51339_v2.png||gpt_comp_s2w_51339_v4.png,51339,gpt_comp_s2w_51339_v2.png,gpt_comp_s2w_51339_v4.png,A > B,-1,2,0,no,2025-11-03T02:19:02.610423+00:00,T000364,51339::gpt_comp_s2w_51339_v2.png>>gpt_comp_s2w_51339_v4.png::T000364,,2565,1707,825
51339::gpt_comp_s2w_51339_v3.png||gpt_comp_s2w_51339_v4.png,51339,gpt_comp_s2w_51339_v3.png,gpt_comp_s2w_51339_v4.png,A < B,1,3,0,no,2025-11-03T02:19:05.926133+00:00,T000365,51339::gpt_comp_s2w_51339_v3.png>>gpt_comp_s2w_51339_v4.png::T000365,,2020,1707,825
52014::gpt_comp_s2w_52014_v1.png||gpt_comp_s2w_52014_v2.png,52014,gpt_comp_s2w_52014_v1.png,gpt_comp_s2w_52014_v2.png,A < B,1,3,0,no,2025-11-03T02:19:23.110498+00:00,T000366,52014::gpt_comp_s2w_52014_v1.png>>gpt_comp_s2w_52014_v2.png::T000366,,5683,1707,825
52014::gpt_comp_s2w_52014_v1.png||gpt_comp_s2w_52014_v3.png,52014,gpt_comp_s2w_52014_v1.png,gpt_comp_s2w_52014_v3.png,A > B,-1,2,0,no,2025-11-03T02:19:34.339822+00:00,T000367,52014::gpt_comp_s2w_52014_v1.png>>gpt_comp_s2w_52014_v3.png::T000367,,6168,1707,825
52014::gpt_comp_s2w_52014_v1.png||gpt_comp_s2w_52014_v4.png,52014,gpt_comp_s2w_52014_v1.png,gpt_comp_s2w_52014_v4.png,A > B,-1,2,0,no,2025-11-03T02:19:38.648406+00:00,T000368,52014::gpt_comp_s2w_52014_v1.png>>gpt_comp_s2w_52014_v4.png::T000368,,3203,1707,825
52014::gpt_comp_s2w_52014_v2.png||gpt_comp_s2w_52014_v3.png,52014,gpt_comp_s2w_52014_v2.png,gpt_comp_s2w_52014_v3.png,A > B,-1,2,0,no,2025-11-03T02:19:42.139476+00:00,T000369,52014::gpt_comp_s2w_52014_v2.png>>gpt_comp_s2w_52014_v3.png::T000369,,2371,1707,825
52014::gpt_comp_s2w_52014_v2.png||gpt_comp_s2w_52014_v4.png,52014,gpt_comp_s2w_52014_v2.png,gpt_comp_s2w_52014_v4.png,A > B,-1,2,0,no,2025-11-03T02:19:27.153067+00:00,T000370,52014::gpt_comp_s2w_52014_v2.png>>gpt_comp_s2w_52014_v4.png::T000370,,2991,1707,825
52014::gpt_comp_s2w_52014_v3.png||gpt_comp_s2w_52014_v4.png,52014,gpt_comp_s2w_52014_v3.png,gpt_comp_s2w_52014_v4.png,A > B,-1,2,0,no,2025-11-03T02:19:16.381875+00:00,T000371,52014::gpt_comp_s2w_52014_v3.png>>gpt_comp_s2w_52014_v4.png::T000371,,9604,1707,825
53497::gemini_comp_s2w_53497_v1.png||gemini_comp_s2w_53497_v2.png,53497,gemini_comp_s2w_53497_v1.png,gemini_comp_s2w_53497_v2.png,A < B,1,3,0,no,2025-11-03T02:20:46.808273+00:00,T000372,53497::gemini_comp_s2w_53497_v1.png>>gemini_comp_s2w_53497_v2.png::T000372,,1898,1707,825
53497::gemini_comp_s2w_53497_v1.png||gemini_comp_s2w_53497_v3.png,53497,gemini_comp_s2w_53497_v1.png,gemini_comp_s2w_53497_v3.png,A < B,1,3,0,no,2025-11-03T02:20:39.707694+00:00,T000373,53497::gemini_comp_s2w_53497_v1.png>>gemini_comp_s2w_53497_v3.png::T000373,,6818,1707,825
53497::gemini_comp_s2w_53497_v1.png||gemini_comp_s2w_53497_v4.png,53497,gemini_comp_s2w_53497_v1.png,gemini_comp_s2w_53497_v4.png,A < B,1,3,0,no,2025-11-03T02:20:43.688051+00:00,T000374,53497::gemini_comp_s2w_53497_v1.png>>gemini_comp_s2w_53497_v4.png::T000374,,2858,1707,825
53497::gemini_comp_s2w_53497_v2.png||gemini_comp_s2w_53497_v3.png,53497,gemini_comp_s2w_53497_v2.png,gemini_comp_s2w_53497_v3.png,A > B,-1,2,0,no,2025-11-03T02:20:17.365928+00:00,T000375,53497::gemini_comp_s2w_53497_v2.png>>gemini_comp_s2w_53497_v3.png::T000375,,2751,1707,825
53497::gemini_comp_s2w_53497_v2.png||gemini_comp_s2w_53497_v4.png,53497,gemini_comp_s2w_53497_v2.png,gemini_comp_s2w_53497_v4.png,A > B,-1,2,0,no,2025-11-03T02:20:29.707338+00:00,T000376,53497::gemini_comp_s2w_53497_v2.png>>gemini_comp_s2w_53497_v4.png::T000376,,10641,1707,825
53497::gemini_comp_s2w_53497_v3.png||gemini_comp_s2w_53497_v4.png,53497,gemini_comp_s2w_53497_v3.png,gemini_comp_s2w_53497_v4.png,A > B,-1,2,0,no,2025-11-03T02:20:50.005972+00:00,T000377,53497::gemini_comp_s2w_53497_v3.png>>gemini_comp_s2w_53497_v4.png::T000377,,2083,1707,825
54988::gpt_comp_s2w_54988_v1.png||gpt_comp_s2w_54988_v2.png,54988,gpt_comp_s2w_54988_v1.png,gpt_comp_s2w_54988_v2.png,A < B,1,3,0,no,2025-11-03T02:21:56.753866+00:00,T000378,54988::gpt_comp_s2w_54988_v1.png>>gpt_comp_s2w_54988_v2.png::T000378,,9441,1707,825
54988::gpt_comp_s2w_54988_v1.png||gpt_comp_s2w_54988_v3.png,54988,gpt_comp_s2w_54988_v1.png,gpt_comp_s2w_54988_v3.png,A < B,1,3,0,no,2025-11-03T02:21:30.117266+00:00,T000379,54988::gpt_comp_s2w_54988_v1.png>>gpt_comp_s2w_54988_v3.png::T000379,,37765,1707,825
54988::gpt_comp_s2w_54988_v1.png||gpt_comp_s2w_54988_v4.png,54988,gpt_comp_s2w_54988_v1.png,gpt_comp_s2w_54988_v4.png,A < B,1,3,0,no,2025-11-03T02:21:46.272558+00:00,T000380,54988::gpt_comp_s2w_54988_v1.png>>gpt_comp_s2w_54988_v4.png::T000380,,1782,1707,825
54988::gpt_comp_s2w_54988_v2.png||gpt_comp_s2w_54988_v3.png,54988,gpt_comp_s2w_54988_v2.png,gpt_comp_s2w_54988_v3.png,A < B,1,3,0,no,2025-11-03T02:22:06.649702+00:00,T000381,54988::gpt_comp_s2w_54988_v2.png>>gpt_comp_s2w_54988_v3.png::T000381,,8809,1707,825
54988::gpt_comp_s2w_54988_v2.png||gpt_comp_s2w_54988_v4.png,54988,gpt_comp_s2w_54988_v2.png,gpt_comp_s2w_54988_v4.png,A < B,1,3,0,no,2025-11-03T02:21:37.059027+00:00,T000382,54988::gpt_comp_s2w_54988_v2.png>>gpt_comp_s2w_54988_v4.png::T000382,,5676,1707,825
54988::gpt_comp_s2w_54988_v3.png||gpt_comp_s2w_54988_v4.png,54988,gpt_comp_s2w_54988_v3.png,gpt_comp_s2w_54988_v4.png,A < B,1,3,0,no,2025-11-03T02:21:43.331823+00:00,T000383,54988::gpt_comp_s2w_54988_v3.png>>gpt_comp_s2w_54988_v4.png::T000383,,5127,1707,825
55305::gpt_comp_s2w_55305_v1.png||gpt_comp_s2w_55305_v2.png,55305,gpt_comp_s2w_55305_v1.png,gpt_comp_s2w_55305_v2.png,A > B,-1,2,0,no,2025-11-03T02:22:46.646082+00:00,T000384,55305::gpt_comp_s2w_55305_v1.png>>gpt_comp_s2w_55305_v2.png::T000384,,4114,1707,825
55305::gpt_comp_s2w_55305_v1.png||gpt_comp_s2w_55305_v3.png,55305,gpt_comp_s2w_55305_v1.png,gpt_comp_s2w_55305_v3.png,A > B,-1,2,0,no,2025-11-03T02:22:33.639587+00:00,T000385,55305::gpt_comp_s2w_55305_v1.png>>gpt_comp_s2w_55305_v3.png::T000385,,24629,1707,825
55305::gpt_comp_s2w_55305_v1.png||gpt_comp_s2w_55305_v4.png,55305,gpt_comp_s2w_55305_v1.png,gpt_comp_s2w_55305_v4.png,A < B,1,3,0,no,2025-11-03T02:22:41.361997+00:00,T000386,55305::gpt_comp_s2w_55305_v1.png>>gpt_comp_s2w_55305_v4.png::T000386,,6351,1707,825
55305::gpt_comp_s2w_55305_v2.png||gpt_comp_s2w_55305_v3.png,55305,gpt_comp_s2w_55305_v2.png,gpt_comp_s2w_55305_v3.png,A > B,-1,2,0,no,2025-11-03T02:23:00.845726+00:00,T000387,55305::gpt_comp_s2w_55305_v2.png>>gpt_comp_s2w_55305_v3.png::T000387,,6605,1707,825
55305::gpt_comp_s2w_55305_v2.png||gpt_comp_s2w_55305_v4.png,55305,gpt_comp_s2w_55305_v2.png,gpt_comp_s2w_55305_v4.png,A < B,1,3,0,no,2025-11-03T02:23:04.337340+00:00,T000388,55305::gpt_comp_s2w_55305_v2.png>>gpt_comp_s2w_55305_v4.png::T000388,,2261,1707,825
55305::gpt_comp_s2w_55305_v3.png||gpt_comp_s2w_55305_v4.png,55305,gpt_comp_s2w_55305_v3.png,gpt_comp_s2w_55305_v4.png,A < B,1,3,0,no,2025-11-03T02:22:53.213709+00:00,T000389,55305::gpt_comp_s2w_55305_v3.png>>gpt_comp_s2w_55305_v4.png::T000389,,5142,1707,825
5651::gpt_comp_s2w_5651_v1.png||gpt_comp_s2w_5651_v2.png,5651,gpt_comp_s2w_5651_v1.png,gpt_comp_s2w_5651_v2.png,A < B,1,3,0,no,2025-11-03T02:24:54.126201+00:00,T000390,5651::gpt_comp_s2w_5651_v1.png>>gpt_comp_s2w_5651_v2.png::T000390,,5844,1707,825
5651::gpt_comp_s2w_5651_v1.png||gpt_comp_s2w_5651_v3.png,5651,gpt_comp_s2w_5651_v1.png,gpt_comp_s2w_5651_v3.png,A < B,1,3,0,no,2025-11-03T02:25:06.781365+00:00,T000391,5651::gpt_comp_s2w_5651_v1.png>>gpt_comp_s2w_5651_v3.png::T000391,,4380,1707,825
5651::gpt_comp_s2w_5651_v1.png||gpt_comp_s2w_5651_v4.png,5651,gpt_comp_s2w_5651_v1.png,gpt_comp_s2w_5651_v4.png,A > B,-1,"3,2",1,no,2025-11-03T02:23:43.084319+00:00,T000392,5651::gpt_comp_s2w_5651_v1.png>>gpt_comp_s2w_5651_v4.png::T000392,,1987,1707,825
5651::gpt_comp_s2w_5651_v2.png||gpt_comp_s2w_5651_v3.png,5651,gpt_comp_s2w_5651_v2.png,gpt_comp_s2w_5651_v3.png,A > B,-1,"2,3,2",2,no,2025-11-03T02:24:46.732134+00:00,T000393,5651::gpt_comp_s2w_5651_v2.png>>gpt_comp_s2w_5651_v3.png::T000393,,3469,1707,825
5651::gpt_comp_s2w_5651_v2.png||gpt_comp_s2w_5651_v4.png,5651,gpt_comp_s2w_5651_v2.png,gpt_comp_s2w_5651_v4.png,A > B,-1,2,0,no,2025-11-03T02:25:11.990981+00:00,T000394,5651::gpt_comp_s2w_5651_v2.png>>gpt_comp_s2w_5651_v4.png::T000394,,1728,1707,825
5651::gpt_comp_s2w_5651_v3.png||gpt_comp_s2w_5651_v4.png,5651,gpt_comp_s2w_5651_v3.png,gpt_comp_s2w_5651_v4.png,A > B,-1,2,0,no,2025-11-03T02:24:57.672578+00:00,T000395,5651::gpt_comp_s2w_5651_v3.png>>gpt_comp_s2w_5651_v4.png::T000395,,2314,1707,825
56961::gpt_comp_s2w_56961_v1.png||gpt_comp_s2w_56961_v2.png,56961,gpt_comp_s2w_56961_v1.png,gpt_comp_s2w_56961_v2.png,A < B,1,3,0,no,2025-11-03T02:25:48.293248+00:00,T000396,56961::gpt_comp_s2w_56961_v1.png>>gpt_comp_s2w_56961_v2.png::T000396,,6377,1707,825
56961::gpt_comp_s2w_56961_v1.png||gpt_comp_s2w_56961_v3.png,56961,gpt_comp_s2w_56961_v1.png,gpt_comp_s2w_56961_v3.png,A > B,-1,2,0,no,2025-11-03T02:25:52.710286+00:00,T000397,56961::gpt_comp_s2w_56961_v1.png>>gpt_comp_s2w_56961_v3.png::T000397,,3259,1707,825
56961::gpt_comp_s2w_56961_v1.png||gpt_comp_s2w_56961_v4.png,56961,gpt_comp_s2w_56961_v1.png,gpt_comp_s2w_56961_v4.png,A > B,-1,2,0,no,2025-11-03T02:25:33.582234+00:00,T000398,56961::gpt_comp_s2w_56961_v1.png>>gpt_comp_s2w_56961_v4.png::T000398,,12276,1707,825
56961::gpt_comp_s2w_56961_v2.png||gpt_comp_s2w_56961_v3.png,56961,gpt_comp_s2w_56961_v2.png,gpt_comp_s2w_56961_v3.png,A > B,-1,2,0,no,2025-11-03T02:25:20.131287+00:00,T000399,56961::gpt_comp_s2w_56961_v2.png>>gpt_comp_s2w_56961_v3.png::T000399,,6986,1707,825
56961::gpt_comp_s2w_56961_v2.png||gpt_comp_s2w_56961_v4.png,56961,gpt_comp_s2w_56961_v2.png,gpt_comp_s2w_56961_v4.png,A > B,-1,2,0,no,2025-11-03T02:25:40.706822+00:00,T000400,56961::gpt_comp_s2w_56961_v2.png>>gpt_comp_s2w_56961_v4.png::T000400,,5749,1707,825
56961::gpt_comp_s2w_56961_v3.png||gpt_comp_s2w_56961_v4.png,56961,gpt_comp_s2w_56961_v3.png,gpt_comp_s2w_56961_v4.png,A > B,-1,2,0,no,2025-11-03T02:25:57.405878+00:00,T000401,56961::gpt_comp_s2w_56961_v3.png>>gpt_comp_s2w_56961_v4.png::T000401,,3637,1707,825
5763::gpt_comp_s2w_5763_v1.png||gpt_comp_s2w_5763_v2.png,5763,gpt_comp_s2w_5763_v1.png,gpt_comp_s2w_5763_v2.png,A > B,-1,2,0,no,2025-11-03T02:26:57.548457+00:00,T000402,5763::gpt_comp_s2w_5763_v1.png>>gpt_comp_s2w_5763_v2.png::T000402,,6852,1707,825
5763::gpt_comp_s2w_5763_v1.png||gpt_comp_s2w_5763_v3.png,5763,gpt_comp_s2w_5763_v1.png,gpt_comp_s2w_5763_v3.png,A < B,1,3,0,no,2025-11-03T02:26:38.078293+00:00,T000403,5763::gpt_comp_s2w_5763_v1.png>>gpt_comp_s2w_5763_v3.png::T000403,,2729,1707,825
5763::gpt_comp_s2w_5763_v1.png||gpt_comp_s2w_5763_v4.png,5763,gpt_comp_s2w_5763_v1.png,gpt_comp_s2w_5763_v4.png,A < B,1,"2,3",1,no,2025-11-03T02:26:34.173451+00:00,T000404,5763::gpt_comp_s2w_5763_v1.png>>gpt_comp_s2w_5763_v4.png::T000404,,1885,1707,825
5763::gpt_comp_s2w_5763_v2.png||gpt_comp_s2w_5763_v3.png,5763,gpt_comp_s2w_5763_v2.png,gpt_comp_s2w_5763_v3.png,A < B,1,3,0,no,2025-11-03T02:26:49.569220+00:00,T000405,5763::gpt_comp_s2w_5763_v2.png>>gpt_comp_s2w_5763_v3.png::T000405,,2524,1707,825
5763::gpt_comp_s2w_5763_v2.png||gpt_comp_s2w_5763_v4.png,5763,gpt_comp_s2w_5763_v2.png,gpt_comp_s2w_5763_v4.png,A < B,1,3,0,no,2025-11-03T02:26:45.562997+00:00,T000406,5763::gpt_comp_s2w_5763_v2.png>>gpt_comp_s2w_5763_v4.png::T000406,,5582,1707,825
5763::gpt_comp_s2w_5763_v3.png||gpt_comp_s2w_5763_v4.png,5763,gpt_comp_s2w_5763_v3.png,gpt_comp_s2w_5763_v4.png,A > B,-1,2,0,no,2025-11-03T02:26:22.054390+00:00,T000407,5763::gpt_comp_s2w_5763_v3.png>>gpt_comp_s2w_5763_v4.png::T000407,,23374,1707,825
57893::gpt_comp_s2w_57893_v1.png||gpt_comp_s2w_57893_v2.png,57893,gpt_comp_s2w_57893_v1.png,gpt_comp_s2w_57893_v2.png,A < B,1,3,0,no,2025-11-03T02:27:36.898933+00:00,T000408,57893::gpt_comp_s2w_57893_v1.png>>gpt_comp_s2w_57893_v2.png::T000408,,6980,1707,825
57893::gpt_comp_s2w_57893_v1.png||gpt_comp_s2w_57893_v3.png,57893,gpt_comp_s2w_57893_v1.png,gpt_comp_s2w_57893_v3.png,A < B,1,3,0,no,2025-11-03T02:27:16.368520+00:00,T000409,57893::gpt_comp_s2w_57893_v1.png>>gpt_comp_s2w_57893_v3.png::T000409,,17735,1707,825
57893::gpt_comp_s2w_57893_v1.png||gpt_comp_s2w_57893_v4.png,57893,gpt_comp_s2w_57893_v1.png,gpt_comp_s2w_57893_v4.png,A > B,-1,2,0,no,2025-11-03T02:27:23.579579+00:00,T000410,57893::gpt_comp_s2w_57893_v1.png>>gpt_comp_s2w_57893_v4.png::T000410,,6148,1707,825
57893::gpt_comp_s2w_57893_v2.png||gpt_comp_s2w_57893_v3.png,57893,gpt_comp_s2w_57893_v2.png,gpt_comp_s2w_57893_v3.png,A > B,-1,2,0,no,2025-11-03T02:27:41.921814+00:00,T000411,57893::gpt_comp_s2w_57893_v2.png>>gpt_comp_s2w_57893_v3.png::T000411,,4144,1707,825
57893::gpt_comp_s2w_57893_v2.png||gpt_comp_s2w_57893_v4.png,57893,gpt_comp_s2w_57893_v2.png,gpt_comp_s2w_57893_v4.png,A > B,-1,2,0,no,2025-11-03T02:27:28.862983+00:00,T000412,57893::gpt_comp_s2w_57893_v2.png>>gpt_comp_s2w_57893_v4.png::T000412,,3107,1707,825
57893::gpt_comp_s2w_57893_v3.png||gpt_comp_s2w_57893_v4.png,57893,gpt_comp_s2w_57893_v3.png,gpt_comp_s2w_57893_v4.png,A > B,-1,2,0,no,2025-11-03T02:27:45.078226+00:00,T000413,57893::gpt_comp_s2w_57893_v3.png>>gpt_comp_s2w_57893_v4.png::T000413,,2007,1707,825
58376::gemini_comp_s2w_58376_v1.png||gemini_comp_s2w_58376_v2.png,58376,gemini_comp_s2w_58376_v1.png,gemini_comp_s2w_58376_v2.png,A < B,1,"2,3",1,no,2025-11-03T02:28:31.082900+00:00,T000414,58376::gemini_comp_s2w_58376_v1.png>>gemini_comp_s2w_58376_v2.png::T000414,,3471,1707,825
58376::gemini_comp_s2w_58376_v1.png||gemini_comp_s2w_58376_v3.png,58376,gemini_comp_s2w_58376_v1.png,gemini_comp_s2w_58376_v3.png,A < B,1,3,0,no,2025-11-03T02:28:10.032459+00:00,T000415,58376::gemini_comp_s2w_58376_v1.png>>gemini_comp_s2w_58376_v3.png::T000415,,3713,1707,825
58376::gemini_comp_s2w_58376_v1.png||gemini_comp_s2w_58376_v4.png,58376,gemini_comp_s2w_58376_v1.png,gemini_comp_s2w_58376_v4.png,A < B,1,"3,3",0,no,2025-11-03T02:28:39.046299+00:00,T000416,58376::gemini_comp_s2w_58376_v1.png>>gemini_comp_s2w_58376_v4.png::T000416,,5130,1707,825
58376::gemini_comp_s2w_58376_v2.png||gemini_comp_s2w_58376_v3.png,58376,gemini_comp_s2w_58376_v2.png,gemini_comp_s2w_58376_v3.png,A < B,1,3,0,no,2025-11-03T02:28:15.483861+00:00,T000417,58376::gemini_comp_s2w_58376_v2.png>>gemini_comp_s2w_58376_v3.png::T000417,,4390,1707,825
58376::gemini_comp_s2w_58376_v2.png||gemini_comp_s2w_58376_v4.png,58376,gemini_comp_s2w_58376_v2.png,gemini_comp_s2w_58376_v4.png,A < B,1,3,0,no,2025-11-03T02:27:59.466221+00:00,T000418,58376::gemini_comp_s2w_58376_v2.png>>gemini_comp_s2w_58376_v4.png::T000418,,13294,1707,825
58376::gemini_comp_s2w_58376_v3.png||gemini_comp_s2w_58376_v4.png,58376,gemini_comp_s2w_58376_v3.png,gemini_comp_s2w_58376_v4.png,A > B,-1,2,0,no,2025-11-03T02:28:20.281013+00:00,T000419,58376::gemini_comp_s2w_58376_v3.png>>gemini_comp_s2w_58376_v4.png::T000419,,3749,1707,825
59228::gpt_comp_s2w_59228_v1.png||gpt_comp_s2w_59228_v2.png,59228,gpt_comp_s2w_59228_v1.png,gpt_comp_s2w_59228_v2.png,A > B,-1,2,0,no,2025-11-03T02:29:26.882404+00:00,T000420,59228::gpt_comp_s2w_59228_v1.png>>gpt_comp_s2w_59228_v2.png::T000420,,2229,1707,825
59228::gpt_comp_s2w_59228_v1.png||gpt_comp_s2w_59228_v3.png,59228,gpt_comp_s2w_59228_v1.png,gpt_comp_s2w_59228_v3.png,A > B,-1,2,0,no,2025-11-03T02:29:12.309313+00:00,T000421,59228::gpt_comp_s2w_59228_v1.png>>gpt_comp_s2w_59228_v3.png::T000421,,2035,1707,825
59228::gpt_comp_s2w_59228_v1.png||gpt_comp_s2w_59228_v4.png,59228,gpt_comp_s2w_59228_v1.png,gpt_comp_s2w_59228_v4.png,A < B,1,3,0,no,2025-11-03T02:29:09.212192+00:00,T000422,59228::gpt_comp_s2w_59228_v1.png>>gpt_comp_s2w_59228_v4.png::T000422,,15386,1707,825
59228::gpt_comp_s2w_59228_v2.png||gpt_comp_s2w_59228_v3.png,59228,gpt_comp_s2w_59228_v2.png,gpt_comp_s2w_59228_v3.png,A < B,1,3,0,no,2025-11-03T02:29:23.446224+00:00,T000423,59228::gpt_comp_s2w_59228_v2.png>>gpt_comp_s2w_59228_v3.png::T000423,,10084,1707,825
59228::gpt_comp_s2w_59228_v2.png||gpt_comp_s2w_59228_v4.png,59228,gpt_comp_s2w_59228_v2.png,gpt_comp_s2w_59228_v4.png,A < B,1,3,0,no,2025-11-03T02:29:31.272741+00:00,T000424,59228::gpt_comp_s2w_59228_v2.png>>gpt_comp_s2w_59228_v4.png::T000424,,3263,1707,825
59228::gpt_comp_s2w_59228_v3.png||gpt_comp_s2w_59228_v4.png,59228,gpt_comp_s2w_59228_v3.png,gpt_comp_s2w_59228_v4.png,A < B,1,3,0,no,2025-11-03T02:28:52.178533+00:00,T000425,59228::gpt_comp_s2w_59228_v3.png>>gpt_comp_s2w_59228_v4.png::T000425,,6996,1707,825
59493::gemini_comp_s2w_59493_v1.png||gemini_comp_s2w_59493_v2.png,59493,gemini_comp_s2w_59493_v1.png,gemini_comp_s2w_59493_v2.png,A < B,1,3,0,no,2025-11-03T02:29:40.449038+00:00,T000426,59493::gemini_comp_s2w_59493_v1.png>>gemini_comp_s2w_59493_v2.png::T000426,,7909,1707,825
59493::gemini_comp_s2w_59493_v1.png||gemini_comp_s2w_59493_v3.png,59493,gemini_comp_s2w_59493_v1.png,gemini_comp_s2w_59493_v3.png,A < B,1,3,0,no,2025-11-03T02:29:44.274098+00:00,T000427,59493::gemini_comp_s2w_59493_v1.png>>gemini_comp_s2w_59493_v3.png::T000427,,2054,1707,825
59493::gemini_comp_s2w_59493_v1.png||gemini_comp_s2w_59493_v4.png,59493,gemini_comp_s2w_59493_v1.png,gemini_comp_s2w_59493_v4.png,A < B,1,3,0,no,2025-11-03T02:30:17.773685+00:00,T000428,59493::gemini_comp_s2w_59493_v1.png>>gemini_comp_s2w_59493_v4.png::T000428,,6764,1707,825
59493::gemini_comp_s2w_59493_v2.png||gemini_comp_s2w_59493_v3.png,59493,gemini_comp_s2w_59493_v2.png,gemini_comp_s2w_59493_v3.png,A > B,-1,2,0,no,2025-11-03T02:29:55.100376+00:00,T000429,59493::gemini_comp_s2w_59493_v2.png>>gemini_comp_s2w_59493_v3.png::T000429,,2340,1707,825
59493::gemini_comp_s2w_59493_v2.png||gemini_comp_s2w_59493_v4.png,59493,gemini_comp_s2w_59493_v2.png,gemini_comp_s2w_59493_v4.png,A < B,1,3,0,no,2025-11-03T02:30:09.831930+00:00,T000430,59493::gemini_comp_s2w_59493_v2.png>>gemini_comp_s2w_59493_v4.png::T000430,,13425,1707,825
59493::gemini_comp_s2w_59493_v3.png||gemini_comp_s2w_59493_v4.png,59493,gemini_comp_s2w_59493_v3.png,gemini_comp_s2w_59493_v4.png,A < B,1,3,0,no,2025-11-03T02:29:51.714089+00:00,T000431,59493::gemini_comp_s2w_59493_v3.png>>gemini_comp_s2w_59493_v4.png::T000431,,6301,1707,825
60062::gemini_comp_s2w_60062_v1.png||gemini_comp_s2w_60062_v2.png,60062,gemini_comp_s2w_60062_v1.png,gemini_comp_s2w_60062_v2.png,A > B,-1,2,0,no,2025-11-03T02:30:43.018713+00:00,T000432,60062::gemini_comp_s2w_60062_v1.png>>gemini_comp_s2w_60062_v2.png::T000432,,10207,1707,825
60062::gemini_comp_s2w_60062_v1.png||gemini_comp_s2w_60062_v3.png,60062,gemini_comp_s2w_60062_v1.png,gemini_comp_s2w_60062_v3.png,A > B,-1,2,0,no,2025-11-03T02:30:23.098879+00:00,T000433,60062::gemini_comp_s2w_60062_v1.png>>gemini_comp_s2w_60062_v3.png::T000433,,4076,1707,825
60062::gemini_comp_s2w_60062_v1.png||gemini_comp_s2w_60062_v4.png,60062,gemini_comp_s2w_60062_v1.png,gemini_comp_s2w_60062_v4.png,A > B,-1,2,0,no,2025-11-03T02:31:03.863147+00:00,T000434,60062::gemini_comp_s2w_60062_v1.png>>gemini_comp_s2w_60062_v4.png::T000434,,1869,1707,825
60062::gemini_comp_s2w_60062_v2.png||gemini_comp_s2w_60062_v3.png,60062,gemini_comp_s2w_60062_v2.png,gemini_comp_s2w_60062_v3.png,A > B,-1,2,0,no,2025-11-03T02:30:56.418204+00:00,T000435,60062::gemini_comp_s2w_60062_v2.png>>gemini_comp_s2w_60062_v3.png::T000435,,2330,1707,825
60062::gemini_comp_s2w_60062_v2.png||gemini_comp_s2w_60062_v4.png,60062,gemini_comp_s2w_60062_v2.png,gemini_comp_s2w_60062_v4.png,A < B,1,3,0,no,2025-11-03T02:30:52.504448+00:00,T000436,60062::gemini_comp_s2w_60062_v2.png>>gemini_comp_s2w_60062_v4.png::T000436,,8352,1707,825
60062::gemini_comp_s2w_60062_v3.png||gemini_comp_s2w_60062_v4.png,60062,gemini_comp_s2w_60062_v3.png,gemini_comp_s2w_60062_v4.png,A < B,1,3,0,no,2025-11-03T02:31:00.842862+00:00,T000437,60062::gemini_comp_s2w_60062_v3.png>>gemini_comp_s2w_60062_v4.png::T000437,,3022,1707,825
60089::gemini_comp_s2w_60089_v1.png||gemini_comp_s2w_60089_v2.png,60089,gemini_comp_s2w_60089_v1.png,gemini_comp_s2w_60089_v2.png,A < B,1,3,0,no,2025-11-03T02:31:21.730019+00:00,T000438,60089::gemini_comp_s2w_60089_v1.png>>gemini_comp_s2w_60089_v2.png::T000438,,2457,1707,825
60089::gemini_comp_s2w_60089_v1.png||gemini_comp_s2w_60089_v3.png,60089,gemini_comp_s2w_60089_v1.png,gemini_comp_s2w_60089_v3.png,A < B,1,3,0,no,2025-11-03T02:31:13.027117+00:00,T000439,60089::gemini_comp_s2w_60089_v1.png>>gemini_comp_s2w_60089_v3.png::T000439,,7987,1707,825
60089::gemini_comp_s2w_60089_v1.png||gemini_comp_s2w_60089_v4.png,60089,gemini_comp_s2w_60089_v1.png,gemini_comp_s2w_60089_v4.png,A < B,1,"2,3",1,no,2025-11-03T02:31:35.481645+00:00,T000440,60089::gemini_comp_s2w_60089_v1.png>>gemini_comp_s2w_60089_v4.png::T000440,,792,1707,825
60089::gemini_comp_s2w_60089_v2.png||gemini_comp_s2w_60089_v3.png,60089,gemini_comp_s2w_60089_v2.png,gemini_comp_s2w_60089_v3.png,A > B,-1,2,0,no,2025-11-03T02:31:30.132648+00:00,T000441,60089::gemini_comp_s2w_60089_v2.png>>gemini_comp_s2w_60089_v3.png::T000441,,4551,1707,825
60089::gemini_comp_s2w_60089_v2.png||gemini_comp_s2w_60089_v4.png,60089,gemini_comp_s2w_60089_v2.png,gemini_comp_s2w_60089_v4.png,A > B,-1,2,0,no,2025-11-03T02:31:18.134657+00:00,T000442,60089::gemini_comp_s2w_60089_v2.png>>gemini_comp_s2w_60089_v4.png::T000442,,4004,1707,825
60089::gemini_comp_s2w_60089_v3.png||gemini_comp_s2w_60089_v4.png,60089,gemini_comp_s2w_60089_v3.png,gemini_comp_s2w_60089_v4.png,A > B,-1,2,0,no,2025-11-03T02:31:24.521403+00:00,T000443,60089::gemini_comp_s2w_60089_v3.png>>gemini_comp_s2w_60089_v4.png::T000443,,1728,1707,825
60858::gemini_comp_s2w_60858_v1.png||gemini_comp_s2w_60858_v2.png,60858,gemini_comp_s2w_60858_v1.png,gemini_comp_s2w_60858_v2.png,A > B,-1,2,0,no,2025-11-03T02:32:01.350424+00:00,T000444,60858::gemini_comp_s2w_60858_v1.png>>gemini_comp_s2w_60858_v2.png::T000444,,24449,1707,825
60858::gemini_comp_s2w_60858_v1.png||gemini_comp_s2w_60858_v3.png,60858,gemini_comp_s2w_60858_v1.png,gemini_comp_s2w_60858_v3.png,A > B,-1,2,0,no,2025-11-03T02:32:25.913955+00:00,T000445,60858::gemini_comp_s2w_60858_v1.png>>gemini_comp_s2w_60858_v3.png::T000445,,3658,1707,825
60858::gemini_comp_s2w_60858_v1.png||gemini_comp_s2w_60858_v4.png,60858,gemini_comp_s2w_60858_v1.png,gemini_comp_s2w_60858_v4.png,A > B,-1,2,0,no,2025-11-03T02:32:09.449010+00:00,T000446,60858::gemini_comp_s2w_60858_v1.png>>gemini_comp_s2w_60858_v4.png::T000446,,6978,1707,825
60858::gemini_comp_s2w_60858_v2.png||gemini_comp_s2w_60858_v3.png,60858,gemini_comp_s2w_60858_v2.png,gemini_comp_s2w_60858_v3.png,A < B,1,3,0,no,2025-11-03T02:32:19.100992+00:00,T000447,60858::gemini_comp_s2w_60858_v2.png>>gemini_comp_s2w_60858_v3.png::T000447,,2052,1707,825
60858::gemini_comp_s2w_60858_v2.png||gemini_comp_s2w_60858_v4.png,60858,gemini_comp_s2w_60858_v2.png,gemini_comp_s2w_60858_v4.png,A < B,1,3,0,no,2025-11-03T02:32:21.224694+00:00,T000448,60858::gemini_comp_s2w_60858_v2.png>>gemini_comp_s2w_60858_v4.png::T000448,,1335,1707,825
60858::gemini_comp_s2w_60858_v3.png||gemini_comp_s2w_60858_v4.png,60858,gemini_comp_s2w_60858_v3.png,gemini_comp_s2w_60858_v4.png,A > B,-1,2,0,no,2025-11-03T02:32:14.031590+00:00,T000449,60858::gemini_comp_s2w_60858_v3.png>>gemini_comp_s2w_60858_v4.png::T000449,,3240,1707,825
62333::gemini_comp_s2w_62333_v1.png||gemini_comp_s2w_62333_v2.png,62333,gemini_comp_s2w_62333_v1.png,gemini_comp_s2w_62333_v2.png,A < B,1,3,0,no,2025-11-03T02:33:02.754369+00:00,T000450,62333::gemini_comp_s2w_62333_v1.png>>gemini_comp_s2w_62333_v2.png::T000450,,35480,1707,825
62333::gemini_comp_s2w_62333_v1.png||gemini_comp_s2w_62333_v3.png,62333,gemini_comp_s2w_62333_v1.png,gemini_comp_s2w_62333_v3.png,A > B,-1,2,0,no,2025-11-03T02:33:21.666035+00:00,T000451,62333::gemini_comp_s2w_62333_v1.png>>gemini_comp_s2w_62333_v3.png::T000451,,3416,1707,825
62333::gemini_comp_s2w_62333_v1.png||gemini_comp_s2w_62333_v4.png,62333,gemini_comp_s2w_62333_v1.png,gemini_comp_s2w_62333_v4.png,A < B,1,3,0,no,2025-11-03T02:33:16.784748+00:00,T000452,62333::gemini_comp_s2w_62333_v1.png>>gemini_comp_s2w_62333_v4.png::T000452,,2097,1707,825
62333::gemini_comp_s2w_62333_v2.png||gemini_comp_s2w_62333_v3.png,62333,gemini_comp_s2w_62333_v2.png,gemini_comp_s2w_62333_v3.png,A > B,-1,2,0,no,2025-11-03T02:33:24.377285+00:00,T000453,62333::gemini_comp_s2w_62333_v2.png>>gemini_comp_s2w_62333_v3.png::T000453,,1675,1707,825
62333::gemini_comp_s2w_62333_v2.png||gemini_comp_s2w_62333_v4.png,62333,gemini_comp_s2w_62333_v2.png,gemini_comp_s2w_62333_v4.png,A < B,1,3,0,no,2025-11-03T02:33:06.847419+00:00,T000454,62333::gemini_comp_s2w_62333_v2.png>>gemini_comp_s2w_62333_v4.png::T000454,,2799,1707,825
62333::gemini_comp_s2w_62333_v3.png||gemini_comp_s2w_62333_v4.png,62333,gemini_comp_s2w_62333_v3.png,gemini_comp_s2w_62333_v4.png,A < B,1,3,0,no,2025-11-03T02:33:13.498037+00:00,T000455,62333::gemini_comp_s2w_62333_v3.png>>gemini_comp_s2w_62333_v4.png::T000455,,2530,1707,825
62785::gpt_comp_s2w_62785_v1.png||gpt_comp_s2w_62785_v2.png,62785,gpt_comp_s2w_62785_v1.png,gpt_comp_s2w_62785_v2.png,A < B,1,3,0,no,2025-11-03T02:33:40.992236+00:00,T000456,62785::gpt_comp_s2w_62785_v1.png>>gpt_comp_s2w_62785_v2.png::T000456,,2257,1707,825
62785::gpt_comp_s2w_62785_v1.png||gpt_comp_s2w_62785_v3.png,62785,gpt_comp_s2w_62785_v1.png,gpt_comp_s2w_62785_v3.png,A < B,1,3,0,no,2025-11-03T02:33:50.924184+00:00,T000457,62785::gpt_comp_s2w_62785_v1.png>>gpt_comp_s2w_62785_v3.png::T000457,,1961,1707,825
62785::gpt_comp_s2w_62785_v1.png||gpt_comp_s2w_62785_v4.png,62785,gpt_comp_s2w_62785_v1.png,gpt_comp_s2w_62785_v4.png,A > B,-1,2,0,no,2025-11-03T02:33:54.847510+00:00,T000458,62785::gpt_comp_s2w_62785_v1.png>>gpt_comp_s2w_62785_v4.png::T000458,,2861,1707,825
62785::gpt_comp_s2w_62785_v2.png||gpt_comp_s2w_62785_v3.png,62785,gpt_comp_s2w_62785_v2.png,gpt_comp_s2w_62785_v3.png,A > B,-1,2,0,no,2025-11-03T02:33:37.489987+00:00,T000459,62785::gpt_comp_s2w_62785_v2.png>>gpt_comp_s2w_62785_v3.png::T000459,,12206,1707,825
62785::gpt_comp_s2w_62785_v2.png||gpt_comp_s2w_62785_v4.png,62785,gpt_comp_s2w_62785_v2.png,gpt_comp_s2w_62785_v4.png,A > B,-1,2,0,no,2025-11-03T02:33:44.322440+00:00,T000460,62785::gpt_comp_s2w_62785_v2.png>>gpt_comp_s2w_62785_v4.png::T000460,,2257,1707,825
62785::gpt_comp_s2w_62785_v3.png||gpt_comp_s2w_62785_v4.png,62785,gpt_comp_s2w_62785_v3.png,gpt_comp_s2w_62785_v4.png,A > B,-1,2,0,no,2025-11-03T02:33:47.857525+00:00,T000461,62785::gpt_comp_s2w_62785_v3.png>>gpt_comp_s2w_62785_v4.png::T000461,,2183,1707,825
63085::gemini_comp_s2w_63085_v1.png||gemini_comp_s2w_63085_v2.png,63085,gemini_comp_s2w_63085_v1.png,gemini_comp_s2w_63085_v2.png,A > B,-1,2,0,no,2025-11-03T02:34:12.639319+00:00,T000462,63085::gemini_comp_s2w_63085_v1.png>>gemini_comp_s2w_63085_v2.png::T000462,,3419,1707,825
63085::gemini_comp_s2w_63085_v1.png||gemini_comp_s2w_63085_v3.png,63085,gemini_comp_s2w_63085_v1.png,gemini_comp_s2w_63085_v3.png,A > B,-1,2,0,no,2025-11-03T02:34:45.911813+00:00,T000463,63085::gemini_comp_s2w_63085_v1.png>>gemini_comp_s2w_63085_v3.png::T000463,,1887,1707,825
63085::gemini_comp_s2w_63085_v1.png||gemini_comp_s2w_63085_v4.png,63085,gemini_comp_s2w_63085_v1.png,gemini_comp_s2w_63085_v4.png,A > B,-1,2,0,no,2025-11-03T02:34:42.354840+00:00,T000464,63085::gemini_comp_s2w_63085_v1.png>>gemini_comp_s2w_63085_v4.png::T000464,,18679,1707,825
63085::gemini_comp_s2w_63085_v2.png||gemini_comp_s2w_63085_v3.png,63085,gemini_comp_s2w_63085_v2.png,gemini_comp_s2w_63085_v3.png,A < B,1,3,0,no,2025-11-03T02:34:50.680137+00:00,T000465,63085::gemini_comp_s2w_63085_v2.png>>gemini_comp_s2w_63085_v3.png::T000465,,3667,1707,825
63085::gemini_comp_s2w_63085_v2.png||gemini_comp_s2w_63085_v4.png,63085,gemini_comp_s2w_63085_v2.png,gemini_comp_s2w_63085_v4.png,A > B,-1,2,0,no,2025-11-03T02:34:15.314109+00:00,T000466,63085::gemini_comp_s2w_63085_v2.png>>gemini_comp_s2w_63085_v4.png::T000466,,1557,1707,825
63085::gemini_comp_s2w_63085_v3.png||gemini_comp_s2w_63085_v4.png,63085,gemini_comp_s2w_63085_v3.png,gemini_comp_s2w_63085_v4.png,A < B,1,"2,3",1,no,2025-11-03T02:34:08.110703+00:00,T000467,63085::gemini_comp_s2w_63085_v3.png>>gemini_comp_s2w_63085_v4.png::T000467,,2427,1707,825
63614::gpt_comp_s2w_63614_v1.png||gpt_comp_s2w_63614_v2.png,63614,gpt_comp_s2w_63614_v1.png,gpt_comp_s2w_63614_v2.png,A < B,1,3,0,no,2025-11-03T02:35:23.428377+00:00,T000468,63614::gpt_comp_s2w_63614_v1.png>>gpt_comp_s2w_63614_v2.png::T000468,,2080,1707,825
63614::gpt_comp_s2w_63614_v1.png||gpt_comp_s2w_63614_v3.png,63614,gpt_comp_s2w_63614_v1.png,gpt_comp_s2w_63614_v3.png,A < B,1,3,0,no,2025-11-03T02:35:28.258994+00:00,T000469,63614::gpt_comp_s2w_63614_v1.png>>gpt_comp_s2w_63614_v3.png::T000469,,3760,1707,825
63614::gpt_comp_s2w_63614_v1.png||gpt_comp_s2w_63614_v4.png,63614,gpt_comp_s2w_63614_v1.png,gpt_comp_s2w_63614_v4.png,A > B,-1,2,0,no,2025-11-03T02:35:34.988569+00:00,T000470,63614::gpt_comp_s2w_63614_v1.png>>gpt_comp_s2w_63614_v4.png::T000470,,1962,1707,825
63614::gpt_comp_s2w_63614_v2.png||gpt_comp_s2w_63614_v3.png,63614,gpt_comp_s2w_63614_v2.png,gpt_comp_s2w_63614_v3.png,A > B,-1,2,0,no,2025-11-03T02:35:31.005588+00:00,T000471,63614::gpt_comp_s2w_63614_v2.png>>gpt_comp_s2w_63614_v3.png::T000471,,1647,1707,825
63614::gpt_comp_s2w_63614_v2.png||gpt_comp_s2w_63614_v4.png,63614,gpt_comp_s2w_63614_v2.png,gpt_comp_s2w_63614_v4.png,A > B,-1,2,0,no,2025-11-03T02:35:20.189788+00:00,T000472,63614::gpt_comp_s2w_63614_v2.png>>gpt_comp_s2w_63614_v4.png::T000472,,28485,1707,825
63614::gpt_comp_s2w_63614_v3.png||gpt_comp_s2w_63614_v4.png,63614,gpt_comp_s2w_63614_v3.png,gpt_comp_s2w_63614_v4.png,A > B,-1,2,0,no,2025-11-03T02:35:39.900454+00:00,T000473,63614::gpt_comp_s2w_63614_v3.png>>gpt_comp_s2w_63614_v4.png::T000473,,2514,1707,825
63656::gemini_comp_s2w_63656_v1.png||gemini_comp_s2w_63656_v2.png,63656,gemini_comp_s2w_63656_v1.png,gemini_comp_s2w_63656_v2.png,A > B,-1,2,0,no,2025-11-03T02:36:09.067391+00:00,T000474,63656::gemini_comp_s2w_63656_v1.png>>gemini_comp_s2w_63656_v2.png::T000474,,5587,1707,825
63656::gemini_comp_s2w_63656_v1.png||gemini_comp_s2w_63656_v3.png,63656,gemini_comp_s2w_63656_v1.png,gemini_comp_s2w_63656_v3.png,A > B,-1,2,0,no,2025-11-03T02:36:25.161993+00:00,T000475,63656::gemini_comp_s2w_63656_v1.png>>gemini_comp_s2w_63656_v3.png::T000475,,1385,1707,825
63656::gemini_comp_s2w_63656_v1.png||gemini_comp_s2w_63656_v4.png,63656,gemini_comp_s2w_63656_v1.png,gemini_comp_s2w_63656_v4.png,A > B,-1,2,0,no,2025-11-03T02:36:01.724258+00:00,T000476,63656::gemini_comp_s2w_63656_v1.png>>gemini_comp_s2w_63656_v4.png::T000476,,20632,1707,825
63656::gemini_comp_s2w_63656_v2.png||gemini_comp_s2w_63656_v3.png,63656,gemini_comp_s2w_63656_v2.png,gemini_comp_s2w_63656_v3.png,A > B,-1,2,0,no,2025-11-03T02:36:13.143357+00:00,T000477,63656::gemini_comp_s2w_63656_v2.png>>gemini_comp_s2w_63656_v3.png::T000477,,2987,1707,825
63656::gemini_comp_s2w_63656_v2.png||gemini_comp_s2w_63656_v4.png,63656,gemini_comp_s2w_63656_v2.png,gemini_comp_s2w_63656_v4.png,A > B,-1,2,0,no,2025-11-03T02:36:22.918824+00:00,T000478,63656::gemini_comp_s2w_63656_v2.png>>gemini_comp_s2w_63656_v4.png::T000478,,1504,1707,825
63656::gemini_comp_s2w_63656_v3.png||gemini_comp_s2w_63656_v4.png,63656,gemini_comp_s2w_63656_v3.png,gemini_comp_s2w_63656_v4.png,A < B,1,3,0,no,2025-11-03T02:36:20.340234+00:00,T000479,63656::gemini_comp_s2w_63656_v3.png>>gemini_comp_s2w_63656_v4.png::T000479,,6116,1707,825
66612::gpt_comp_s2w_66612_v1.png||gpt_comp_s2w_66612_v2.png,66612,gpt_comp_s2w_66612_v1.png,gpt_comp_s2w_66612_v2.png,A > B,-1,2,0,no,2025-11-03T02:36:48.456790+00:00,T000480,66612::gpt_comp_s2w_66612_v1.png>>gpt_comp_s2w_66612_v2.png::T000480,,6066,1707,825
66612::gpt_comp_s2w_66612_v1.png||gpt_comp_s2w_66612_v3.png,66612,gpt_comp_s2w_66612_v1.png,gpt_comp_s2w_66612_v3.png,A > B,-1,2,0,no,2025-11-03T02:37:24.535088+00:00,T000481,66612::gpt_comp_s2w_66612_v1.png>>gpt_comp_s2w_66612_v3.png::T000481,,21218,1707,825
66612::gpt_comp_s2w_66612_v1.png||gpt_comp_s2w_66612_v4.png,66612,gpt_comp_s2w_66612_v1.png,gpt_comp_s2w_66612_v4.png,A > B,-1,2,0,no,2025-11-03T02:36:32.419214+00:00,T000482,66612::gpt_comp_s2w_66612_v1.png>>gpt_comp_s2w_66612_v4.png::T000482,,6205,1707,825
66612::gpt_comp_s2w_66612_v2.png||gpt_comp_s2w_66612_v3.png,66612,gpt_comp_s2w_66612_v2.png,gpt_comp_s2w_66612_v3.png,A < B,1,3,0,no,2025-11-03T02:37:02.058791+00:00,T000483,66612::gpt_comp_s2w_66612_v2.png>>gpt_comp_s2w_66612_v3.png::T000483,,11834,1707,825
66612::gpt_comp_s2w_66612_v2.png||gpt_comp_s2w_66612_v4.png,66612,gpt_comp_s2w_66612_v2.png,gpt_comp_s2w_66612_v4.png,A > B,-1,2,0,no,2025-11-03T02:36:41.332910+00:00,T000484,66612::gpt_comp_s2w_66612_v2.png>>gpt_comp_s2w_66612_v4.png::T000484,,4761,1707,825
66612::gpt_comp_s2w_66612_v3.png||gpt_comp_s2w_66612_v4.png,66612,gpt_comp_s2w_66612_v3.png,gpt_comp_s2w_66612_v4.png,A > B,-1,2,0,no,2025-11-03T02:36:35.529873+00:00,T000485,66612::gpt_comp_s2w_66612_v3.png>>gpt_comp_s2w_66612_v4.png::T000485,,2006,1707,825
68018::gpt_comp_s2w_68018_v1.png||gpt_comp_s2w_68018_v2.png,68018,gpt_comp_s2w_68018_v1.png,gpt_comp_s2w_68018_v2.png,A < B,1,3,0,no,2025-11-03T02:38:11.893296+00:00,T000486,68018::gpt_comp_s2w_68018_v1.png>>gpt_comp_s2w_68018_v2.png::T000486,,2000,1707,825
68018::gpt_comp_s2w_68018_v1.png||gpt_comp_s2w_68018_v3.png,68018,gpt_comp_s2w_68018_v1.png,gpt_comp_s2w_68018_v3.png,A > B,-1,2,0,no,2025-11-03T02:38:04.769344+00:00,T000487,68018::gpt_comp_s2w_68018_v1.png>>gpt_comp_s2w_68018_v3.png::T000487,,2833,1707,825
68018::gpt_comp_s2w_68018_v1.png||gpt_comp_s2w_68018_v4.png,68018,gpt_comp_s2w_68018_v1.png,gpt_comp_s2w_68018_v4.png,A > B,-1,2,0,no,2025-11-03T02:37:40.578544+00:00,T000488,68018::gpt_comp_s2w_68018_v1.png>>gpt_comp_s2w_68018_v4.png::T000488,,14184,1707,825
68018::gpt_comp_s2w_68018_v2.png||gpt_comp_s2w_68018_v3.png,68018,gpt_comp_s2w_68018_v2.png,gpt_comp_s2w_68018_v3.png,A < B,1,3,0,no,2025-11-03T02:37:57.888958+00:00,T000489,68018::gpt_comp_s2w_68018_v2.png>>gpt_comp_s2w_68018_v3.png::T000489,,15925,1707,825
68018::gpt_comp_s2w_68018_v2.png||gpt_comp_s2w_68018_v4.png,68018,gpt_comp_s2w_68018_v2.png,gpt_comp_s2w_68018_v4.png,A < B,1,3,0,no,2025-11-03T02:38:09.005321+00:00,T000490,68018::gpt_comp_s2w_68018_v2.png>>gpt_comp_s2w_68018_v4.png::T000490,,2996,1707,825
68018::gpt_comp_s2w_68018_v3.png||gpt_comp_s2w_68018_v4.png,68018,gpt_comp_s2w_68018_v3.png,gpt_comp_s2w_68018_v4.png,A > B,-1,2,0,no,2025-11-03T02:38:01.091408+00:00,T000491,68018::gpt_comp_s2w_68018_v3.png>>gpt_comp_s2w_68018_v4.png::T000491,,2032,1707,825
68037::gemini_comp_s2w_68037_v1.png||gemini_comp_s2w_68037_v2.png,68037,gemini_comp_s2w_68037_v1.png,gemini_comp_s2w_68037_v2.png,A < B,1,3,0,no,2025-11-03T02:38:28.224804+00:00,T000492,68037::gemini_comp_s2w_68037_v1.png>>gemini_comp_s2w_68037_v2.png::T000492,,3510,1707,825
68037::gemini_comp_s2w_68037_v1.png||gemini_comp_s2w_68037_v3.png,68037,gemini_comp_s2w_68037_v1.png,gemini_comp_s2w_68037_v3.png,A > B,-1,2,0,no,2025-11-03T02:38:38.569030+00:00,T000493,68037::gemini_comp_s2w_68037_v1.png>>gemini_comp_s2w_68037_v3.png::T000493,,5276,1707,825
68037::gemini_comp_s2w_68037_v1.png||gemini_comp_s2w_68037_v4.png,68037,gemini_comp_s2w_68037_v1.png,gemini_comp_s2w_68037_v4.png,A < B,1,3,0,no,2025-11-03T02:38:42.171920+00:00,T000494,68037::gemini_comp_s2w_68037_v1.png>>gemini_comp_s2w_68037_v4.png::T000494,,2535,1707,825
68037::gemini_comp_s2w_68037_v2.png||gemini_comp_s2w_68037_v3.png,68037,gemini_comp_s2w_68037_v2.png,gemini_comp_s2w_68037_v3.png,A > B,-1,2,0,no,2025-11-03T02:38:23.751328+00:00,T000495,68037::gemini_comp_s2w_68037_v2.png>>gemini_comp_s2w_68037_v3.png::T000495,,2177,1707,825
68037::gemini_comp_s2w_68037_v2.png||gemini_comp_s2w_68037_v4.png,68037,gemini_comp_s2w_68037_v2.png,gemini_comp_s2w_68037_v4.png,A < B,1,3,0,no,2025-11-03T02:38:19.965769+00:00,T000496,68037::gemini_comp_s2w_68037_v2.png>>gemini_comp_s2w_68037_v4.png::T000496,,7077,1707,825
68037::gemini_comp_s2w_68037_v3.png||gemini_comp_s2w_68037_v4.png,68037,gemini_comp_s2w_68037_v3.png,gemini_comp_s2w_68037_v4.png,A < B,1,3,0,no,2025-11-03T02:38:31.727548+00:00,T000497,68037::gemini_comp_s2w_68037_v3.png>>gemini_comp_s2w_68037_v4.png::T000497,,2396,1707,825
68136::gemini_comp_s2w_68136_v1.png||gemini_comp_s2w_68136_v2.png,68136,gemini_comp_s2w_68136_v1.png,gemini_comp_s2w_68136_v2.png,A < B,1,3,0,no,2025-11-03T02:39:36.305374+00:00,T000498,68136::gemini_comp_s2w_68136_v1.png>>gemini_comp_s2w_68136_v2.png::T000498,,1620,1707,825
68136::gemini_comp_s2w_68136_v1.png||gemini_comp_s2w_68136_v3.png,68136,gemini_comp_s2w_68136_v1.png,gemini_comp_s2w_68136_v3.png,A < B,1,3,0,no,2025-11-03T02:39:24.050130+00:00,T000499,68136::gemini_comp_s2w_68136_v1.png>>gemini_comp_s2w_68136_v3.png::T000499,,5957,1707,825
68136::gemini_comp_s2w_68136_v1.png||gemini_comp_s2w_68136_v4.png,68136,gemini_comp_s2w_68136_v1.png,gemini_comp_s2w_68136_v4.png,A > B,-1,2,0,no,2025-11-03T02:39:16.880311+00:00,T000500,68136::gemini_comp_s2w_68136_v1.png>>gemini_comp_s2w_68136_v4.png::T000500,,5093,1707,825
68136::gemini_comp_s2w_68136_v2.png||gemini_comp_s2w_68136_v3.png,68136,gemini_comp_s2w_68136_v2.png,gemini_comp_s2w_68136_v3.png,A > B,-1,2,0,no,2025-11-03T02:39:10.765276+00:00,T000501,68136::gemini_comp_s2w_68136_v2.png>>gemini_comp_s2w_68136_v3.png::T000501,,2868,1707,825
68136::gemini_comp_s2w_68136_v2.png||gemini_comp_s2w_68136_v4.png,68136,gemini_comp_s2w_68136_v2.png,gemini_comp_s2w_68136_v4.png,A > B,-1,2,0,no,2025-11-03T02:39:06.778870+00:00,T000502,68136::gemini_comp_s2w_68136_v2.png>>gemini_comp_s2w_68136_v4.png::T000502,,22918,1707,825
68136::gemini_comp_s2w_68136_v3.png||gemini_comp_s2w_68136_v4.png,68136,gemini_comp_s2w_68136_v3.png,gemini_comp_s2w_68136_v4.png,A < B,1,3,0,no,2025-11-03T02:39:33.483248+00:00,T000503,68136::gemini_comp_s2w_68136_v3.png>>gemini_comp_s2w_68136_v4.png::T000503,,8151,1707,825
68809::gpt_comp_s2w_68809_v1.png||gpt_comp_s2w_68809_v2.png,68809,gpt_comp_s2w_68809_v1.png,gpt_comp_s2w_68809_v2.png,A < B,1,3,0,no,2025-11-03T02:40:38.117870+00:00,T000504,68809::gpt_comp_s2w_68809_v1.png>>gpt_comp_s2w_68809_v2.png::T000504,,11595,1707,825
68809::gpt_comp_s2w_68809_v1.png||gpt_comp_s2w_68809_v3.png,68809,gpt_comp_s2w_68809_v1.png,gpt_comp_s2w_68809_v3.png,A > B,-1,2,0,no,2025-11-03T02:40:15.100533+00:00,T000505,68809::gpt_comp_s2w_68809_v1.png>>gpt_comp_s2w_68809_v3.png::T000505,,6940,1707,825
68809::gpt_comp_s2w_68809_v1.png||gpt_comp_s2w_68809_v4.png,68809,gpt_comp_s2w_68809_v1.png,gpt_comp_s2w_68809_v4.png,A > B,-1,2,0,no,2025-11-03T02:40:41.660206+00:00,T000506,68809::gpt_comp_s2w_68809_v1.png>>gpt_comp_s2w_68809_v4.png::T000506,,2907,1707,825
68809::gpt_comp_s2w_68809_v2.png||gpt_comp_s2w_68809_v3.png,68809,gpt_comp_s2w_68809_v2.png,gpt_comp_s2w_68809_v3.png,A > B,-1,2,0,no,2025-11-03T02:39:46.438621+00:00,T000507,68809::gpt_comp_s2w_68809_v2.png>>gpt_comp_s2w_68809_v3.png::T000507,,9342,1707,825
68809::gpt_comp_s2w_68809_v2.png||gpt_comp_s2w_68809_v4.png,68809,gpt_comp_s2w_68809_v2.png,gpt_comp_s2w_68809_v4.png,A > B,-1,2,0,no,2025-11-03T02:40:25.687410+00:00,T000508,68809::gpt_comp_s2w_68809_v2.png>>gpt_comp_s2w_68809_v4.png::T000508,,8273,1707,825
68809::gpt_comp_s2w_68809_v3.png||gpt_comp_s2w_68809_v4.png,68809,gpt_comp_s2w_68809_v3.png,gpt_comp_s2w_68809_v4.png,A > B,-1,2,0,no,2025-11-03T02:40:06.882273+00:00,T000509,68809::gpt_comp_s2w_68809_v3.png>>gpt_comp_s2w_68809_v4.png::T000509,,7483,1707,825
70410::gemini_comp_s2w_70410_v1.png||gemini_comp_s2w_70410_v3.png,70410,gemini_comp_s2w_70410_v1.png,gemini_comp_s2w_70410_v3.png,A < B,1,3,0,no,2025-11-03T02:40:50.280529+00:00,T000511,70410::gemini_comp_s2w_70410_v1.png>>gemini_comp_s2w_70410_v3.png::T000511,,4046,1707,825
70410::gemini_comp_s2w_70410_v1.png||gemini_comp_s2w_70410_v4.png,70410,gemini_comp_s2w_70410_v1.png,gemini_comp_s2w_70410_v4.png,A > B,-1,2,0,no,2025-11-03T02:40:45.166304+00:00,T000512,70410::gemini_comp_s2w_70410_v1.png>>gemini_comp_s2w_70410_v4.png::T000512,,2889,1707,825
70410::gemini_comp_s2w_70410_v2.png||gemini_comp_s2w_70410_v3.png,70410,gemini_comp_s2w_70410_v2.png,gemini_comp_s2w_70410_v3.png,A < B,1,3,0,no,2025-11-03T02:41:01.144539+00:00,T000513,70410::gemini_comp_s2w_70410_v2.png>>gemini_comp_s2w_70410_v3.png::T000513,,1808,1707,825
70410::gemini_comp_s2w_70410_v2.png||gemini_comp_s2w_70410_v4.png,70410,gemini_comp_s2w_70410_v2.png,gemini_comp_s2w_70410_v4.png,A < B,1,3,0,no,2025-11-03T02:40:58.606779+00:00,T000514,70410::gemini_comp_s2w_70410_v2.png>>gemini_comp_s2w_70410_v4.png::T000514,,2868,1707,825
70410::gemini_comp_s2w_70410_v3.png||gemini_comp_s2w_70410_v4.png,70410,gemini_comp_s2w_70410_v3.png,gemini_comp_s2w_70410_v4.png,A > B,-1,2,0,no,2025-11-03T02:40:54.812471+00:00,T000515,70410::gemini_comp_s2w_70410_v3.png>>gemini_comp_s2w_70410_v4.png::T000515,,3404,1707,825
70484::gpt_comp_s2w_70484_v1.png||gpt_comp_s2w_70484_v2.png,70484,gpt_comp_s2w_70484_v1.png,gpt_comp_s2w_70484_v2.png,A > B,-1,2,0,no,2025-11-03T02:41:44.404279+00:00,T000516,70484::gpt_comp_s2w_70484_v1.png>>gpt_comp_s2w_70484_v2.png::T000516,,7537,1707,825
70484::gpt_comp_s2w_70484_v1.png||gpt_comp_s2w_70484_v3.png,70484,gpt_comp_s2w_70484_v1.png,gpt_comp_s2w_70484_v3.png,A > B,-1,2,0,no,2025-11-03T02:41:27.269520+00:00,T000517,70484::gpt_comp_s2w_70484_v1.png>>gpt_comp_s2w_70484_v3.png::T000517,,24856,1707,825
70484::gpt_comp_s2w_70484_v1.png||gpt_comp_s2w_70484_v4.png,70484,gpt_comp_s2w_70484_v1.png,gpt_comp_s2w_70484_v4.png,A > B,-1,2,0,no,2025-11-03T02:41:34.373473+00:00,T000518,70484::gpt_comp_s2w_70484_v1.png>>gpt_comp_s2w_70484_v4.png::T000518,,1892,1707,825
70484::gpt_comp_s2w_70484_v2.png||gpt_comp_s2w_70484_v3.png,70484,gpt_comp_s2w_70484_v2.png,gpt_comp_s2w_70484_v3.png,A > B,-1,2,0,no,2025-11-03T02:41:55.318294+00:00,T000519,70484::gpt_comp_s2w_70484_v2.png>>gpt_comp_s2w_70484_v3.png::T000519,,6944,1707,825
70484::gpt_comp_s2w_70484_v2.png||gpt_comp_s2w_70484_v4.png,70484,gpt_comp_s2w_70484_v2.png,gpt_comp_s2w_70484_v4.png,A > B,-1,2,0,no,2025-11-03T02:41:46.991493+00:00,T000520,70484::gpt_comp_s2w_70484_v2.png>>gpt_comp_s2w_70484_v4.png::T000520,,1693,1707,825
70484::gpt_comp_s2w_70484_v3.png||gpt_comp_s2w_70484_v4.png,70484,gpt_comp_s2w_70484_v3.png,gpt_comp_s2w_70484_v4.png,A > B,-1,2,0,no,2025-11-03T02:41:31.405077+00:00,T000521,70484::gpt_comp_s2w_70484_v3.png>>gpt_comp_s2w_70484_v4.png::T000521,,1840,1707,825
71030::gemini_comp_s2w_71030_v1.png||gemini_comp_s2w_71030_v2.png,71030,gemini_comp_s2w_71030_v1.png,gemini_comp_s2w_71030_v2.png,A < B,1,3,0,no,2025-11-03T02:42:05.126324+00:00,T000522,71030::gemini_comp_s2w_71030_v1.png>>gemini_comp_s2w_71030_v2.png::T000522,,1911,1707,825
71030::gemini_comp_s2w_71030_v1.png||gemini_comp_s2w_71030_v3.png,71030,gemini_comp_s2w_71030_v1.png,gemini_comp_s2w_71030_v3.png,A < B,1,3,0,no,2025-11-03T02:42:12.846782+00:00,T000523,71030::gemini_comp_s2w_71030_v1.png>>gemini_comp_s2w_71030_v3.png::T000523,,6610,1707,825
71030::gemini_comp_s2w_71030_v1.png||gemini_comp_s2w_71030_v4.png,71030,gemini_comp_s2w_71030_v1.png,gemini_comp_s2w_71030_v4.png,A < B,1,3,0,no,2025-11-03T02:42:25.150175+00:00,T000524,71030::gemini_comp_s2w_71030_v1.png>>gemini_comp_s2w_71030_v4.png::T000524,,3228,1707,825
71030::gemini_comp_s2w_71030_v2.png||gemini_comp_s2w_71030_v3.png,71030,gemini_comp_s2w_71030_v2.png,gemini_comp_s2w_71030_v3.png,A > B,-1,"3,2",1,no,2025-11-03T02:42:18.046100+00:00,T000525,71030::gemini_comp_s2w_71030_v2.png>>gemini_comp_s2w_71030_v3.png::T000525,,1006,1707,825
71030::gemini_comp_s2w_71030_v2.png||gemini_comp_s2w_71030_v4.png,71030,gemini_comp_s2w_71030_v2.png,gemini_comp_s2w_71030_v4.png,A > B,-1,2,0,no,2025-11-03T02:42:02.107505+00:00,T000526,71030::gemini_comp_s2w_71030_v2.png>>gemini_comp_s2w_71030_v4.png::T000526,,5508,1707,825
71030::gemini_comp_s2w_71030_v3.png||gemini_comp_s2w_71030_v4.png,71030,gemini_comp_s2w_71030_v3.png,gemini_comp_s2w_71030_v4.png,A > B,-1,2,0,no,2025-11-03T02:42:20.915640+00:00,T000527,71030::gemini_comp_s2w_71030_v3.png>>gemini_comp_s2w_71030_v4.png::T000527,,1581,1707,825
71261::gemini_comp_s2w_71261_v1.png||gemini_comp_s2w_71261_v2.png,71261,gemini_comp_s2w_71261_v1.png,gemini_comp_s2w_71261_v2.png,A < B,1,"2,3",1,no,2025-11-03T02:44:17.684078+00:00,T000528,71261::gemini_comp_s2w_71261_v1.png>>gemini_comp_s2w_71261_v2.png::T000528,,4416,1707,825
71261::gemini_comp_s2w_71261_v1.png||gemini_comp_s2w_71261_v3.png,71261,gemini_comp_s2w_71261_v1.png,gemini_comp_s2w_71261_v3.png,A > B,-1,2,0,no,2025-11-03T02:43:54.152698+00:00,T000529,71261::gemini_comp_s2w_71261_v1.png>>gemini_comp_s2w_71261_v3.png::T000529,,14607,1707,825
71261::gemini_comp_s2w_71261_v1.png||gemini_comp_s2w_71261_v4.png,71261,gemini_comp_s2w_71261_v1.png,gemini_comp_s2w_71261_v4.png,A > B,-1,2,0,no,2025-11-03T02:44:02.026912+00:00,T000530,71261::gemini_comp_s2w_71261_v1.png>>gemini_comp_s2w_71261_v4.png::T000530,,1285,1707,825
71261::gemini_comp_s2w_71261_v2.png||gemini_comp_s2w_71261_v3.png,71261,gemini_comp_s2w_71261_v2.png,gemini_comp_s2w_71261_v3.png,A > B,-1,2,0,no,2025-11-03T02:43:38.350228+00:00,T000531,71261::gemini_comp_s2w_71261_v2.png>>gemini_comp_s2w_71261_v3.png::T000531,,72069,1707,825
71261::gemini_comp_s2w_71261_v2.png||gemini_comp_s2w_71261_v4.png,71261,gemini_comp_s2w_71261_v2.png,gemini_comp_s2w_71261_v4.png,A > B,-1,2,0,no,2025-11-03T02:43:59.795067+00:00,T000532,71261::gemini_comp_s2w_71261_v2.png>>gemini_comp_s2w_71261_v4.png::T000532,,4578,1707,825
71261::gemini_comp_s2w_71261_v3.png||gemini_comp_s2w_71261_v4.png,71261,gemini_comp_s2w_71261_v3.png,gemini_comp_s2w_71261_v4.png,A > B,-1,2,0,no,2025-11-03T02:44:09.088433+00:00,T000533,71261::gemini_comp_s2w_71261_v3.png>>gemini_comp_s2w_71261_v4.png::T000533,,6317,1707,825
71464::gemini_comp_s2w_71464_v1.png||gemini_comp_s2w_71464_v2.png,71464,gemini_comp_s2w_71464_v1.png,gemini_comp_s2w_71464_v2.png,A > B,-1,2,0,no,2025-11-03T02:44:57.737430+00:00,T000534,71464::gemini_comp_s2w_71464_v1.png>>gemini_comp_s2w_71464_v2.png::T000534,,3752,1707,825
71464::gemini_comp_s2w_71464_v1.png||gemini_comp_s2w_71464_v3.png,71464,gemini_comp_s2w_71464_v1.png,gemini_comp_s2w_71464_v3.png,A > B,-1,2,0,no,2025-11-03T02:44:48.662990+00:00,T000535,71464::gemini_comp_s2w_71464_v1.png>>gemini_comp_s2w_71464_v3.png::T000535,,8045,1707,825
71464::gemini_comp_s2w_71464_v1.png||gemini_comp_s2w_71464_v4.png,71464,gemini_comp_s2w_71464_v1.png,gemini_comp_s2w_71464_v4.png,A > B,-1,2,0,no,2025-11-03T02:45:05.850017+00:00,T000536,71464::gemini_comp_s2w_71464_v1.png>>gemini_comp_s2w_71464_v4.png::T000536,,7432,1707,825
71464::gemini_comp_s2w_71464_v2.png||gemini_comp_s2w_71464_v3.png,71464,gemini_comp_s2w_71464_v2.png,gemini_comp_s2w_71464_v3.png,A > B,-1,2,0,no,2025-11-03T02:44:36.230302+00:00,T000537,71464::gemini_comp_s2w_71464_v2.png>>gemini_comp_s2w_71464_v3.png::T000537,,17498,1707,825
71464::gemini_comp_s2w_71464_v2.png||gemini_comp_s2w_71464_v4.png,71464,gemini_comp_s2w_71464_v2.png,gemini_comp_s2w_71464_v4.png,A > B,-1,2,0,no,2025-11-03T02:44:39.554962+00:00,T000538,71464::gemini_comp_s2w_71464_v2.png>>gemini_comp_s2w_71464_v4.png::T000538,,2188,1707,825
71464::gemini_comp_s2w_71464_v3.png||gemini_comp_s2w_71464_v4.png,71464,gemini_comp_s2w_71464_v3.png,gemini_comp_s2w_71464_v4.png,A < B,1,3,0,no,2025-11-03T02:44:52.925736+00:00,T000539,71464::gemini_comp_s2w_71464_v3.png>>gemini_comp_s2w_71464_v4.png::T000539,,3140,1707,825
71507::gemini_comp_s2w_71507_v1.png||gemini_comp_s2w_71507_v2.png,71507,gemini_comp_s2w_71507_v1.png,gemini_comp_s2w_71507_v2.png,A < B,1,3,0,no,2025-11-03T02:45:48.879175+00:00,T000540,71507::gemini_comp_s2w_71507_v1.png>>gemini_comp_s2w_71507_v2.png::T000540,,2030,1707,825
71507::gemini_comp_s2w_71507_v1.png||gemini_comp_s2w_71507_v3.png,71507,gemini_comp_s2w_71507_v1.png,gemini_comp_s2w_71507_v3.png,A < B,1,3,0,no,2025-11-03T02:45:31.800591+00:00,T000541,71507::gemini_comp_s2w_71507_v1.png>>gemini_comp_s2w_71507_v3.png::T000541,,24686,1707,825
71507::gemini_comp_s2w_71507_v1.png||gemini_comp_s2w_71507_v4.png,71507,gemini_comp_s2w_71507_v1.png,gemini_comp_s2w_71507_v4.png,A < B,1,3,0,no,2025-11-03T02:45:42.106960+00:00,T000542,71507::gemini_comp_s2w_71507_v1.png>>gemini_comp_s2w_71507_v4.png::T000542,,2538,1707,825
71507::gemini_comp_s2w_71507_v2.png||gemini_comp_s2w_71507_v3.png,71507,gemini_comp_s2w_71507_v2.png,gemini_comp_s2w_71507_v3.png,A < B,1,3,0,no,2025-11-03T02:45:38.537932+00:00,T000543,71507::gemini_comp_s2w_71507_v2.png>>gemini_comp_s2w_71507_v3.png::T000543,,4143,1707,825
71507::gemini_comp_s2w_71507_v2.png||gemini_comp_s2w_71507_v4.png,71507,gemini_comp_s2w_71507_v2.png,gemini_comp_s2w_71507_v4.png,A < B,1,3,0,no,2025-11-03T02:45:53.163908+00:00,T000544,71507::gemini_comp_s2w_71507_v2.png>>gemini_comp_s2w_71507_v4.png::T000544,,3300,1707,825
71507::gemini_comp_s2w_71507_v3.png||gemini_comp_s2w_71507_v4.png,71507,gemini_comp_s2w_71507_v3.png,gemini_comp_s2w_71507_v4.png,A > B,-1,2,0,no,2025-11-03T02:45:45.914756+00:00,T000545,71507::gemini_comp_s2w_71507_v3.png>>gemini_comp_s2w_71507_v4.png::T000545,,2666,1707,825
72157::gemini_comp_s2w_72157_v1.png||gemini_comp_s2w_72157_v2.png,72157,gemini_comp_s2w_72157_v1.png,gemini_comp_s2w_72157_v2.png,A < B,1,3,0,no,2025-11-03T02:46:38.177268+00:00,T000546,72157::gemini_comp_s2w_72157_v1.png>>gemini_comp_s2w_72157_v2.png::T000546,,3100,1707,825
72157::gemini_comp_s2w_72157_v1.png||gemini_comp_s2w_72157_v3.png,72157,gemini_comp_s2w_72157_v1.png,gemini_comp_s2w_72157_v3.png,A < B,1,3,0,no,2025-11-03T02:46:44.257113+00:00,T000547,72157::gemini_comp_s2w_72157_v1.png>>gemini_comp_s2w_72157_v3.png::T000547,,1912,1707,825
72157::gemini_comp_s2w_72157_v1.png||gemini_comp_s2w_72157_v4.png,72157,gemini_comp_s2w_72157_v1.png,gemini_comp_s2w_72157_v4.png,A < B,1,3,0,no,2025-11-03T02:46:33.926909+00:00,T000548,72157::gemini_comp_s2w_72157_v1.png>>gemini_comp_s2w_72157_v4.png::T000548,,2317,1707,825
72157::gemini_comp_s2w_72157_v2.png||gemini_comp_s2w_72157_v3.png,72157,gemini_comp_s2w_72157_v2.png,gemini_comp_s2w_72157_v3.png,A > B,-1,2,0,no,2025-11-03T02:46:41.196745+00:00,T000549,72157::gemini_comp_s2w_72157_v2.png>>gemini_comp_s2w_72157_v3.png::T000549,,1922,1707,825
72157::gemini_comp_s2w_72157_v2.png||gemini_comp_s2w_72157_v4.png,72157,gemini_comp_s2w_72157_v2.png,gemini_comp_s2w_72157_v4.png,A < B,1,3,0,no,2025-11-03T02:46:49.101841+00:00,T000550,72157::gemini_comp_s2w_72157_v2.png>>gemini_comp_s2w_72157_v4.png::T000550,,3752,1707,825
72157::gemini_comp_s2w_72157_v3.png||gemini_comp_s2w_72157_v4.png,72157,gemini_comp_s2w_72157_v3.png,gemini_comp_s2w_72157_v4.png,A < B,1,3,0,no,2025-11-03T02:46:30.765278+00:00,T000551,72157::gemini_comp_s2w_72157_v3.png>>gemini_comp_s2w_72157_v4.png::T000551,,36258,1707,825
7606::gemini_comp_s2w_7606_v1.png||gemini_comp_s2w_7606_v2.png,7606,gemini_comp_s2w_7606_v1.png,gemini_comp_s2w_7606_v2.png,A < B,1,3,0,no,2025-11-03T02:47:09.953962+00:00,T000552,7606::gemini_comp_s2w_7606_v1.png>>gemini_comp_s2w_7606_v2.png::T000552,,19652,1707,825
7606::gemini_comp_s2w_7606_v1.png||gemini_comp_s2w_7606_v3.png,7606,gemini_comp_s2w_7606_v1.png,gemini_comp_s2w_7606_v3.png,A < B,1,3,0,no,2025-11-03T02:47:38.062110+00:00,T000553,7606::gemini_comp_s2w_7606_v1.png>>gemini_comp_s2w_7606_v3.png::T000553,,3286,1707,825
7606::gemini_comp_s2w_7606_v1.png||gemini_comp_s2w_7606_v4.png,7606,gemini_comp_s2w_7606_v1.png,gemini_comp_s2w_7606_v4.png,A < B,1,3,0,no,2025-11-03T02:47:33.445801+00:00,T000554,7606::gemini_comp_s2w_7606_v1.png>>gemini_comp_s2w_7606_v4.png::T000554,,4840,1707,825
7606::gemini_comp_s2w_7606_v2.png||gemini_comp_s2w_7606_v3.png,7606,gemini_comp_s2w_7606_v2.png,gemini_comp_s2w_7606_v3.png,A > B,-1,2,0,no,2025-11-03T02:47:27.241442+00:00,T000555,7606::gemini_comp_s2w_7606_v2.png>>gemini_comp_s2w_7606_v3.png::T000555,,2301,1707,825
7606::gemini_comp_s2w_7606_v2.png||gemini_comp_s2w_7606_v4.png,7606,gemini_comp_s2w_7606_v2.png,gemini_comp_s2w_7606_v4.png,A > B,-1,2,0,no,2025-11-03T02:47:23.798293+00:00,T000556,7606::gemini_comp_s2w_7606_v2.png>>gemini_comp_s2w_7606_v4.png::T000556,,4467,1707,825
7606::gemini_comp_s2w_7606_v3.png||gemini_comp_s2w_7606_v4.png,7606,gemini_comp_s2w_7606_v3.png,gemini_comp_s2w_7606_v4.png,A < B,1,"2,3",1,no,2025-11-03T02:47:18.174852+00:00,T000557,7606::gemini_comp_s2w_7606_v3.png>>gemini_comp_s2w_7606_v4.png::T000557,,2688,1707,825
8365::gpt_comp_s2w_8365_v1.png||gpt_comp_s2w_8365_v2.png,8365,gpt_comp_s2w_8365_v1.png,gpt_comp_s2w_8365_v2.png,A > B,-1,2,0,no,2025-11-03T02:48:03.941575+00:00,T000558,8365::gpt_comp_s2w_8365_v1.png>>gpt_comp_s2w_8365_v2.png::T000558,,3039,1707,825
8365::gpt_comp_s2w_8365_v1.png||gpt_comp_s2w_8365_v3.png,8365,gpt_comp_s2w_8365_v1.png,gpt_comp_s2w_8365_v3.png,A > B,-1,2,0,no,2025-11-03T02:48:06.454367+00:00,T000559,8365::gpt_comp_s2w_8365_v1.png>>gpt_comp_s2w_8365_v3.png::T000559,,1520,1707,825
8365::gpt_comp_s2w_8365_v1.png||gpt_comp_s2w_8365_v4.png,8365,gpt_comp_s2w_8365_v1.png,gpt_comp_s2w_8365_v4.png,A > B,-1,2,0,no,2025-11-03T02:47:45.969472+00:00,T000560,8365::gpt_comp_s2w_8365_v1.png>>gpt_comp_s2w_8365_v4.png::T000560,,6812,1707,825
8365::gpt_comp_s2w_8365_v2.png||gpt_comp_s2w_8365_v3.png,8365,gpt_comp_s2w_8365_v2.png,gpt_comp_s2w_8365_v3.png,A < B,1,3,0,no,2025-11-03T02:48:10.628426+00:00,T000561,8365::gpt_comp_s2w_8365_v2.png>>gpt_comp_s2w_8365_v3.png::T000561,,2802,1707,825
8365::gpt_comp_s2w_8365_v2.png||gpt_comp_s2w_8365_v4.png,8365,gpt_comp_s2w_8365_v2.png,gpt_comp_s2w_8365_v4.png,A > B,-1,2,0,no,2025-11-03T02:47:56.249428+00:00,T000562,8365::gpt_comp_s2w_8365_v2.png>>gpt_comp_s2w_8365_v4.png::T000562,,9042,1707,825
8365::gpt_comp_s2w_8365_v3.png||gpt_comp_s2w_8365_v4.png,8365,gpt_comp_s2w_8365_v3.png,gpt_comp_s2w_8365_v4.png,A > B,-1,2,0,no,2025-11-03T02:47:59.242998+00:00,T000563,8365::gpt_comp_s2w_8365_v3.png>>gpt_comp_s2w_8365_v4.png::T000563,,1828,1707,825
8548::gemini_comp_s2w_8548_v1.png||gemini_comp_s2w_8548_v2.png,8548,gemini_comp_s2w_8548_v1.png,gemini_comp_s2w_8548_v2.png,A < B,1,3,0,no,2025-11-03T02:48:42.301551+00:00,T000564,8548::gemini_comp_s2w_8548_v1.png>>gemini_comp_s2w_8548_v2.png::T000564,,1527,1707,825
8548::gemini_comp_s2w_8548_v1.png||gemini_comp_s2w_8548_v3.png,8548,gemini_comp_s2w_8548_v1.png,gemini_comp_s2w_8548_v3.png,A < B,1,3,0,no,2025-11-03T02:48:28.736276+00:00,T000565,8548::gemini_comp_s2w_8548_v1.png>>gemini_comp_s2w_8548_v3.png::T000565,,2115,1707,825
8548::gemini_comp_s2w_8548_v1.png||gemini_comp_s2w_8548_v4.png,8548,gemini_comp_s2w_8548_v1.png,gemini_comp_s2w_8548_v4.png,A < B,1,3,0,no,2025-11-03T02:48:24.973534+00:00,T000566,8548::gemini_comp_s2w_8548_v1.png>>gemini_comp_s2w_8548_v4.png::T000566,,13651,1707,825
8548::gemini_comp_s2w_8548_v2.png||gemini_comp_s2w_8548_v3.png,8548,gemini_comp_s2w_8548_v2.png,gemini_comp_s2w_8548_v3.png,A < B,1,3,0,no,2025-11-03T02:48:32.584550+00:00,T000567,8548::gemini_comp_s2w_8548_v2.png>>gemini_comp_s2w_8548_v3.png::T000567,,2679,1707,825
8548::gemini_comp_s2w_8548_v2.png||gemini_comp_s2w_8548_v4.png,8548,gemini_comp_s2w_8548_v2.png,gemini_comp_s2w_8548_v4.png,A < B,1,3,0,no,2025-11-03T02:48:36.397228+00:00,T000568,8548::gemini_comp_s2w_8548_v2.png>>gemini_comp_s2w_8548_v4.png::T000568,,3026,1707,825
8548::gemini_comp_s2w_8548_v3.png||gemini_comp_s2w_8548_v4.png,8548,gemini_comp_s2w_8548_v3.png,gemini_comp_s2w_8548_v4.png,A < B,1,3,0,no,2025-11-03T02:48:39.764963+00:00,T000569,8548::gemini_comp_s2w_8548_v3.png>>gemini_comp_s2w_8548_v4.png::T000569,,2064,1707,825
9244::gemini_comp_s2w_9244_v1.png||gemini_comp_s2w_9244_v2.png,9244,gemini_comp_s2w_9244_v1.png,gemini_comp_s2w_9244_v2.png,A < B,1,3,0,no,2025-11-03T02:49:22.594084+00:00,T000570,9244::gemini_comp_s2w_9244_v1.png>>gemini_comp_s2w_9244_v2.png::T000570,,3738,1707,825
9244::gemini_comp_s2w_9244_v1.png||gemini_comp_s2w_9244_v3.png,9244,gemini_comp_s2w_9244_v1.png,gemini_comp_s2w_9244_v3.png,A < B,1,3,0,no,2025-11-03T02:48:47.052080+00:00,T000571,9244::gemini_comp_s2w_9244_v1.png>>gemini_comp_s2w_9244_v3.png::T000571,,3594,1707,825
9244::gemini_comp_s2w_9244_v1.png||gemini_comp_s2w_9244_v4.png,9244,gemini_comp_s2w_9244_v1.png,gemini_comp_s2w_9244_v4.png,A < B,1,3,0,no,2025-11-03T02:48:55.043006+00:00,T000572,9244::gemini_comp_s2w_9244_v1.png>>gemini_comp_s2w_9244_v4.png::T000572,,1970,1707,825
9244::gemini_comp_s2w_9244_v2.png||gemini_comp_s2w_9244_v3.png,9244,gemini_comp_s2w_9244_v2.png,gemini_comp_s2w_9244_v3.png,A > B,-1,2,0,no,2025-11-03T02:49:14.299539+00:00,T000573,9244::gemini_comp_s2w_9244_v2.png>>gemini_comp_s2w_9244_v3.png::T000573,,18101,1707,825
9244::gemini_comp_s2w_9244_v2.png||gemini_comp_s2w_9244_v4.png,9244,gemini_comp_s2w_9244_v2.png,gemini_comp_s2w_9244_v4.png,A > B,-1,2,0,no,2025-11-03T02:48:51.992070+00:00,T000574,9244::gemini_comp_s2w_9244_v2.png>>gemini_comp_s2w_9244_v4.png::T000574,,3300,1707,825
9244::gemini_comp_s2w_9244_v3.png||gemini_comp_s2w_9244_v4.png,9244,gemini_comp_s2w_9244_v3.png,gemini_comp_s2w_9244_v4.png,A > B,-1,2,0,no,2025-11-03T02:49:17.806342+00:00,T000575,9244::gemini_comp_s2w_9244_v3.png>>gemini_comp_s2w_9244_v4.png::T000575,,2032,1707,825
9249::gpt_comp_s2w_9249_v1.png||gpt_comp_s2w_9249_v2.png,9249,gpt_comp_s2w_9249_v1.png,gpt_comp_s2w_9249_v2.png,A < B,1,3,0,no,2025-11-03T02:49:56.574857+00:00,T000576,9249::gpt_comp_s2w_9249_v1.png>>gpt_comp_s2w_9249_v2.png::T000576,,2032,1707,825
9249::gpt_comp_s2w_9249_v1.png||gpt_comp_s2w_9249_v3.png,9249,gpt_comp_s2w_9249_v1.png,gpt_comp_s2w_9249_v3.png,A < B,1,3,0,no,2025-11-03T02:49:53.170365+00:00,T000577,9249::gpt_comp_s2w_9249_v1.png>>gpt_comp_s2w_9249_v3.png::T000577,,5306,1707,825
9249::gpt_comp_s2w_9249_v1.png||gpt_comp_s2w_9249_v4.png,9249,gpt_comp_s2w_9249_v1.png,gpt_comp_s2w_9249_v4.png,A < B,1,3,0,no,2025-11-03T02:49:59.457488+00:00,T000578,9249::gpt_comp_s2w_9249_v1.png>>gpt_comp_s2w_9249_v4.png::T000578,,1780,1707,825
9249::gpt_comp_s2w_9249_v2.png||gpt_comp_s2w_9249_v3.png,9249,gpt_comp_s2w_9249_v2.png,gpt_comp_s2w_9249_v3.png,A > B,-1,2,0,no,2025-11-03T02:50:06.180891+00:00,T000579,9249::gpt_comp_s2w_9249_v2.png>>gpt_comp_s2w_9249_v3.png::T000579,,4857,1707,825
9249::gpt_comp_s2w_9249_v2.png||gpt_comp_s2w_9249_v4.png,9249,gpt_comp_s2w_9249_v2.png,gpt_comp_s2w_9249_v4.png,A > B,-1,2,0,no,2025-11-03T02:49:41.208671+00:00,T000580,9249::gpt_comp_s2w_9249_v2.png>>gpt_comp_s2w_9249_v4.png::T000580,,17705,1707,825
9249::gpt_comp_s2w_9249_v3.png||gpt_comp_s2w_9249_v4.png,9249,gpt_comp_s2w_9249_v3.png,gpt_comp_s2w_9249_v4.png,A > B,-1,2,0,no,2025-11-03T02:49:46.838329+00:00,T000581,9249::gpt_comp_s2w_9249_v3.png>>gpt_comp_s2w_9249_v4.png::T000581,,3403,1707,825
9347::gpt_comp_s2w_9347_v1.png||gpt_comp_s2w_9347_v2.png,9347,gpt_comp_s2w_9347_v1.png,gpt_comp_s2w_9347_v2.png,A > B,-1,2,0,no,2025-11-03T02:50:11.284684+00:00,T000582,9347::gpt_comp_s2w_9347_v1.png>>gpt_comp_s2w_9347_v2.png::T000582,,4246,1707,825
9347::gpt_comp_s2w_9347_v1.png||gpt_comp_s2w_9347_v3.png,9347,gpt_comp_s2w_9347_v1.png,gpt_comp_s2w_9347_v3.png,A > B,-1,2,0,no,2025-11-03T02:50:22.715868+00:00,T000583,9347::gpt_comp_s2w_9347_v1.png>>gpt_comp_s2w_9347_v3.png::T000583,,2205,1707,825
9347::gpt_comp_s2w_9347_v1.png||gpt_comp_s2w_9347_v4.png,9347,gpt_comp_s2w_9347_v1.png,gpt_comp_s2w_9347_v4.png,A > B,-1,2,0,no,2025-11-03T02:50:19.291684+00:00,T000584,9347::gpt_comp_s2w_9347_v1.png>>gpt_comp_s2w_9347_v4.png::T000584,,4502,1707,825
9347::gpt_comp_s2w_9347_v2.png||gpt_comp_s2w_9347_v3.png,9347,gpt_comp_s2w_9347_v2.png,gpt_comp_s2w_9347_v3.png,A > B,-1,"3,2",1,no,2025-11-03T02:50:39.764958+00:00,T000585,9347::gpt_comp_s2w_9347_v2.png>>gpt_comp_s2w_9347_v3.png::T000585,,4146,1707,825
9347::gpt_comp_s2w_9347_v2.png||gpt_comp_s2w_9347_v4.png,9347,gpt_comp_s2w_9347_v2.png,gpt_comp_s2w_9347_v4.png,A < B,1,3,0,no,2025-11-03T02:50:29.129385+00:00,T000586,9347::gpt_comp_s2w_9347_v2.png>>gpt_comp_s2w_9347_v4.png::T000586,,1563,1707,825
9347::gpt_comp_s2w_9347_v3.png||gpt_comp_s2w_9347_v4.png,9347,gpt_comp_s2w_9347_v3.png,gpt_comp_s2w_9347_v4.png,A < B,1,3,0,no,2025-11-03T02:50:26.473575+00:00,T000587,9347::gpt_comp_s2w_9347_v3.png>>gpt_comp_s2w_9347_v4.png::T000587,,2008,1707,825
9640::gpt_comp_s2w_9640_v1.png||gpt_comp_s2w_9640_v2.png,9640,gpt_comp_s2w_9640_v1.png,gpt_comp_s2w_9640_v2.png,A < B,1,3,0,no,2025-11-03T02:51:26.813081+00:00,T000588,9640::gpt_comp_s2w_9640_v1.png>>gpt_comp_s2w_9640_v2.png::T000588,,1811,1707,825
9640::gpt_comp_s2w_9640_v1.png||gpt_comp_s2w_9640_v3.png,9640,gpt_comp_s2w_9640_v1.png,gpt_comp_s2w_9640_v3.png,A < B,1,3,0,no,2025-11-03T02:51:05.978870+00:00,T000589,9640::gpt_comp_s2w_9640_v1.png>>gpt_comp_s2w_9640_v3.png::T000589,,24847,1707,825
9640::gpt_comp_s2w_9640_v1.png||gpt_comp_s2w_9640_v4.png,9640,gpt_comp_s2w_9640_v1.png,gpt_comp_s2w_9640_v4.png,A < B,1,3,0,no,2025-11-03T02:51:23.935482+00:00,T000590,9640::gpt_comp_s2w_9640_v1.png>>gpt_comp_s2w_9640_v4.png::T000590,,4634,1707,825
9640::gpt_comp_s2w_9640_v2.png||gpt_comp_s2w_9640_v3.png,9640,gpt_comp_s2w_9640_v2.png,gpt_comp_s2w_9640_v3.png,A < B,1,3,0,no,2025-11-03T02:51:18.086707+00:00,T000591,9640::gpt_comp_s2w_9640_v2.png>>gpt_comp_s2w_9640_v3.png::T000591,,11015,1707,825
9640::gpt_comp_s2w_9640_v2.png||gpt_comp_s2w_9640_v4.png,9640,gpt_comp_s2w_9640_v2.png,gpt_comp_s2w_9640_v4.png,A < B,1,3,0,no,2025-11-03T02:51:30.093416+00:00,T000592,9640::gpt_comp_s2w_9640_v2.png>>gpt_comp_s2w_9640_v4.png::T000592,,2164,1707,825
9640::gpt_comp_s2w_9640_v3.png||gpt_comp_s2w_9640_v4.png,9640,gpt_comp_s2w_9640_v3.png,gpt_comp_s2w_9640_v4.png,A > B,-1,"3,2",1,no,2025-11-03T02:51:40.647831+00:00,T000593,9640::gpt_comp_s2w_9640_v3.png>>gpt_comp_s2w_9640_v4.png::T000593,,2763,1707,825
9791::gpt_comp_s2w_9791_v1.png||gpt_comp_s2w_9791_v2.png,9791,gpt_comp_s2w_9791_v1.png,gpt_comp_s2w_9791_v2.png,A > B,-1,2,0,no,2025-11-03T02:53:05.063966+00:00,T000594,9791::gpt_comp_s2w_9791_v1.png>>gpt_comp_s2w_9791_v2.png::T000594,,2443,1707,825
9791::gpt_comp_s2w_9791_v1.png||gpt_comp_s2w_9791_v3.png,9791,gpt_comp_s2w_9791_v1.png,gpt_comp_s2w_9791_v3.png,A > B,-1,2,0,no,2025-11-03T02:52:46.298544+00:00,T000595,9791::gpt_comp_s2w_9791_v1.png>>gpt_comp_s2w_9791_v3.png::T000595,,3650,1707,825
9791::gpt_comp_s2w_9791_v1.png||gpt_comp_s2w_9791_v4.png,9791,gpt_comp_s2w_9791_v1.png,gpt_comp_s2w_9791_v4.png,A < B,1,3,0,no,2025-11-03T02:52:00.400645+00:00,T000596,9791::gpt_comp_s2w_9791_v1.png>>gpt_comp_s2w_9791_v4.png::T000596,,18564,1707,825
9791::gpt_comp_s2w_9791_v2.png||gpt_comp_s2w_9791_v3.png,9791,gpt_comp_s2w_9791_v2.png,gpt_comp_s2w_9791_v3.png,A < B,1,3,0,no,2025-11-03T02:53:01.269680+00:00,T000597,9791::gpt_comp_s2w_9791_v2.png>>gpt_comp_s2w_9791_v3.png::T000597,,1929,1707,825
9791::gpt_comp_s2w_9791_v2.png||gpt_comp_s2w_9791_v4.png,9791,gpt_comp_s2w_9791_v2.png,gpt_comp_s2w_9791_v4.png,A < B,1,3,0,no,2025-11-03T02:52:58.326121+00:00,T000598,9791::gpt_comp_s2w_9791_v2.png>>gpt_comp_s2w_9791_v4.png::T000598,,2588,1707,825
9791::gpt_comp_s2w_9791_v3.png||gpt_comp_s2w_9791_v4.png,9791,gpt_comp_s2w_9791_v3.png,gpt_comp_s2w_9791_v4.png,A < B,1,3,0,no,2025-11-03T02:52:52.023970+00:00,T000599,9791::gpt_comp_s2w_9791_v3.png>>gpt_comp_s2w_9791_v4.png::T000599,,4482,1707,825
17058::gpt_comp_s2w_17058_v1.png||gpt_comp_s2w_17058_v3.png,17058,gpt_comp_s2w_17058_v1.png,gpt_comp_s2w_17058_v3.png,A < B,1,3,0,yes,2025-11-03T02:54:51.433078+00:00,DUP_T000067,17058::gpt_comp_s2w_17058_v1.png>>gpt_comp_s2w_17058_v3.png::DUP_T000067,T000067,9454,1707,825
1897::gemini_comp_s2w_1897_v1.png||gemini_comp_s2w_1897_v3.png,1897,gemini_comp_s2w_1897_v1.png,gemini_comp_s2w_1897_v3.png,A > B,-1,2,0,yes,2025-11-03T02:53:41.167724+00:00,DUP_T000091,1897::gemini_comp_s2w_1897_v1.png>>gemini_comp_s2w_1897_v3.png::DUP_T000091,T000091,34701,1707,825
28040::gemini_comp_s2w_28040_v3.png||gemini_comp_s2w_28040_v4.png,28040,gemini_comp_s2w_28040_v3.png,gemini_comp_s2w_28040_v4.png,A > B,-1,2,0,yes,2025-11-03T02:54:30.746170+00:00,DUP_T000167,28040::gemini_comp_s2w_28040_v3.png>>gemini_comp_s2w_28040_v4.png::DUP_T000167,T000167,2256,1707,825
2962::gpt_comp_s2w_2962_v1.png||gpt_comp_s2w_2962_v2.png,2962,gpt_comp_s2w_2962_v1.png,gpt_comp_s2w_2962_v2.png,A < B,1,3,0,yes,2025-11-03T02:54:03.560438+00:00,DUP_T000192,2962::gpt_comp_s2w_2962_v1.png>>gpt_comp_s2w_2962_v2.png::DUP_T000192,T000192,21315,1707,825
2962::gpt_comp_s2w_2962_v1.png||gpt_comp_s2w_2962_v3.png,2962,gpt_comp_s2w_2962_v1.png,gpt_comp_s2w_2962_v3.png,A < B,1,3,0,yes,2025-11-03T02:54:36.239863+00:00,DUP_T000193,2962::gpt_comp_s2w_2962_v1.png>>gpt_comp_s2w_2962_v3.png::DUP_T000193,T000193,3872,1707,825
51339::gpt_comp_s2w_51339_v1.png||gpt_comp_s2w_51339_v3.png,51339,gpt_comp_s2w_51339_v1.png,gpt_comp_s2w_51339_v3.png,A > B,-1,2,0,yes,2025-11-03T02:54:40.741049+00:00,DUP_T000361,51339::gpt_comp_s2w_51339_v1.png>>gpt_comp_s2w_51339_v3.png::DUP_T000361,T000361,3218,1707,825
5651::gpt_comp_s2w_5651_v2.png||gpt_comp_s2w_5651_v3.png,5651,gpt_comp_s2w_5651_v2.png,gpt_comp_s2w_5651_v3.png,A > B,-1,2,0,yes,2025-11-03T02:54:17.731447+00:00,DUP_T000393,5651::gpt_comp_s2w_5651_v2.png>>gpt_comp_s2w_5651_v3.png::DUP_T000393,T000393,12940,1707,825
57893::gpt_comp_s2w_57893_v2.png||gpt_comp_s2w_57893_v4.png,57893,gpt_comp_s2w_57893_v2.png,gpt_comp_s2w_57893_v4.png,A > B,-1,2,0,yes,2025-11-03T02:54:27.147014+00:00,DUP_T000412,57893::gpt_comp_s2w_57893_v2.png>>gpt_comp_s2w_57893_v4.png::DUP_T000412,T000412,3231,1707,825
70410::gemini_comp_s2w_70410_v1.png||gemini_comp_s2w_70410_v2.png,70410,gemini_comp_s2w_70410_v1.png,gemini_comp_s2w_70410_v2.png,A > B,-1,2,0,yes,2025-11-03T02:54:58.685335+00:00,DUP_T000510,70410::gemini_comp_s2w_70410_v1.png>>gemini_comp_s2w_70410_v2.png::DUP_T000510,T000510,6059,1707,825
9244::gemini_comp_s2w_9244_v2.png||gemini_comp_s2w_9244_v4.png,9244,gemini_comp_s2w_9244_v2.png,gemini_comp_s2w_9244_v4.png,A > B,-1,2,0,yes,2025-11-03T02:54:22.449731+00:00,DUP_T000574,9244::gemini_comp_s2w_9244_v2.png>>gemini_comp_s2w_9244_v4.png::DUP_T000574,T000574,3333,1707,825
