pair_id,screen_id,left_file,right_file,final_choice,final_score,choice_trace,num_choice_changes,attention_check,timestamp_utc,uid,cid,orig_uid,rt_ms,client_w,client_h
10681::gpt_comp_s2w_10681_v1.png||gpt_comp_s2w_10681_v2.png,10681,gpt_comp_s2w_10681_v1.png,gpt_comp_s2w_10681_v2.png,A >> B,-2,1,0,no,2025-11-02T22:40:24.686522+00:00,T000000,10681::gpt_comp_s2w_10681_v1.png>>gpt_comp_s2w_10681_v2.png::T000000,,16867,1920,953
10681::gpt_comp_s2w_10681_v1.png||gpt_comp_s2w_10681_v3.png,10681,gpt_comp_s2w_10681_v1.png,gpt_comp_s2w_10681_v3.png,A < B,1,3,0,no,2025-11-02T22:42:39.195582+00:00,T000001,10681::gpt_comp_s2w_10681_v1.png>>gpt_comp_s2w_10681_v3.png::T000001,,24953,1920,953
10681::gpt_comp_s2w_10681_v1.png||gpt_comp_s2w_10681_v4.png,10681,gpt_comp_s2w_10681_v1.png,gpt_comp_s2w_10681_v4.png,A < B,1,3,0,no,2025-11-02T22:42:12.335881+00:00,T000002,10681::gpt_comp_s2w_10681_v1.png>>gpt_comp_s2w_10681_v4.png::T000002,,25292,1920,953
10681::gpt_comp_s2w_10681_v2.png||gpt_comp_s2w_10681_v3.png,10681,gpt_comp_s2w_10681_v2.png,gpt_comp_s2w_10681_v3.png,A > B,-1,2,0,no,2025-11-02T22:41:27.804394+00:00,T000003,10681::gpt_comp_s2w_10681_v2.png>>gpt_comp_s2w_10681_v3.png::T000003,,45139,1920,953
10681::gpt_comp_s2w_10681_v2.png||gpt_comp_s2w_10681_v4.png,10681,gpt_comp_s2w_10681_v2.png,gpt_comp_s2w_10681_v4.png,A > B,-1,2,0,no,2025-11-02T22:42:46.640396+00:00,T000004,10681::gpt_comp_s2w_10681_v2.png>>gpt_comp_s2w_10681_v4.png::T000004,,5976,1920,953
10681::gpt_comp_s2w_10681_v3.png||gpt_comp_s2w_10681_v4.png,10681,gpt_comp_s2w_10681_v3.png,gpt_comp_s2w_10681_v4.png,A >> B,-2,1,0,no,2025-11-02T22:40:39.141864+00:00,T000005,10681::gpt_comp_s2w_10681_v3.png>>gpt_comp_s2w_10681_v4.png::T000005,,6271,1920,953
12842::gemini_comp_s2w_12842_v1.png||gemini_comp_s2w_12842_v2.png,12842,gemini_comp_s2w_12842_v1.png,gemini_comp_s2w_12842_v2.png,A > B,-1,2,0,no,2025-11-02T22:44:20.021114+00:00,T000006,12842::gemini_comp_s2w_12842_v1.png>>gemini_comp_s2w_12842_v2.png::T000006,,442,1920,953
12842::gemini_comp_s2w_12842_v1.png||gemini_comp_s2w_12842_v3.png,12842,gemini_comp_s2w_12842_v1.png,gemini_comp_s2w_12842_v3.png,A > B,-1,2,0,no,2025-11-02T22:44:17.551044+00:00,T000007,12842::gemini_comp_s2w_12842_v1.png>>gemini_comp_s2w_12842_v3.png::T000007,,30901,1920,953
12842::gemini_comp_s2w_12842_v1.png||gemini_comp_s2w_12842_v4.png,12842,gemini_comp_s2w_12842_v1.png,gemini_comp_s2w_12842_v4.png,A < B,1,3,0,no,2025-11-02T22:44:19.167048+00:00,T000008,12842::gemini_comp_s2w_12842_v1.png>>gemini_comp_s2w_12842_v4.png::T000008,,400,1920,953
12842::gemini_comp_s2w_12842_v2.png||gemini_comp_s2w_12842_v3.png,12842,gemini_comp_s2w_12842_v2.png,gemini_comp_s2w_12842_v3.png,A < B,1,3,0,no,2025-11-02T22:43:31.068555+00:00,T000009,12842::gemini_comp_s2w_12842_v2.png>>gemini_comp_s2w_12842_v3.png::T000009,,24083,1920,953
12842::gemini_comp_s2w_12842_v2.png||gemini_comp_s2w_12842_v4.png,12842,gemini_comp_s2w_12842_v2.png,gemini_comp_s2w_12842_v4.png,A < B,1,3,0,no,2025-11-02T22:43:06.035574+00:00,T000010,12842::gemini_comp_s2w_12842_v2.png>>gemini_comp_s2w_12842_v4.png::T000010,,18454,1920,953
12842::gemini_comp_s2w_12842_v3.png||gemini_comp_s2w_12842_v4.png,12842,gemini_comp_s2w_12842_v3.png,gemini_comp_s2w_12842_v4.png,A > B,-1,2,0,no,2025-11-02T22:43:45.507591+00:00,T000011,12842::gemini_comp_s2w_12842_v3.png>>gemini_comp_s2w_12842_v4.png::T000011,,12965,1920,953
13350::gemini_comp_s2w_13350_v1.png||gemini_comp_s2w_13350_v2.png,13350,gemini_comp_s2w_13350_v1.png,gemini_comp_s2w_13350_v2.png,A < B,1,3,0,no,2025-11-02T22:44:55.000228+00:00,T000012,13350::gemini_comp_s2w_13350_v1.png>>gemini_comp_s2w_13350_v2.png::T000012,,11584,1920,953
13350::gemini_comp_s2w_13350_v1.png||gemini_comp_s2w_13350_v3.png,13350,gemini_comp_s2w_13350_v1.png,gemini_comp_s2w_13350_v3.png,A << B,2,"3,4",1,no,2025-11-02T22:44:37.952514+00:00,T000013,13350::gemini_comp_s2w_13350_v1.png>>gemini_comp_s2w_13350_v3.png::T000013,,16369,1920,953
13350::gemini_comp_s2w_13350_v1.png||gemini_comp_s2w_13350_v4.png,13350,gemini_comp_s2w_13350_v1.png,gemini_comp_s2w_13350_v4.png,A < B,1,3,0,no,2025-11-02T22:45:38.345055+00:00,T000014,13350::gemini_comp_s2w_13350_v1.png>>gemini_comp_s2w_13350_v4.png::T000014,,2573,1920,953
13350::gemini_comp_s2w_13350_v2.png||gemini_comp_s2w_13350_v3.png,13350,gemini_comp_s2w_13350_v2.png,gemini_comp_s2w_13350_v3.png,A < B,1,3,0,no,2025-11-02T22:45:33.764454+00:00,T000015,13350::gemini_comp_s2w_13350_v2.png>>gemini_comp_s2w_13350_v3.png::T000015,,3340,1920,953
13350::gemini_comp_s2w_13350_v2.png||gemini_comp_s2w_13350_v4.png,13350,gemini_comp_s2w_13350_v2.png,gemini_comp_s2w_13350_v4.png,A < B,1,"3,3",0,no,2025-11-02T22:45:28.969171+00:00,T000016,13350::gemini_comp_s2w_13350_v2.png>>gemini_comp_s2w_13350_v4.png::T000016,,23851,1920,953
13350::gemini_comp_s2w_13350_v3.png||gemini_comp_s2w_13350_v4.png,13350,gemini_comp_s2w_13350_v3.png,gemini_comp_s2w_13350_v4.png,A > B,-1,2,0,no,2025-11-02T22:44:42.503696+00:00,T000017,13350::gemini_comp_s2w_13350_v3.png>>gemini_comp_s2w_13350_v4.png::T000017,,3618,1920,953
13585::gemini_comp_s2w_13585_v1.png||gemini_comp_s2w_13585_v2.png,13585,gemini_comp_s2w_13585_v1.png,gemini_comp_s2w_13585_v2.png,A < B,1,3,0,no,2025-11-02T22:45:54.068968+00:00,T000018,13585::gemini_comp_s2w_13585_v1.png>>gemini_comp_s2w_13585_v2.png::T000018,,1082,1920,953
13585::gemini_comp_s2w_13585_v1.png||gemini_comp_s2w_13585_v3.png,13585,gemini_comp_s2w_13585_v1.png,gemini_comp_s2w_13585_v3.png,A < B,1,3,0,no,2025-11-02T22:45:48.124444+00:00,T000019,13585::gemini_comp_s2w_13585_v1.png>>gemini_comp_s2w_13585_v3.png::T000019,,9187,1920,953
13585::gemini_comp_s2w_13585_v1.png||gemini_comp_s2w_13585_v4.png,13585,gemini_comp_s2w_13585_v1.png,gemini_comp_s2w_13585_v4.png,A < B,1,3,0,no,2025-11-02T22:46:01.466033+00:00,T000020,13585::gemini_comp_s2w_13585_v1.png>>gemini_comp_s2w_13585_v4.png::T000020,,1798,1920,953
13585::gemini_comp_s2w_13585_v2.png||gemini_comp_s2w_13585_v3.png,13585,gemini_comp_s2w_13585_v2.png,gemini_comp_s2w_13585_v3.png,A < B,1,3,0,no,2025-11-02T22:46:04.121535+00:00,T000021,13585::gemini_comp_s2w_13585_v2.png>>gemini_comp_s2w_13585_v3.png::T000021,,1152,1920,953
13585::gemini_comp_s2w_13585_v2.png||gemini_comp_s2w_13585_v4.png,13585,gemini_comp_s2w_13585_v2.png,gemini_comp_s2w_13585_v4.png,A < B,1,3,0,no,2025-11-02T22:45:51.994485+00:00,T000022,13585::gemini_comp_s2w_13585_v2.png>>gemini_comp_s2w_13585_v4.png::T000022,,2614,1920,953
13585::gemini_comp_s2w_13585_v3.png||gemini_comp_s2w_13585_v4.png,13585,gemini_comp_s2w_13585_v3.png,gemini_comp_s2w_13585_v4.png,A > B,-1,2,0,no,2025-11-02T22:45:58.751553+00:00,T000023,13585::gemini_comp_s2w_13585_v3.png>>gemini_comp_s2w_13585_v4.png::T000023,,3510,1920,953
14289::gpt_comp_s2w_14289_v1.png||gpt_comp_s2w_14289_v2.png,14289,gpt_comp_s2w_14289_v1.png,gpt_comp_s2w_14289_v2.png,A < B,1,3,0,no,2025-11-02T22:46:22.275768+00:00,T000024,14289::gpt_comp_s2w_14289_v1.png>>gpt_comp_s2w_14289_v2.png::T000024,,2099,1920,953
14289::gpt_comp_s2w_14289_v1.png||gpt_comp_s2w_14289_v3.png,14289,gpt_comp_s2w_14289_v1.png,gpt_comp_s2w_14289_v3.png,A < B,1,3,0,no,2025-11-02T22:46:30.491010+00:00,T000025,14289::gpt_comp_s2w_14289_v1.png>>gpt_comp_s2w_14289_v3.png::T000025,,1974,1920,953
14289::gpt_comp_s2w_14289_v1.png||gpt_comp_s2w_14289_v4.png,14289,gpt_comp_s2w_14289_v1.png,gpt_comp_s2w_14289_v4.png,A < B,1,3,0,no,2025-11-02T22:46:13.144393+00:00,T000026,14289::gpt_comp_s2w_14289_v1.png>>gpt_comp_s2w_14289_v4.png::T000026,,2969,1920,953
14289::gpt_comp_s2w_14289_v2.png||gpt_comp_s2w_14289_v3.png,14289,gpt_comp_s2w_14289_v2.png,gpt_comp_s2w_14289_v3.png,A < B,1,3,0,no,2025-11-02T22:46:09.254241+00:00,T000027,14289::gpt_comp_s2w_14289_v2.png>>gpt_comp_s2w_14289_v3.png::T000027,,4342,1920,953
14289::gpt_comp_s2w_14289_v2.png||gpt_comp_s2w_14289_v4.png,14289,gpt_comp_s2w_14289_v2.png,gpt_comp_s2w_14289_v4.png,A >> B,-2,1,0,no,2025-11-02T22:46:25.514134+00:00,T000028,14289::gpt_comp_s2w_14289_v2.png>>gpt_comp_s2w_14289_v4.png::T000028,,1652,1920,953
14289::gpt_comp_s2w_14289_v3.png||gpt_comp_s2w_14289_v4.png,14289,gpt_comp_s2w_14289_v3.png,gpt_comp_s2w_14289_v4.png,A < B,1,3,0,no,2025-11-02T22:46:18.796482+00:00,T000029,14289::gpt_comp_s2w_14289_v3.png>>gpt_comp_s2w_14289_v4.png::T000029,,4124,1920,953
15033::gpt_comp_s2w_15033_v1.png||gpt_comp_s2w_15033_v2.png,15033,gpt_comp_s2w_15033_v1.png,gpt_comp_s2w_15033_v2.png,A > B,-1,2,0,no,2025-11-02T22:46:55.939341+00:00,T000030,15033::gpt_comp_s2w_15033_v1.png>>gpt_comp_s2w_15033_v2.png::T000030,,5146,1920,953
15033::gpt_comp_s2w_15033_v1.png||gpt_comp_s2w_15033_v3.png,15033,gpt_comp_s2w_15033_v1.png,gpt_comp_s2w_15033_v3.png,A < B,1,3,0,no,2025-11-02T22:46:44.230558+00:00,T000031,15033::gpt_comp_s2w_15033_v1.png>>gpt_comp_s2w_15033_v3.png::T000031,,1223,1920,953
15033::gpt_comp_s2w_15033_v1.png||gpt_comp_s2w_15033_v4.png,15033,gpt_comp_s2w_15033_v1.png,gpt_comp_s2w_15033_v4.png,A < B,1,3,0,no,2025-11-02T22:46:34.145133+00:00,T000032,15033::gpt_comp_s2w_15033_v1.png>>gpt_comp_s2w_15033_v4.png::T000032,,2498,1920,953
15033::gpt_comp_s2w_15033_v2.png||gpt_comp_s2w_15033_v3.png,15033,gpt_comp_s2w_15033_v2.png,gpt_comp_s2w_15033_v3.png,A << B,2,4,0,no,2025-11-02T22:46:49.626370+00:00,T000033,15033::gpt_comp_s2w_15033_v2.png>>gpt_comp_s2w_15033_v3.png::T000033,,4407,1920,953
15033::gpt_comp_s2w_15033_v2.png||gpt_comp_s2w_15033_v4.png,15033,gpt_comp_s2w_15033_v2.png,gpt_comp_s2w_15033_v4.png,A < B,1,3,0,no,2025-11-02T22:46:42.070261+00:00,T000034,15033::gpt_comp_s2w_15033_v2.png>>gpt_comp_s2w_15033_v4.png::T000034,,1521,1920,953
15033::gpt_comp_s2w_15033_v3.png||gpt_comp_s2w_15033_v4.png,15033,gpt_comp_s2w_15033_v3.png,gpt_comp_s2w_15033_v4.png,A < B,1,3,0,no,2025-11-02T22:46:38.996886+00:00,T000035,15033::gpt_comp_s2w_15033_v3.png>>gpt_comp_s2w_15033_v4.png::T000035,,2686,1920,953
15366::gpt_comp_s2w_15366_v1.png||gpt_comp_s2w_15366_v2.png,15366,gpt_comp_s2w_15366_v1.png,gpt_comp_s2w_15366_v2.png,A < B,1,3,0,no,2025-11-02T22:47:05.770966+00:00,T000036,15366::gpt_comp_s2w_15366_v1.png>>gpt_comp_s2w_15366_v2.png::T000036,,1432,1920,953
15366::gpt_comp_s2w_15366_v1.png||gpt_comp_s2w_15366_v3.png,15366,gpt_comp_s2w_15366_v1.png,gpt_comp_s2w_15366_v3.png,A < B,1,3,0,no,2025-11-02T22:47:03.432100+00:00,T000037,15366::gpt_comp_s2w_15366_v1.png>>gpt_comp_s2w_15366_v3.png::T000037,,1865,1920,953
15366::gpt_comp_s2w_15366_v1.png||gpt_comp_s2w_15366_v4.png,15366,gpt_comp_s2w_15366_v1.png,gpt_comp_s2w_15366_v4.png,A < B,1,3,0,no,2025-11-02T22:47:00.483905+00:00,T000038,15366::gpt_comp_s2w_15366_v1.png>>gpt_comp_s2w_15366_v4.png::T000038,,3049,1920,953
15366::gpt_comp_s2w_15366_v2.png||gpt_comp_s2w_15366_v3.png,15366,gpt_comp_s2w_15366_v2.png,gpt_comp_s2w_15366_v3.png,A > B,-1,2,0,no,2025-11-02T22:47:12.566132+00:00,T000039,15366::gpt_comp_s2w_15366_v2.png>>gpt_comp_s2w_15366_v3.png::T000039,,3624,1920,953
15366::gpt_comp_s2w_15366_v2.png||gpt_comp_s2w_15366_v4.png,15366,gpt_comp_s2w_15366_v2.png,gpt_comp_s2w_15366_v4.png,A < B,1,3,0,no,2025-11-02T22:47:14.741544+00:00,T000040,15366::gpt_comp_s2w_15366_v2.png>>gpt_comp_s2w_15366_v4.png::T000040,,1056,1920,953
15366::gpt_comp_s2w_15366_v3.png||gpt_comp_s2w_15366_v4.png,15366,gpt_comp_s2w_15366_v3.png,gpt_comp_s2w_15366_v4.png,A < B,1,3,0,no,2025-11-02T22:47:07.780328+00:00,T000041,15366::gpt_comp_s2w_15366_v3.png>>gpt_comp_s2w_15366_v4.png::T000041,,1095,1920,953
1555::gpt_comp_s2w_1555_v1.png||gpt_comp_s2w_1555_v2.png,1555,gpt_comp_s2w_1555_v1.png,gpt_comp_s2w_1555_v2.png,A > B,-1,2,0,no,2025-11-02T22:47:28.392249+00:00,T000042,1555::gpt_comp_s2w_1555_v1.png>>gpt_comp_s2w_1555_v2.png::T000042,,1255,1920,953
1555::gpt_comp_s2w_1555_v1.png||gpt_comp_s2w_1555_v3.png,1555,gpt_comp_s2w_1555_v1.png,gpt_comp_s2w_1555_v3.png,A > B,-1,2,0,no,2025-11-02T22:47:26.300458+00:00,T000043,1555::gpt_comp_s2w_1555_v1.png>>gpt_comp_s2w_1555_v3.png::T000043,,1624,1920,953
1555::gpt_comp_s2w_1555_v1.png||gpt_comp_s2w_1555_v4.png,1555,gpt_comp_s2w_1555_v1.png,gpt_comp_s2w_1555_v4.png,A < B,1,3,0,no,2025-11-02T22:47:23.787590+00:00,T000044,1555::gpt_comp_s2w_1555_v1.png>>gpt_comp_s2w_1555_v4.png::T000044,,1757,1920,953
1555::gpt_comp_s2w_1555_v2.png||gpt_comp_s2w_1555_v3.png,1555,gpt_comp_s2w_1555_v2.png,gpt_comp_s2w_1555_v3.png,A > B,-1,2,0,no,2025-11-02T22:47:18.907863+00:00,T000045,1555::gpt_comp_s2w_1555_v2.png>>gpt_comp_s2w_1555_v3.png::T000045,,3243,1920,953
1555::gpt_comp_s2w_1555_v2.png||gpt_comp_s2w_1555_v4.png,1555,gpt_comp_s2w_1555_v2.png,gpt_comp_s2w_1555_v4.png,A < B,1,3,0,no,2025-11-02T22:47:21.148072+00:00,T000046,1555::gpt_comp_s2w_1555_v2.png>>gpt_comp_s2w_1555_v4.png::T000046,,1589,1920,953
1555::gpt_comp_s2w_1555_v3.png||gpt_comp_s2w_1555_v4.png,1555,gpt_comp_s2w_1555_v3.png,gpt_comp_s2w_1555_v4.png,A < B,1,3,0,no,2025-11-02T22:47:30.499755+00:00,T000047,1555::gpt_comp_s2w_1555_v3.png>>gpt_comp_s2w_1555_v4.png::T000047,,1086,1920,953
16084::gemini_comp_s2w_16084_v1.png||gemini_comp_s2w_16084_v2.png,16084,gemini_comp_s2w_16084_v1.png,gemini_comp_s2w_16084_v2.png,A > B,-1,2,0,no,2025-11-02T22:47:34.650490+00:00,T000048,16084::gemini_comp_s2w_16084_v1.png>>gemini_comp_s2w_16084_v2.png::T000048,,3207,1920,953
16084::gemini_comp_s2w_16084_v1.png||gemini_comp_s2w_16084_v3.png,16084,gemini_comp_s2w_16084_v1.png,gemini_comp_s2w_16084_v3.png,A < B,1,3,0,no,2025-11-02T22:47:45.749416+00:00,T000049,16084::gemini_comp_s2w_16084_v1.png>>gemini_comp_s2w_16084_v3.png::T000049,,1125,1920,953
16084::gemini_comp_s2w_16084_v1.png||gemini_comp_s2w_16084_v4.png,16084,gemini_comp_s2w_16084_v1.png,gemini_comp_s2w_16084_v4.png,A > B,-1,2,0,no,2025-11-02T22:47:38.768250+00:00,T000050,16084::gemini_comp_s2w_16084_v1.png>>gemini_comp_s2w_16084_v4.png::T000050,,3117,1920,953
16084::gemini_comp_s2w_16084_v2.png||gemini_comp_s2w_16084_v3.png,16084,gemini_comp_s2w_16084_v2.png,gemini_comp_s2w_16084_v3.png,A < B,1,"2,3",1,no,2025-11-02T22:47:43.586336+00:00,T000051,16084::gemini_comp_s2w_16084_v2.png>>gemini_comp_s2w_16084_v3.png::T000051,,1666,1920,953
16084::gemini_comp_s2w_16084_v2.png||gemini_comp_s2w_16084_v4.png,16084,gemini_comp_s2w_16084_v2.png,gemini_comp_s2w_16084_v4.png,A > B,-1,2,0,no,2025-11-02T22:47:52.101438+00:00,T000052,16084::gemini_comp_s2w_16084_v2.png>>gemini_comp_s2w_16084_v4.png::T000052,,2515,1920,953
16084::gemini_comp_s2w_16084_v3.png||gemini_comp_s2w_16084_v4.png,16084,gemini_comp_s2w_16084_v3.png,gemini_comp_s2w_16084_v4.png,A > B,-1,2,0,no,2025-11-02T22:47:48.733441+00:00,T000053,16084::gemini_comp_s2w_16084_v3.png>>gemini_comp_s2w_16084_v4.png::T000053,,1276,1920,953
16634::gemini_comp_s2w_16634_v1.png||gemini_comp_s2w_16634_v2.png,16634,gemini_comp_s2w_16634_v1.png,gemini_comp_s2w_16634_v2.png,A << B,2,4,0,no,2025-11-02T22:48:16.515302+00:00,T000054,16634::gemini_comp_s2w_16634_v1.png>>gemini_comp_s2w_16634_v2.png::T000054,,1709,1920,953
16634::gemini_comp_s2w_16634_v1.png||gemini_comp_s2w_16634_v3.png,16634,gemini_comp_s2w_16634_v1.png,gemini_comp_s2w_16634_v3.png,A > B,-1,2,0,no,2025-11-02T22:47:57.999019+00:00,T000055,16634::gemini_comp_s2w_16634_v1.png>>gemini_comp_s2w_16634_v3.png::T000055,,5006,1920,953
16634::gemini_comp_s2w_16634_v1.png||gemini_comp_s2w_16634_v4.png,16634,gemini_comp_s2w_16634_v1.png,gemini_comp_s2w_16634_v4.png,A < B,1,3,0,no,2025-11-02T22:48:10.941747+00:00,T000056,16634::gemini_comp_s2w_16634_v1.png>>gemini_comp_s2w_16634_v4.png::T000056,,1082,1920,953
16634::gemini_comp_s2w_16634_v2.png||gemini_comp_s2w_16634_v3.png,16634,gemini_comp_s2w_16634_v2.png,gemini_comp_s2w_16634_v3.png,A < B,1,3,0,no,2025-11-02T22:48:08.929796+00:00,T000057,16634::gemini_comp_s2w_16634_v2.png>>gemini_comp_s2w_16634_v3.png::T000057,,6826,1920,953
16634::gemini_comp_s2w_16634_v2.png||gemini_comp_s2w_16634_v4.png,16634,gemini_comp_s2w_16634_v2.png,gemini_comp_s2w_16634_v4.png,A < B,1,3,0,no,2025-11-02T22:48:01.089836+00:00,T000058,16634::gemini_comp_s2w_16634_v2.png>>gemini_comp_s2w_16634_v4.png::T000058,,1939,1920,953
16634::gemini_comp_s2w_16634_v3.png||gemini_comp_s2w_16634_v4.png,16634,gemini_comp_s2w_16634_v3.png,gemini_comp_s2w_16634_v4.png,A << B,2,"3,4",1,no,2025-11-02T22:48:13.773862+00:00,T000059,16634::gemini_comp_s2w_16634_v3.png>>gemini_comp_s2w_16634_v4.png::T000059,,720,1920,953
16861::gpt_comp_s2w_16861_v1.png||gpt_comp_s2w_16861_v2.png,16861,gpt_comp_s2w_16861_v1.png,gpt_comp_s2w_16861_v2.png,A < B,1,3,0,no,2025-11-02T22:48:36.767511+00:00,T000060,16861::gpt_comp_s2w_16861_v1.png>>gpt_comp_s2w_16861_v2.png::T000060,,7475,1920,953
16861::gpt_comp_s2w_16861_v1.png||gpt_comp_s2w_16861_v3.png,16861,gpt_comp_s2w_16861_v1.png,gpt_comp_s2w_16861_v3.png,A >> B,-2,1,0,no,2025-11-02T22:48:28.249514+00:00,T000061,16861::gpt_comp_s2w_16861_v1.png>>gpt_comp_s2w_16861_v3.png::T000061,,2887,1920,953
16861::gpt_comp_s2w_16861_v1.png||gpt_comp_s2w_16861_v4.png,16861,gpt_comp_s2w_16861_v1.png,gpt_comp_s2w_16861_v4.png,A > B,-1,2,0,no,2025-11-02T22:48:46.787664+00:00,T000062,16861::gpt_comp_s2w_16861_v1.png>>gpt_comp_s2w_16861_v4.png::T000062,,1109,1920,953
16861::gpt_comp_s2w_16861_v2.png||gpt_comp_s2w_16861_v3.png,16861,gpt_comp_s2w_16861_v2.png,gpt_comp_s2w_16861_v3.png,A >> B,-2,1,0,no,2025-11-02T22:48:23.924664+00:00,T000063,16861::gpt_comp_s2w_16861_v2.png>>gpt_comp_s2w_16861_v3.png::T000063,,6778,1920,953
16861::gpt_comp_s2w_16861_v2.png||gpt_comp_s2w_16861_v4.png,16861,gpt_comp_s2w_16861_v2.png,gpt_comp_s2w_16861_v4.png,A > B,-1,2,0,no,2025-11-02T22:48:44.393466+00:00,T000064,16861::gpt_comp_s2w_16861_v2.png>>gpt_comp_s2w_16861_v4.png::T000064,,6634,1920,953
16861::gpt_comp_s2w_16861_v3.png||gpt_comp_s2w_16861_v4.png,16861,gpt_comp_s2w_16861_v3.png,gpt_comp_s2w_16861_v4.png,A > B,-1,2,0,no,2025-11-02T22:48:49.385786+00:00,T000065,16861::gpt_comp_s2w_16861_v3.png>>gpt_comp_s2w_16861_v4.png::T000065,,1562,1920,953
17058::gpt_comp_s2w_17058_v1.png||gpt_comp_s2w_17058_v2.png,17058,gpt_comp_s2w_17058_v1.png,gpt_comp_s2w_17058_v2.png,A << B,2,"2,3,2,4,2,3,4,2,1,3,4",10,no,2025-11-02T22:49:10.519936+00:00,T000066,17058::gpt_comp_s2w_17058_v1.png>>gpt_comp_s2w_17058_v2.png::T000066,,633,1920,953
17058::gpt_comp_s2w_17058_v1.png||gpt_comp_s2w_17058_v3.png,17058,gpt_comp_s2w_17058_v1.png,gpt_comp_s2w_17058_v3.png,A << B,2,"2,3,4",2,no,2025-11-02T22:49:14.100752+00:00,T000067,17058::gpt_comp_s2w_17058_v1.png>>gpt_comp_s2w_17058_v3.png::T000067,,401,1920,953
17058::gpt_comp_s2w_17058_v1.png||gpt_comp_s2w_17058_v4.png,17058,gpt_comp_s2w_17058_v1.png,gpt_comp_s2w_17058_v4.png,A < B,1,"2,3",1,no,2025-11-02T22:49:02.313953+00:00,T000068,17058::gpt_comp_s2w_17058_v1.png>>gpt_comp_s2w_17058_v4.png::T000068,,274,1920,953
17058::gpt_comp_s2w_17058_v2.png||gpt_comp_s2w_17058_v3.png,17058,gpt_comp_s2w_17058_v2.png,gpt_comp_s2w_17058_v3.png,A < B,1,3,0,no,2025-11-02T22:49:11.367030+00:00,T000069,17058::gpt_comp_s2w_17058_v2.png>>gpt_comp_s2w_17058_v3.png::T000069,,305,1920,953
17058::gpt_comp_s2w_17058_v2.png||gpt_comp_s2w_17058_v4.png,17058,gpt_comp_s2w_17058_v2.png,gpt_comp_s2w_17058_v4.png,A > B,-1,2,0,no,2025-11-02T22:49:12.040476+00:00,T000070,17058::gpt_comp_s2w_17058_v2.png>>gpt_comp_s2w_17058_v4.png::T000070,,149,1920,953
17058::gpt_comp_s2w_17058_v3.png||gpt_comp_s2w_17058_v4.png,17058,gpt_comp_s2w_17058_v3.png,gpt_comp_s2w_17058_v4.png,A > B,-1,2,0,no,2025-11-02T22:48:59.016150+00:00,T000071,17058::gpt_comp_s2w_17058_v3.png>>gpt_comp_s2w_17058_v4.png::T000071,,8709,1920,953
17432::gpt_comp_s2w_17432_v1.png||gpt_comp_s2w_17432_v2.png,17432,gpt_comp_s2w_17432_v1.png,gpt_comp_s2w_17432_v2.png,A < B,1,3,0,no,2025-11-02T22:49:35.247544+00:00,T000072,17432::gpt_comp_s2w_17432_v1.png>>gpt_comp_s2w_17432_v2.png::T000072,,195,1920,953
17432::gpt_comp_s2w_17432_v1.png||gpt_comp_s2w_17432_v3.png,17432,gpt_comp_s2w_17432_v1.png,gpt_comp_s2w_17432_v3.png,A < B,1,3,0,no,2025-11-02T22:49:31.182830+00:00,T000073,17432::gpt_comp_s2w_17432_v1.png>>gpt_comp_s2w_17432_v3.png::T000073,,12622,1920,953
17432::gpt_comp_s2w_17432_v1.png||gpt_comp_s2w_17432_v4.png,17432,gpt_comp_s2w_17432_v1.png,gpt_comp_s2w_17432_v4.png,A << B,2,"3,4",1,no,2025-11-02T22:49:34.537039+00:00,T000074,17432::gpt_comp_s2w_17432_v1.png>>gpt_comp_s2w_17432_v4.png::T000074,,927,1920,953
17432::gpt_comp_s2w_17432_v2.png||gpt_comp_s2w_17432_v3.png,17432,gpt_comp_s2w_17432_v2.png,gpt_comp_s2w_17432_v3.png,A >> B,-2,1,0,no,2025-11-02T22:49:15.423335+00:00,T000075,17432::gpt_comp_s2w_17432_v2.png>>gpt_comp_s2w_17432_v3.png::T000075,,838,1920,953
17432::gpt_comp_s2w_17432_v2.png||gpt_comp_s2w_17432_v4.png,17432,gpt_comp_s2w_17432_v2.png,gpt_comp_s2w_17432_v4.png,A > B,-1,2,0,no,2025-11-02T22:49:17.532960+00:00,T000076,17432::gpt_comp_s2w_17432_v2.png>>gpt_comp_s2w_17432_v4.png::T000076,,1017,1920,953
17432::gpt_comp_s2w_17432_v3.png||gpt_comp_s2w_17432_v4.png,17432,gpt_comp_s2w_17432_v3.png,gpt_comp_s2w_17432_v4.png,A > B,-1,"4,2",1,no,2025-11-02T22:49:32.638313+00:00,T000077,17432::gpt_comp_s2w_17432_v3.png>>gpt_comp_s2w_17432_v4.png::T000077,,319,1920,953
17501::gemini_comp_s2w_17501_v1.png||gemini_comp_s2w_17501_v2.png,17501,gemini_comp_s2w_17501_v1.png,gemini_comp_s2w_17501_v2.png,A > B,-1,2,0,no,2025-11-02T22:49:45.849031+00:00,T000078,17501::gemini_comp_s2w_17501_v1.png>>gemini_comp_s2w_17501_v2.png::T000078,,591,1920,953
17501::gemini_comp_s2w_17501_v1.png||gemini_comp_s2w_17501_v3.png,17501,gemini_comp_s2w_17501_v1.png,gemini_comp_s2w_17501_v3.png,A < B,1,"1,3",1,no,2025-11-02T22:49:48.078200+00:00,T000079,17501::gemini_comp_s2w_17501_v1.png>>gemini_comp_s2w_17501_v3.png::T000079,,359,1920,953
17501::gemini_comp_s2w_17501_v1.png||gemini_comp_s2w_17501_v4.png,17501,gemini_comp_s2w_17501_v1.png,gemini_comp_s2w_17501_v4.png,A >> B,-2,1,0,no,2025-11-02T22:49:42.265274+00:00,T000080,17501::gemini_comp_s2w_17501_v1.png>>gemini_comp_s2w_17501_v4.png::T000080,,1703,1920,953
17501::gemini_comp_s2w_17501_v2.png||gemini_comp_s2w_17501_v3.png,17501,gemini_comp_s2w_17501_v2.png,gemini_comp_s2w_17501_v3.png,A >> B,-2,1,0,no,2025-11-02T22:49:39.353440+00:00,T000081,17501::gemini_comp_s2w_17501_v2.png>>gemini_comp_s2w_17501_v3.png::T000081,,453,1920,953
17501::gemini_comp_s2w_17501_v2.png||gemini_comp_s2w_17501_v4.png,17501,gemini_comp_s2w_17501_v2.png,gemini_comp_s2w_17501_v4.png,A >> B,-2,"1,1,1",0,no,2025-11-02T22:49:44.855936+00:00,T000082,17501::gemini_comp_s2w_17501_v2.png>>gemini_comp_s2w_17501_v4.png::T000082,,574,1920,953
17501::gemini_comp_s2w_17501_v3.png||gemini_comp_s2w_17501_v4.png,17501,gemini_comp_s2w_17501_v3.png,gemini_comp_s2w_17501_v4.png,A > B,-1,2,0,no,2025-11-02T22:49:36.065414+00:00,T000083,17501::gemini_comp_s2w_17501_v3.png>>gemini_comp_s2w_17501_v4.png::T000083,,387,1920,953
18056::gemini_comp_s2w_18056_v1.png||gemini_comp_s2w_18056_v2.png,18056,gemini_comp_s2w_18056_v1.png,gemini_comp_s2w_18056_v2.png,A < B,1,3,0,no,2025-11-02T22:50:07.284966+00:00,T000084,18056::gemini_comp_s2w_18056_v1.png>>gemini_comp_s2w_18056_v2.png::T000084,,1141,1920,953
18056::gemini_comp_s2w_18056_v1.png||gemini_comp_s2w_18056_v3.png,18056,gemini_comp_s2w_18056_v1.png,gemini_comp_s2w_18056_v3.png,A < B,1,3,0,no,2025-11-02T22:50:11.907575+00:00,T000085,18056::gemini_comp_s2w_18056_v1.png>>gemini_comp_s2w_18056_v3.png::T000085,,958,1920,953
18056::gemini_comp_s2w_18056_v1.png||gemini_comp_s2w_18056_v4.png,18056,gemini_comp_s2w_18056_v1.png,gemini_comp_s2w_18056_v4.png,A < B,1,3,0,no,2025-11-02T22:50:15.390781+00:00,T000086,18056::gemini_comp_s2w_18056_v1.png>>gemini_comp_s2w_18056_v4.png::T000086,,743,1920,953
18056::gemini_comp_s2w_18056_v2.png||gemini_comp_s2w_18056_v3.png,18056,gemini_comp_s2w_18056_v2.png,gemini_comp_s2w_18056_v3.png,A < B,1,"2,3",1,no,2025-11-02T22:50:05.039790+00:00,T000087,18056::gemini_comp_s2w_18056_v2.png>>gemini_comp_s2w_18056_v3.png::T000087,,5636,1920,953
18056::gemini_comp_s2w_18056_v2.png||gemini_comp_s2w_18056_v4.png,18056,gemini_comp_s2w_18056_v2.png,gemini_comp_s2w_18056_v4.png,A < B,1,3,0,no,2025-11-02T22:50:13.999750+00:00,T000088,18056::gemini_comp_s2w_18056_v2.png>>gemini_comp_s2w_18056_v4.png::T000088,,1055,1920,953
18056::gemini_comp_s2w_18056_v3.png||gemini_comp_s2w_18056_v4.png,18056,gemini_comp_s2w_18056_v3.png,gemini_comp_s2w_18056_v4.png,A >> B,-2,"4,1",1,no,2025-11-02T22:49:57.573954+00:00,T000089,18056::gemini_comp_s2w_18056_v3.png>>gemini_comp_s2w_18056_v4.png::T000089,,7909,1920,953
1897::gemini_comp_s2w_1897_v1.png||gemini_comp_s2w_1897_v2.png,1897,gemini_comp_s2w_1897_v1.png,gemini_comp_s2w_1897_v2.png,A < B,1,3,0,no,2025-11-02T22:50:29.686649+00:00,T000090,1897::gemini_comp_s2w_1897_v1.png>>gemini_comp_s2w_1897_v2.png::T000090,,1355,1920,953
1897::gemini_comp_s2w_1897_v1.png||gemini_comp_s2w_1897_v3.png,1897,gemini_comp_s2w_1897_v1.png,gemini_comp_s2w_1897_v3.png,A < B,1,3,0,no,2025-11-02T22:50:32.249961+00:00,T000091,1897::gemini_comp_s2w_1897_v1.png>>gemini_comp_s2w_1897_v3.png::T000091,,471,1920,953
1897::gemini_comp_s2w_1897_v1.png||gemini_comp_s2w_1897_v4.png,1897,gemini_comp_s2w_1897_v1.png,gemini_comp_s2w_1897_v4.png,A < B,1,3,0,no,2025-11-02T22:50:34.682461+00:00,T000092,1897::gemini_comp_s2w_1897_v1.png>>gemini_comp_s2w_1897_v4.png::T000092,,928,1920,953
1897::gemini_comp_s2w_1897_v2.png||gemini_comp_s2w_1897_v3.png,1897,gemini_comp_s2w_1897_v2.png,gemini_comp_s2w_1897_v3.png,A >> B,-2,1,0,no,2025-11-02T22:50:31.324015+00:00,T000093,1897::gemini_comp_s2w_1897_v2.png>>gemini_comp_s2w_1897_v3.png::T000093,,304,1920,953
1897::gemini_comp_s2w_1897_v2.png||gemini_comp_s2w_1897_v4.png,1897,gemini_comp_s2w_1897_v2.png,gemini_comp_s2w_1897_v4.png,A < B,1,3,0,no,2025-11-02T22:50:26.825407+00:00,T000094,1897::gemini_comp_s2w_1897_v2.png>>gemini_comp_s2w_1897_v4.png::T000094,,10578,1920,953
1897::gemini_comp_s2w_1897_v3.png||gemini_comp_s2w_1897_v4.png,1897,gemini_comp_s2w_1897_v3.png,gemini_comp_s2w_1897_v4.png,A > B,-1,2,0,no,2025-11-02T22:50:30.554208+00:00,T000095,1897::gemini_comp_s2w_1897_v3.png>>gemini_comp_s2w_1897_v4.png::T000095,,333,1920,953
19961::gemini_comp_s2w_19961_v1.png||gemini_comp_s2w_19961_v2.png,19961,gemini_comp_s2w_19961_v1.png,gemini_comp_s2w_19961_v2.png,A < B,1,"4,3",1,no,2025-11-02T22:50:54.506727+00:00,T000096,19961::gemini_comp_s2w_19961_v1.png>>gemini_comp_s2w_19961_v2.png::T000096,,132,1920,953
19961::gemini_comp_s2w_19961_v1.png||gemini_comp_s2w_19961_v3.png,19961,gemini_comp_s2w_19961_v1.png,gemini_comp_s2w_19961_v3.png,A >> B,-2,"2,1",1,no,2025-11-02T22:50:53.346233+00:00,T000097,19961::gemini_comp_s2w_19961_v1.png>>gemini_comp_s2w_19961_v3.png::T000097,,270,1920,953
19961::gemini_comp_s2w_19961_v1.png||gemini_comp_s2w_19961_v4.png,19961,gemini_comp_s2w_19961_v1.png,gemini_comp_s2w_19961_v4.png,A > B,-1,2,0,no,2025-11-02T22:50:45.306983+00:00,T000098,19961::gemini_comp_s2w_19961_v1.png>>gemini_comp_s2w_19961_v4.png::T000098,,9994,1920,953
19961::gemini_comp_s2w_19961_v2.png||gemini_comp_s2w_19961_v3.png,19961,gemini_comp_s2w_19961_v2.png,gemini_comp_s2w_19961_v3.png,A < B,1,3,0,no,2025-11-02T22:50:51.108639+00:00,T000099,19961::gemini_comp_s2w_19961_v2.png>>gemini_comp_s2w_19961_v3.png::T000099,,2856,1920,953
19961::gemini_comp_s2w_19961_v2.png||gemini_comp_s2w_19961_v4.png,19961,gemini_comp_s2w_19961_v2.png,gemini_comp_s2w_19961_v4.png,A > B,-1,"3,2",1,no,2025-11-02T22:50:47.742523+00:00,T000100,19961::gemini_comp_s2w_19961_v2.png>>gemini_comp_s2w_19961_v4.png::T000100,,1239,1920,953
19961::gemini_comp_s2w_19961_v3.png||gemini_comp_s2w_19961_v4.png,19961,gemini_comp_s2w_19961_v3.png,gemini_comp_s2w_19961_v4.png,A < B,1,3,0,no,2025-11-02T22:50:52.078648+00:00,T000101,19961::gemini_comp_s2w_19961_v3.png>>gemini_comp_s2w_19961_v4.png::T000101,,523,1920,953
22170::gpt_comp_s2w_22170_v1.png||gpt_comp_s2w_22170_v2.png,22170,gpt_comp_s2w_22170_v1.png,gpt_comp_s2w_22170_v2.png,A << B,2,4,0,no,2025-11-02T22:51:17.601334+00:00,T000102,22170::gpt_comp_s2w_22170_v1.png>>gpt_comp_s2w_22170_v2.png::T000102,,480,1920,953
22170::gpt_comp_s2w_22170_v1.png||gpt_comp_s2w_22170_v3.png,22170,gpt_comp_s2w_22170_v1.png,gpt_comp_s2w_22170_v3.png,A < B,1,3,0,no,2025-11-02T22:51:02.040021+00:00,T000103,22170::gpt_comp_s2w_22170_v1.png>>gpt_comp_s2w_22170_v3.png::T000103,,276,1920,953
22170::gpt_comp_s2w_22170_v1.png||gpt_comp_s2w_22170_v4.png,22170,gpt_comp_s2w_22170_v1.png,gpt_comp_s2w_22170_v4.png,A < B,1,3,0,no,2025-11-02T22:51:18.770906+00:00,T000104,22170::gpt_comp_s2w_22170_v1.png>>gpt_comp_s2w_22170_v4.png::T000104,,529,1920,953
22170::gpt_comp_s2w_22170_v2.png||gpt_comp_s2w_22170_v3.png,22170,gpt_comp_s2w_22170_v2.png,gpt_comp_s2w_22170_v3.png,A < B,1,"2,1,2,1,3,4,3,2,3,4,3",10,no,2025-11-02T22:51:01.352613+00:00,T000105,22170::gpt_comp_s2w_22170_v2.png>>gpt_comp_s2w_22170_v3.png::T000105,,187,1920,953
22170::gpt_comp_s2w_22170_v2.png||gpt_comp_s2w_22170_v4.png,22170,gpt_comp_s2w_22170_v2.png,gpt_comp_s2w_22170_v4.png,A < B,1,3,0,no,2025-11-02T22:51:12.574689+00:00,T000106,22170::gpt_comp_s2w_22170_v2.png>>gpt_comp_s2w_22170_v4.png::T000106,,705,1920,953
22170::gpt_comp_s2w_22170_v3.png||gpt_comp_s2w_22170_v4.png,22170,gpt_comp_s2w_22170_v3.png,gpt_comp_s2w_22170_v4.png,A > B,-1,2,0,no,2025-11-02T22:51:20.235515+00:00,T000107,22170::gpt_comp_s2w_22170_v3.png>>gpt_comp_s2w_22170_v4.png::T000107,,693,1920,953
22437::gpt_comp_s2w_22437_v1.png||gpt_comp_s2w_22437_v2.png,22437,gpt_comp_s2w_22437_v1.png,gpt_comp_s2w_22437_v2.png,A < B,1,3,0,no,2025-11-02T22:51:32.373854+00:00,T000108,22437::gpt_comp_s2w_22437_v1.png>>gpt_comp_s2w_22437_v2.png::T000108,,452,1920,953
22437::gpt_comp_s2w_22437_v1.png||gpt_comp_s2w_22437_v3.png,22437,gpt_comp_s2w_22437_v1.png,gpt_comp_s2w_22437_v3.png,A > B,-1,"3,2",1,no,2025-11-02T22:51:28.824828+00:00,T000109,22437::gpt_comp_s2w_22437_v1.png>>gpt_comp_s2w_22437_v3.png::T000109,,923,1920,953
22437::gpt_comp_s2w_22437_v1.png||gpt_comp_s2w_22437_v4.png,22437,gpt_comp_s2w_22437_v1.png,gpt_comp_s2w_22437_v4.png,A < B,1,"2,3",1,no,2025-11-02T22:51:34.126936+00:00,T000110,22437::gpt_comp_s2w_22437_v1.png>>gpt_comp_s2w_22437_v4.png::T000110,,355,1920,953
22437::gpt_comp_s2w_22437_v2.png||gpt_comp_s2w_22437_v3.png,22437,gpt_comp_s2w_22437_v2.png,gpt_comp_s2w_22437_v3.png,A > B,-1,2,0,no,2025-11-02T22:51:30.925613+00:00,T000111,22437::gpt_comp_s2w_22437_v2.png>>gpt_comp_s2w_22437_v3.png::T000111,,1109,1920,953
22437::gpt_comp_s2w_22437_v2.png||gpt_comp_s2w_22437_v4.png,22437,gpt_comp_s2w_22437_v2.png,gpt_comp_s2w_22437_v4.png,A >> B,-2,1,0,no,2025-11-02T22:51:22.256079+00:00,T000112,22437::gpt_comp_s2w_22437_v2.png>>gpt_comp_s2w_22437_v4.png::T000112,,451,1920,953
22437::gpt_comp_s2w_22437_v3.png||gpt_comp_s2w_22437_v4.png,22437,gpt_comp_s2w_22437_v3.png,gpt_comp_s2w_22437_v4.png,A < B,1,3,0,no,2025-11-02T22:51:25.869938+00:00,T000113,22437::gpt_comp_s2w_22437_v3.png>>gpt_comp_s2w_22437_v4.png::T000113,,3011,1920,953
24695::gemini_comp_s2w_24695_v1.png||gemini_comp_s2w_24695_v2.png,24695,gemini_comp_s2w_24695_v1.png,gemini_comp_s2w_24695_v2.png,A >> B,-2,1,0,no,2025-11-02T22:51:35.486035+00:00,T000114,24695::gemini_comp_s2w_24695_v1.png>>gemini_comp_s2w_24695_v2.png::T000114,,275,1920,953
24695::gemini_comp_s2w_24695_v1.png||gemini_comp_s2w_24695_v3.png,24695,gemini_comp_s2w_24695_v1.png,gemini_comp_s2w_24695_v3.png,A > B,-1,2,0,no,2025-11-03T06:14:43.577742+00:00,T000115,24695::gemini_comp_s2w_24695_v1.png>>gemini_comp_s2w_24695_v3.png::T000115,,1631,1920,953
24695::gemini_comp_s2w_24695_v1.png||gemini_comp_s2w_24695_v4.png,24695,gemini_comp_s2w_24695_v1.png,gemini_comp_s2w_24695_v4.png,A >> B,-2,1,0,no,2025-11-02T22:51:38.496648+00:00,T000116,24695::gemini_comp_s2w_24695_v1.png>>gemini_comp_s2w_24695_v4.png::T000116,,364,1920,953
24695::gemini_comp_s2w_24695_v2.png||gemini_comp_s2w_24695_v3.png,24695,gemini_comp_s2w_24695_v2.png,gemini_comp_s2w_24695_v3.png,A > B,-1,2,0,no,2025-11-03T06:14:49.274485+00:00,T000117,24695::gemini_comp_s2w_24695_v2.png>>gemini_comp_s2w_24695_v3.png::T000117,,1603,1920,953
24695::gemini_comp_s2w_24695_v2.png||gemini_comp_s2w_24695_v4.png,24695,gemini_comp_s2w_24695_v2.png,gemini_comp_s2w_24695_v4.png,A > B,-1,"4,3,2",2,no,2025-11-02T22:51:37.741156+00:00,T000118,24695::gemini_comp_s2w_24695_v2.png>>gemini_comp_s2w_24695_v4.png::T000118,,329,1920,953
24695::gemini_comp_s2w_24695_v3.png||gemini_comp_s2w_24695_v4.png,24695,gemini_comp_s2w_24695_v3.png,gemini_comp_s2w_24695_v4.png,A > B,-1,2,0,no,2025-11-02T22:51:34.820842+00:00,T000119,24695::gemini_comp_s2w_24695_v3.png>>gemini_comp_s2w_24695_v4.png::T000119,,293,1920,953
25181::gemini_comp_s2w_25181_v1.png||gemini_comp_s2w_25181_v2.png,25181,gemini_comp_s2w_25181_v1.png,gemini_comp_s2w_25181_v2.png,A << B,2,4,0,no,2025-11-02T22:51:44.510408+00:00,T000120,25181::gemini_comp_s2w_25181_v1.png>>gemini_comp_s2w_25181_v2.png::T000120,,343,1920,953
25181::gemini_comp_s2w_25181_v1.png||gemini_comp_s2w_25181_v3.png,25181,gemini_comp_s2w_25181_v1.png,gemini_comp_s2w_25181_v3.png,A < B,1,3,0,no,2025-11-02T22:51:41.960406+00:00,T000121,25181::gemini_comp_s2w_25181_v1.png>>gemini_comp_s2w_25181_v3.png::T000121,,1351,1920,953
25181::gemini_comp_s2w_25181_v1.png||gemini_comp_s2w_25181_v4.png,25181,gemini_comp_s2w_25181_v1.png,gemini_comp_s2w_25181_v4.png,A < B,1,"2,3",1,no,2025-11-02T22:51:43.626638+00:00,T000122,25181::gemini_comp_s2w_25181_v1.png>>gemini_comp_s2w_25181_v4.png::T000122,,669,1920,953
25181::gemini_comp_s2w_25181_v2.png||gemini_comp_s2w_25181_v3.png,25181,gemini_comp_s2w_25181_v2.png,gemini_comp_s2w_25181_v3.png,A < B,1,3,0,no,2025-11-03T06:14:33.141023+00:00,T000123,25181::gemini_comp_s2w_25181_v2.png>>gemini_comp_s2w_25181_v3.png::T000123,,4930,1920,953
25181::gemini_comp_s2w_25181_v2.png||gemini_comp_s2w_25181_v4.png,25181,gemini_comp_s2w_25181_v2.png,gemini_comp_s2w_25181_v4.png,A > B,-1,2,0,no,2025-11-02T22:51:39.197415+00:00,T000124,25181::gemini_comp_s2w_25181_v2.png>>gemini_comp_s2w_25181_v4.png::T000124,,312,1920,953
25181::gemini_comp_s2w_25181_v3.png||gemini_comp_s2w_25181_v4.png,25181,gemini_comp_s2w_25181_v3.png,gemini_comp_s2w_25181_v4.png,A < B,1,3,0,no,2025-11-02T22:51:39.992647+00:00,T000125,25181::gemini_comp_s2w_25181_v3.png>>gemini_comp_s2w_25181_v4.png::T000125,,372,1920,953
25572::gpt_comp_s2w_25572_v1.png||gpt_comp_s2w_25572_v2.png,25572,gpt_comp_s2w_25572_v1.png,gpt_comp_s2w_25572_v2.png,A >> B,-2,1,0,no,2025-11-02T22:51:46.646714+00:00,T000126,25572::gpt_comp_s2w_25572_v1.png>>gpt_comp_s2w_25572_v2.png::T000126,,257,1920,953
25572::gpt_comp_s2w_25572_v1.png||gpt_comp_s2w_25572_v3.png,25572,gpt_comp_s2w_25572_v1.png,gpt_comp_s2w_25572_v3.png,A > B,-1,2,0,no,2025-11-02T22:51:45.986692+00:00,T000127,25572::gpt_comp_s2w_25572_v1.png>>gpt_comp_s2w_25572_v3.png::T000127,,343,1920,953
25572::gpt_comp_s2w_25572_v1.png||gpt_comp_s2w_25572_v4.png,25572,gpt_comp_s2w_25572_v1.png,gpt_comp_s2w_25572_v4.png,A > B,-1,2,0,no,2025-11-02T22:51:47.432774+00:00,T000128,25572::gpt_comp_s2w_25572_v1.png>>gpt_comp_s2w_25572_v4.png::T000128,,358,1920,953
25572::gpt_comp_s2w_25572_v2.png||gpt_comp_s2w_25572_v3.png,25572,gpt_comp_s2w_25572_v2.png,gpt_comp_s2w_25572_v3.png,A < B,1,3,0,no,2025-11-02T22:51:45.215862+00:00,T000129,25572::gpt_comp_s2w_25572_v2.png>>gpt_comp_s2w_25572_v3.png::T000129,,284,1920,953
25572::gpt_comp_s2w_25572_v2.png||gpt_comp_s2w_25572_v4.png,25572,gpt_comp_s2w_25572_v2.png,gpt_comp_s2w_25572_v4.png,A << B,2,4,0,no,2025-11-02T22:51:50.088068+00:00,T000130,25572::gpt_comp_s2w_25572_v2.png>>gpt_comp_s2w_25572_v4.png::T000130,,352,1920,953
25572::gpt_comp_s2w_25572_v3.png||gpt_comp_s2w_25572_v4.png,25572,gpt_comp_s2w_25572_v3.png,gpt_comp_s2w_25572_v4.png,A < B,1,3,0,no,2025-11-02T22:51:49.285321+00:00,T000131,25572::gpt_comp_s2w_25572_v3.png>>gpt_comp_s2w_25572_v4.png::T000131,,1235,1920,953
25792::gemini_comp_s2w_25792_v1.png||gemini_comp_s2w_25792_v2.png,25792,gemini_comp_s2w_25792_v1.png,gemini_comp_s2w_25792_v2.png,A > B,-1,"3,2",1,no,2025-11-02T22:51:58.972318+00:00,T000132,25792::gemini_comp_s2w_25792_v1.png>>gemini_comp_s2w_25792_v2.png::T000132,,1270,1920,953
25792::gemini_comp_s2w_25792_v1.png||gemini_comp_s2w_25792_v3.png,25792,gemini_comp_s2w_25792_v1.png,gemini_comp_s2w_25792_v3.png,A << B,2,4,0,no,2025-11-02T22:52:02.131217+00:00,T000133,25792::gemini_comp_s2w_25792_v1.png>>gemini_comp_s2w_25792_v3.png::T000133,,693,1920,953
25792::gemini_comp_s2w_25792_v1.png||gemini_comp_s2w_25792_v4.png,25792,gemini_comp_s2w_25792_v1.png,gemini_comp_s2w_25792_v4.png,A < B,1,3,0,no,2025-11-02T22:51:51.102582+00:00,T000134,25792::gemini_comp_s2w_25792_v1.png>>gemini_comp_s2w_25792_v4.png::T000134,,200,1920,953
25792::gemini_comp_s2w_25792_v2.png||gemini_comp_s2w_25792_v3.png,25792,gemini_comp_s2w_25792_v2.png,gemini_comp_s2w_25792_v3.png,A < B,1,3,0,no,2025-11-02T22:52:03.249814+00:00,T000135,25792::gemini_comp_s2w_25792_v2.png>>gemini_comp_s2w_25792_v3.png::T000135,,446,1920,953
25792::gemini_comp_s2w_25792_v2.png||gemini_comp_s2w_25792_v4.png,25792,gemini_comp_s2w_25792_v2.png,gemini_comp_s2w_25792_v4.png,A > B,-1,2,0,no,2025-11-02T22:52:04.551053+00:00,T000136,25792::gemini_comp_s2w_25792_v2.png>>gemini_comp_s2w_25792_v4.png::T000136,,396,1920,953
25792::gemini_comp_s2w_25792_v3.png||gemini_comp_s2w_25792_v4.png,25792,gemini_comp_s2w_25792_v3.png,gemini_comp_s2w_25792_v4.png,A < B,1,3,0,no,2025-11-02T22:52:00.674809+00:00,T000137,25792::gemini_comp_s2w_25792_v3.png>>gemini_comp_s2w_25792_v4.png::T000137,,685,1920,953
26367::gpt_comp_s2w_26367_v1.png||gpt_comp_s2w_26367_v2.png,26367,gpt_comp_s2w_26367_v1.png,gpt_comp_s2w_26367_v2.png,A < B,1,3,0,no,2025-11-02T22:52:10.039640+00:00,T000138,26367::gpt_comp_s2w_26367_v1.png>>gpt_comp_s2w_26367_v2.png::T000138,,1403,1920,953
26367::gpt_comp_s2w_26367_v1.png||gpt_comp_s2w_26367_v3.png,26367,gpt_comp_s2w_26367_v1.png,gpt_comp_s2w_26367_v3.png,A > B,-1,2,0,no,2025-11-03T06:14:11.535012+00:00,T000139,26367::gpt_comp_s2w_26367_v1.png>>gpt_comp_s2w_26367_v3.png::T000139,,3388,1920,953
26367::gpt_comp_s2w_26367_v1.png||gpt_comp_s2w_26367_v4.png,26367,gpt_comp_s2w_26367_v1.png,gpt_comp_s2w_26367_v4.png,A > B,-1,2,0,no,2025-11-02T22:52:08.095992+00:00,T000140,26367::gpt_comp_s2w_26367_v1.png>>gpt_comp_s2w_26367_v4.png::T000140,,564,1920,953
26367::gpt_comp_s2w_26367_v2.png||gpt_comp_s2w_26367_v3.png,26367,gpt_comp_s2w_26367_v2.png,gpt_comp_s2w_26367_v3.png,A << B,2,4,0,no,2025-11-02T22:52:06.914161+00:00,T000141,26367::gpt_comp_s2w_26367_v2.png>>gpt_comp_s2w_26367_v3.png::T000141,,534,1920,953
26367::gpt_comp_s2w_26367_v2.png||gpt_comp_s2w_26367_v4.png,26367,gpt_comp_s2w_26367_v2.png,gpt_comp_s2w_26367_v4.png,A < B,1,3,0,no,2025-11-02T22:52:05.656914+00:00,T000142,26367::gpt_comp_s2w_26367_v2.png>>gpt_comp_s2w_26367_v4.png::T000142,,604,1920,953
26367::gpt_comp_s2w_26367_v3.png||gpt_comp_s2w_26367_v4.png,26367,gpt_comp_s2w_26367_v3.png,gpt_comp_s2w_26367_v4.png,A > B,-1,2,0,no,2025-11-02T22:52:11.311893+00:00,T000143,26367::gpt_comp_s2w_26367_v3.png>>gpt_comp_s2w_26367_v4.png::T000143,,678,1920,953
26818::gemini_comp_s2w_26818_v1.png||gemini_comp_s2w_26818_v2.png,26818,gemini_comp_s2w_26818_v1.png,gemini_comp_s2w_26818_v2.png,A > B,-1,2,0,no,2025-11-03T06:13:54.994319+00:00,T000144,26818::gemini_comp_s2w_26818_v1.png>>gemini_comp_s2w_26818_v2.png::T000144,,5713,1920,953
26818::gemini_comp_s2w_26818_v1.png||gemini_comp_s2w_26818_v3.png,26818,gemini_comp_s2w_26818_v1.png,gemini_comp_s2w_26818_v3.png,A > B,-1,2,0,no,2025-11-03T06:14:04.881722+00:00,T000145,26818::gemini_comp_s2w_26818_v1.png>>gemini_comp_s2w_26818_v3.png::T000145,,1531,1920,953
26818::gemini_comp_s2w_26818_v1.png||gemini_comp_s2w_26818_v4.png,26818,gemini_comp_s2w_26818_v1.png,gemini_comp_s2w_26818_v4.png,A < B,1,3,0,no,2025-11-02T22:52:21.895349+00:00,T000146,26818::gemini_comp_s2w_26818_v1.png>>gemini_comp_s2w_26818_v4.png::T000146,,481,1920,953
26818::gemini_comp_s2w_26818_v2.png||gemini_comp_s2w_26818_v3.png,26818,gemini_comp_s2w_26818_v2.png,gemini_comp_s2w_26818_v3.png,A > B,-1,2,0,no,2025-11-02T22:52:20.908526+00:00,T000147,26818::gemini_comp_s2w_26818_v2.png>>gemini_comp_s2w_26818_v3.png::T000147,,1704,1920,953
26818::gemini_comp_s2w_26818_v2.png||gemini_comp_s2w_26818_v4.png,26818,gemini_comp_s2w_26818_v2.png,gemini_comp_s2w_26818_v4.png,A < B,1,3,0,no,2025-11-03T06:14:02.041978+00:00,T000148,26818::gemini_comp_s2w_26818_v2.png>>gemini_comp_s2w_26818_v4.png::T000148,,2657,1920,953
26818::gemini_comp_s2w_26818_v3.png||gemini_comp_s2w_26818_v4.png,26818,gemini_comp_s2w_26818_v3.png,gemini_comp_s2w_26818_v4.png,A < B,1,3,0,no,2025-11-02T22:52:14.578514+00:00,T000149,26818::gemini_comp_s2w_26818_v3.png>>gemini_comp_s2w_26818_v4.png::T000149,,586,1920,953
27282::gemini_comp_s2w_27282_v1.png||gemini_comp_s2w_27282_v2.png,27282,gemini_comp_s2w_27282_v1.png,gemini_comp_s2w_27282_v2.png,A > B,-1,2,0,no,2025-11-03T06:13:40.466855+00:00,T000150,27282::gemini_comp_s2w_27282_v1.png>>gemini_comp_s2w_27282_v2.png::T000150,,3567,1920,953
27282::gemini_comp_s2w_27282_v1.png||gemini_comp_s2w_27282_v3.png,27282,gemini_comp_s2w_27282_v1.png,gemini_comp_s2w_27282_v3.png,A << B,2,4,0,no,2025-11-02T22:52:22.595672+00:00,T000151,27282::gemini_comp_s2w_27282_v1.png>>gemini_comp_s2w_27282_v3.png::T000151,,267,1920,953
27282::gemini_comp_s2w_27282_v1.png||gemini_comp_s2w_27282_v4.png,27282,gemini_comp_s2w_27282_v1.png,gemini_comp_s2w_27282_v4.png,A >> B,-2,1,0,no,2025-11-02T22:52:23.471992+00:00,T000152,27282::gemini_comp_s2w_27282_v1.png>>gemini_comp_s2w_27282_v4.png::T000152,,420,1920,953
27282::gemini_comp_s2w_27282_v2.png||gemini_comp_s2w_27282_v3.png,27282,gemini_comp_s2w_27282_v2.png,gemini_comp_s2w_27282_v3.png,A > B,-1,2,0,no,2025-11-02T22:52:37.445939+00:00,T000153,27282::gemini_comp_s2w_27282_v2.png>>gemini_comp_s2w_27282_v3.png::T000153,,500,1920,953
27282::gemini_comp_s2w_27282_v2.png||gemini_comp_s2w_27282_v4.png,27282,gemini_comp_s2w_27282_v2.png,gemini_comp_s2w_27282_v4.png,A >> B,-2,"3,2,4,3,2,1,3,2,4,3,2,1,3,4,2,3,1",16,no,2025-11-02T22:52:36.439446+00:00,T000154,27282::gemini_comp_s2w_27282_v2.png>>gemini_comp_s2w_27282_v4.png::T000154,,449,1920,953
27282::gemini_comp_s2w_27282_v3.png||gemini_comp_s2w_27282_v4.png,27282,gemini_comp_s2w_27282_v3.png,gemini_comp_s2w_27282_v4.png,A > B,-1,2,0,no,2025-11-03T06:13:35.327795+00:00,T000155,27282::gemini_comp_s2w_27282_v3.png>>gemini_comp_s2w_27282_v4.png::T000155,,5658,1920,953
27502::gemini_comp_s2w_27502_v1.png||gemini_comp_s2w_27502_v2.png,27502,gemini_comp_s2w_27502_v1.png,gemini_comp_s2w_27502_v2.png,A < B,1,"2,3",1,no,2025-11-02T22:53:03.575108+00:00,T000156,27502::gemini_comp_s2w_27502_v1.png>>gemini_comp_s2w_27502_v2.png::T000156,,994,1920,953
27502::gemini_comp_s2w_27502_v1.png||gemini_comp_s2w_27502_v3.png,27502,gemini_comp_s2w_27502_v1.png,gemini_comp_s2w_27502_v3.png,A > B,-1,2,0,no,2025-11-02T22:52:46.603254+00:00,T000157,27502::gemini_comp_s2w_27502_v1.png>>gemini_comp_s2w_27502_v3.png::T000157,,3680,1920,953
27502::gemini_comp_s2w_27502_v1.png||gemini_comp_s2w_27502_v4.png,27502,gemini_comp_s2w_27502_v1.png,gemini_comp_s2w_27502_v4.png,A > B,-1,2,0,no,2025-11-02T22:53:00.091853+00:00,T000158,27502::gemini_comp_s2w_27502_v1.png>>gemini_comp_s2w_27502_v4.png::T000158,,3566,1920,953
27502::gemini_comp_s2w_27502_v2.png||gemini_comp_s2w_27502_v3.png,27502,gemini_comp_s2w_27502_v2.png,gemini_comp_s2w_27502_v3.png,A > B,-1,2,0,no,2025-11-02T22:52:49.485059+00:00,T000159,27502::gemini_comp_s2w_27502_v2.png>>gemini_comp_s2w_27502_v3.png::T000159,,1656,1920,953
27502::gemini_comp_s2w_27502_v2.png||gemini_comp_s2w_27502_v4.png,27502,gemini_comp_s2w_27502_v2.png,gemini_comp_s2w_27502_v4.png,A > B,-1,2,0,no,2025-11-02T22:52:52.386416+00:00,T000160,27502::gemini_comp_s2w_27502_v2.png>>gemini_comp_s2w_27502_v4.png::T000160,,2343,1920,953
27502::gemini_comp_s2w_27502_v3.png||gemini_comp_s2w_27502_v4.png,27502,gemini_comp_s2w_27502_v3.png,gemini_comp_s2w_27502_v4.png,A < B,1,3,0,no,2025-11-02T22:52:55.852479+00:00,T000161,27502::gemini_comp_s2w_27502_v3.png>>gemini_comp_s2w_27502_v4.png::T000161,,2549,1920,953
28040::gemini_comp_s2w_28040_v1.png||gemini_comp_s2w_28040_v2.png,28040,gemini_comp_s2w_28040_v1.png,gemini_comp_s2w_28040_v2.png,A < B,1,3,0,no,2025-11-02T22:53:11.296541+00:00,T000162,28040::gemini_comp_s2w_28040_v1.png>>gemini_comp_s2w_28040_v2.png::T000162,,3656,1920,953
28040::gemini_comp_s2w_28040_v1.png||gemini_comp_s2w_28040_v3.png,28040,gemini_comp_s2w_28040_v1.png,gemini_comp_s2w_28040_v3.png,A < B,1,3,0,no,2025-11-02T22:53:13.077427+00:00,T000163,28040::gemini_comp_s2w_28040_v1.png>>gemini_comp_s2w_28040_v3.png::T000163,,618,1920,953
28040::gemini_comp_s2w_28040_v1.png||gemini_comp_s2w_28040_v4.png,28040,gemini_comp_s2w_28040_v1.png,gemini_comp_s2w_28040_v4.png,A > B,-1,2,0,no,2025-11-02T22:53:15.955948+00:00,T000164,28040::gemini_comp_s2w_28040_v1.png>>gemini_comp_s2w_28040_v4.png::T000164,,500,1920,953
28040::gemini_comp_s2w_28040_v2.png||gemini_comp_s2w_28040_v3.png,28040,gemini_comp_s2w_28040_v2.png,gemini_comp_s2w_28040_v3.png,A < B,1,3,0,no,2025-11-02T22:53:14.504478+00:00,T000165,28040::gemini_comp_s2w_28040_v2.png>>gemini_comp_s2w_28040_v3.png::T000165,,544,1920,953
28040::gemini_comp_s2w_28040_v2.png||gemini_comp_s2w_28040_v4.png,28040,gemini_comp_s2w_28040_v2.png,gemini_comp_s2w_28040_v4.png,A < B,1,3,0,no,2025-11-02T22:53:17.668155+00:00,T000166,28040::gemini_comp_s2w_28040_v2.png>>gemini_comp_s2w_28040_v4.png::T000166,,847,1920,953
28040::gemini_comp_s2w_28040_v3.png||gemini_comp_s2w_28040_v4.png,28040,gemini_comp_s2w_28040_v3.png,gemini_comp_s2w_28040_v4.png,A > B,-1,2,0,no,2025-11-02T22:53:06.795551+00:00,T000167,28040::gemini_comp_s2w_28040_v3.png>>gemini_comp_s2w_28040_v4.png::T000167,,2240,1920,953
28349::gemini_comp_s2w_28349_v1.png||gemini_comp_s2w_28349_v2.png,28349,gemini_comp_s2w_28349_v1.png,gemini_comp_s2w_28349_v2.png,A < B,1,3,0,no,2025-11-02T22:53:42.589676+00:00,T000168,28349::gemini_comp_s2w_28349_v1.png>>gemini_comp_s2w_28349_v2.png::T000168,,1427,1920,953
28349::gemini_comp_s2w_28349_v1.png||gemini_comp_s2w_28349_v3.png,28349,gemini_comp_s2w_28349_v1.png,gemini_comp_s2w_28349_v3.png,A < B,1,"1,3",1,no,2025-11-02T22:53:37.193198+00:00,T000169,28349::gemini_comp_s2w_28349_v1.png>>gemini_comp_s2w_28349_v3.png::T000169,,17580,1920,953
28349::gemini_comp_s2w_28349_v1.png||gemini_comp_s2w_28349_v4.png,28349,gemini_comp_s2w_28349_v1.png,gemini_comp_s2w_28349_v4.png,A < B,1,3,0,no,2025-11-02T22:53:40.654310+00:00,T000170,28349::gemini_comp_s2w_28349_v1.png>>gemini_comp_s2w_28349_v4.png::T000170,,624,1920,953
28349::gemini_comp_s2w_28349_v2.png||gemini_comp_s2w_28349_v3.png,28349,gemini_comp_s2w_28349_v2.png,gemini_comp_s2w_28349_v3.png,A << B,2,"4,3,4",2,no,2025-11-02T22:53:48.576450+00:00,T000171,28349::gemini_comp_s2w_28349_v2.png>>gemini_comp_s2w_28349_v3.png::T000171,,825,1920,953
28349::gemini_comp_s2w_28349_v2.png||gemini_comp_s2w_28349_v4.png,28349,gemini_comp_s2w_28349_v2.png,gemini_comp_s2w_28349_v4.png,A < B,1,3,0,no,2025-11-02T22:53:45.286081+00:00,T000172,28349::gemini_comp_s2w_28349_v2.png>>gemini_comp_s2w_28349_v4.png::T000172,,1870,1920,953
28349::gemini_comp_s2w_28349_v3.png||gemini_comp_s2w_28349_v4.png,28349,gemini_comp_s2w_28349_v3.png,gemini_comp_s2w_28349_v4.png,A < B,1,3,0,no,2025-11-02T22:53:39.429580+00:00,T000173,28349::gemini_comp_s2w_28349_v3.png>>gemini_comp_s2w_28349_v4.png::T000173,,993,1920,953
28792::gpt_comp_s2w_28792_v1.png||gpt_comp_s2w_28792_v2.png,28792,gpt_comp_s2w_28792_v1.png,gpt_comp_s2w_28792_v2.png,A >> B,-2,1,0,no,2025-11-02T22:53:58.553773+00:00,T000174,28792::gpt_comp_s2w_28792_v1.png>>gpt_comp_s2w_28792_v2.png::T000174,,615,1920,953
28792::gpt_comp_s2w_28792_v1.png||gpt_comp_s2w_28792_v3.png,28792,gpt_comp_s2w_28792_v1.png,gpt_comp_s2w_28792_v3.png,A << B,2,4,0,no,2025-11-02T22:53:54.807464+00:00,T000175,28792::gpt_comp_s2w_28792_v1.png>>gpt_comp_s2w_28792_v3.png::T000175,,2965,1920,953
28792::gpt_comp_s2w_28792_v1.png||gpt_comp_s2w_28792_v4.png,28792,gpt_comp_s2w_28792_v1.png,gpt_comp_s2w_28792_v4.png,A < B,1,3,0,no,2025-11-02T22:54:00.493514+00:00,T000176,28792::gpt_comp_s2w_28792_v1.png>>gpt_comp_s2w_28792_v4.png::T000176,,446,1920,953
28792::gpt_comp_s2w_28792_v2.png||gpt_comp_s2w_28792_v3.png,28792,gpt_comp_s2w_28792_v2.png,gpt_comp_s2w_28792_v3.png,A < B,1,3,0,no,2025-11-02T22:53:56.975140+00:00,T000177,28792::gpt_comp_s2w_28792_v2.png>>gpt_comp_s2w_28792_v3.png::T000177,,913,1920,953
28792::gpt_comp_s2w_28792_v2.png||gpt_comp_s2w_28792_v4.png,28792,gpt_comp_s2w_28792_v2.png,gpt_comp_s2w_28792_v4.png,A > B,-1,2,0,no,2025-11-02T22:53:50.902369+00:00,T000178,28792::gpt_comp_s2w_28792_v2.png>>gpt_comp_s2w_28792_v4.png::T000178,,1662,1920,953
28792::gpt_comp_s2w_28792_v3.png||gpt_comp_s2w_28792_v4.png,28792,gpt_comp_s2w_28792_v3.png,gpt_comp_s2w_28792_v4.png,A > B,-1,2,0,no,2025-11-02T22:53:59.532561+00:00,T000179,28792::gpt_comp_s2w_28792_v3.png>>gpt_comp_s2w_28792_v4.png::T000179,,440,1920,953
28902::gpt_comp_s2w_28902_v1.png||gpt_comp_s2w_28902_v2.png,28902,gpt_comp_s2w_28902_v1.png,gpt_comp_s2w_28902_v2.png,A << B,2,4,0,no,2025-11-02T22:54:01.520442+00:00,T000180,28902::gpt_comp_s2w_28902_v1.png>>gpt_comp_s2w_28902_v2.png::T000180,,566,1920,953
28902::gpt_comp_s2w_28902_v1.png||gpt_comp_s2w_28902_v3.png,28902,gpt_comp_s2w_28902_v1.png,gpt_comp_s2w_28902_v3.png,A > B,-1,2,0,no,2025-11-02T22:54:03.690861+00:00,T000181,28902::gpt_comp_s2w_28902_v1.png>>gpt_comp_s2w_28902_v3.png::T000181,,423,1920,953
28902::gpt_comp_s2w_28902_v1.png||gpt_comp_s2w_28902_v4.png,28902,gpt_comp_s2w_28902_v1.png,gpt_comp_s2w_28902_v4.png,A < B,1,3,0,no,2025-11-02T22:54:02.679015+00:00,T000182,28902::gpt_comp_s2w_28902_v1.png>>gpt_comp_s2w_28902_v4.png::T000182,,535,1920,953
28902::gpt_comp_s2w_28902_v2.png||gpt_comp_s2w_28902_v3.png,28902,gpt_comp_s2w_28902_v2.png,gpt_comp_s2w_28902_v3.png,A < B,1,3,0,no,2025-11-02T22:54:06.330434+00:00,T000183,28902::gpt_comp_s2w_28902_v2.png>>gpt_comp_s2w_28902_v3.png::T000183,,335,1920,953
28902::gpt_comp_s2w_28902_v2.png||gpt_comp_s2w_28902_v4.png,28902,gpt_comp_s2w_28902_v2.png,gpt_comp_s2w_28902_v4.png,A >> B,-2,1,0,no,2025-11-02T22:54:04.638227+00:00,T000184,28902::gpt_comp_s2w_28902_v2.png>>gpt_comp_s2w_28902_v4.png::T000184,,486,1920,953
28902::gpt_comp_s2w_28902_v3.png||gpt_comp_s2w_28902_v4.png,28902,gpt_comp_s2w_28902_v3.png,gpt_comp_s2w_28902_v4.png,A > B,-1,2,0,no,2025-11-02T22:54:05.502067+00:00,T000185,28902::gpt_comp_s2w_28902_v3.png>>gpt_comp_s2w_28902_v4.png::T000185,,391,1920,953
29179::gemini_comp_s2w_29179_v1.png||gemini_comp_s2w_29179_v2.png,29179,gemini_comp_s2w_29179_v1.png,gemini_comp_s2w_29179_v2.png,A < B,1,3,0,no,2025-11-02T22:54:12.142939+00:00,T000186,29179::gemini_comp_s2w_29179_v1.png>>gemini_comp_s2w_29179_v2.png::T000186,,583,1920,953
29179::gemini_comp_s2w_29179_v1.png||gemini_comp_s2w_29179_v3.png,29179,gemini_comp_s2w_29179_v1.png,gemini_comp_s2w_29179_v3.png,A >> B,-2,1,0,no,2025-11-02T22:54:13.935915+00:00,T000187,29179::gemini_comp_s2w_29179_v1.png>>gemini_comp_s2w_29179_v3.png::T000187,,877,1920,953
29179::gemini_comp_s2w_29179_v1.png||gemini_comp_s2w_29179_v4.png,29179,gemini_comp_s2w_29179_v1.png,gemini_comp_s2w_29179_v4.png,A > B,-1,2,0,no,2025-11-02T22:54:15.520644+00:00,T000188,29179::gemini_comp_s2w_29179_v1.png>>gemini_comp_s2w_29179_v4.png::T000188,,636,1920,953
29179::gemini_comp_s2w_29179_v2.png||gemini_comp_s2w_29179_v3.png,29179,gemini_comp_s2w_29179_v2.png,gemini_comp_s2w_29179_v3.png,A << B,2,4,0,no,2025-11-02T22:54:07.213463+00:00,T000189,29179::gemini_comp_s2w_29179_v2.png>>gemini_comp_s2w_29179_v3.png::T000189,,383,1920,953
29179::gemini_comp_s2w_29179_v2.png||gemini_comp_s2w_29179_v4.png,29179,gemini_comp_s2w_29179_v2.png,gemini_comp_s2w_29179_v4.png,A > B,-1,2,0,no,2025-11-02T22:54:10.527336+00:00,T000190,29179::gemini_comp_s2w_29179_v2.png>>gemini_comp_s2w_29179_v4.png::T000190,,538,1920,953
29179::gemini_comp_s2w_29179_v3.png||gemini_comp_s2w_29179_v4.png,29179,gemini_comp_s2w_29179_v3.png,gemini_comp_s2w_29179_v4.png,A < B,1,3,0,no,2025-11-02T22:54:08.792652+00:00,T000191,29179::gemini_comp_s2w_29179_v3.png>>gemini_comp_s2w_29179_v4.png::T000191,,508,1920,953
2962::gpt_comp_s2w_2962_v1.png||gpt_comp_s2w_2962_v2.png,2962,gpt_comp_s2w_2962_v1.png,gpt_comp_s2w_2962_v2.png,A < B,1,3,0,no,2025-11-02T22:54:19.063015+00:00,T000192,2962::gpt_comp_s2w_2962_v1.png>>gpt_comp_s2w_2962_v2.png::T000192,,1123,1920,953
2962::gpt_comp_s2w_2962_v1.png||gpt_comp_s2w_2962_v3.png,2962,gpt_comp_s2w_2962_v1.png,gpt_comp_s2w_2962_v3.png,A >> B,-2,1,0,no,2025-11-02T22:54:24.661119+00:00,T000193,2962::gpt_comp_s2w_2962_v1.png>>gpt_comp_s2w_2962_v3.png::T000193,,1068,1920,953
2962::gpt_comp_s2w_2962_v1.png||gpt_comp_s2w_2962_v4.png,2962,gpt_comp_s2w_2962_v1.png,gpt_comp_s2w_2962_v4.png,A << B,2,4,0,no,2025-11-02T22:54:17.013386+00:00,T000194,2962::gpt_comp_s2w_2962_v1.png>>gpt_comp_s2w_2962_v4.png::T000194,,545,1920,953
2962::gpt_comp_s2w_2962_v2.png||gpt_comp_s2w_2962_v3.png,2962,gpt_comp_s2w_2962_v2.png,gpt_comp_s2w_2962_v3.png,A > B,-1,2,0,no,2025-11-02T22:54:20.906511+00:00,T000195,2962::gpt_comp_s2w_2962_v2.png>>gpt_comp_s2w_2962_v3.png::T000195,,712,1920,953
2962::gpt_comp_s2w_2962_v2.png||gpt_comp_s2w_2962_v4.png,2962,gpt_comp_s2w_2962_v2.png,gpt_comp_s2w_2962_v4.png,A < B,1,3,0,no,2025-11-02T22:54:22.494897+00:00,T000196,2962::gpt_comp_s2w_2962_v2.png>>gpt_comp_s2w_2962_v4.png::T000196,,637,1920,953
2962::gpt_comp_s2w_2962_v3.png||gpt_comp_s2w_2962_v4.png,2962,gpt_comp_s2w_2962_v3.png,gpt_comp_s2w_2962_v4.png,A > B,-1,2,0,no,2025-11-02T22:54:26.361542+00:00,T000197,2962::gpt_comp_s2w_2962_v3.png>>gpt_comp_s2w_2962_v4.png::T000197,,532,1920,953
30987::gemini_comp_s2w_30987_v1.png||gemini_comp_s2w_30987_v2.png,30987,gemini_comp_s2w_30987_v1.png,gemini_comp_s2w_30987_v2.png,A << B,2,4,0,no,2025-11-02T22:54:33.803347+00:00,T000198,30987::gemini_comp_s2w_30987_v1.png>>gemini_comp_s2w_30987_v2.png::T000198,,1159,1920,953
30987::gemini_comp_s2w_30987_v1.png||gemini_comp_s2w_30987_v3.png,30987,gemini_comp_s2w_30987_v1.png,gemini_comp_s2w_30987_v3.png,A < B,1,3,0,no,2025-11-02T22:54:31.721249+00:00,T000199,30987::gemini_comp_s2w_30987_v1.png>>gemini_comp_s2w_30987_v3.png::T000199,,771,1920,953
30987::gemini_comp_s2w_30987_v1.png||gemini_comp_s2w_30987_v4.png,30987,gemini_comp_s2w_30987_v1.png,gemini_comp_s2w_30987_v4.png,A < B,1,3,0,no,2025-11-02T22:54:28.225265+00:00,T000200,30987::gemini_comp_s2w_30987_v1.png>>gemini_comp_s2w_30987_v4.png::T000200,,826,1920,953
30987::gemini_comp_s2w_30987_v2.png||gemini_comp_s2w_30987_v3.png,30987,gemini_comp_s2w_30987_v2.png,gemini_comp_s2w_30987_v3.png,A > B,-1,2,0,no,2025-11-02T22:54:30.013010+00:00,T000201,30987::gemini_comp_s2w_30987_v2.png>>gemini_comp_s2w_30987_v3.png::T000201,,912,1920,953
30987::gemini_comp_s2w_30987_v2.png||gemini_comp_s2w_30987_v4.png,30987,gemini_comp_s2w_30987_v2.png,gemini_comp_s2w_30987_v4.png,A < B,1,3,0,no,2025-11-02T22:54:36.169054+00:00,T000202,30987::gemini_comp_s2w_30987_v2.png>>gemini_comp_s2w_30987_v4.png::T000202,,583,1920,953
30987::gemini_comp_s2w_30987_v3.png||gemini_comp_s2w_30987_v4.png,30987,gemini_comp_s2w_30987_v3.png,gemini_comp_s2w_30987_v4.png,A > B,-1,2,0,no,2025-11-02T22:54:37.602961+00:00,T000203,30987::gemini_comp_s2w_30987_v3.png>>gemini_comp_s2w_30987_v4.png::T000203,,526,1920,953
31780::gemini_comp_s2w_31780_v1.png||gemini_comp_s2w_31780_v2.png,31780,gemini_comp_s2w_31780_v1.png,gemini_comp_s2w_31780_v2.png,A >> B,-2,1,0,no,2025-11-02T22:54:39.318404+00:00,T000204,31780::gemini_comp_s2w_31780_v1.png>>gemini_comp_s2w_31780_v2.png::T000204,,504,1920,953
31780::gemini_comp_s2w_31780_v1.png||gemini_comp_s2w_31780_v3.png,31780,gemini_comp_s2w_31780_v1.png,gemini_comp_s2w_31780_v3.png,A > B,-1,2,0,no,2025-11-02T22:54:44.478044+00:00,T000205,31780::gemini_comp_s2w_31780_v1.png>>gemini_comp_s2w_31780_v3.png::T000205,,1480,1920,953
31780::gemini_comp_s2w_31780_v1.png||gemini_comp_s2w_31780_v4.png,31780,gemini_comp_s2w_31780_v1.png,gemini_comp_s2w_31780_v4.png,A << B,2,4,0,no,2025-11-02T22:54:49.262935+00:00,T000206,31780::gemini_comp_s2w_31780_v1.png>>gemini_comp_s2w_31780_v4.png::T000206,,785,1920,953
31780::gemini_comp_s2w_31780_v2.png||gemini_comp_s2w_31780_v3.png,31780,gemini_comp_s2w_31780_v2.png,gemini_comp_s2w_31780_v3.png,A > B,-1,2,0,no,2025-11-02T22:54:42.258381+00:00,T000207,31780::gemini_comp_s2w_31780_v2.png>>gemini_comp_s2w_31780_v3.png::T000207,,1852,1920,953
31780::gemini_comp_s2w_31780_v2.png||gemini_comp_s2w_31780_v4.png,31780,gemini_comp_s2w_31780_v2.png,gemini_comp_s2w_31780_v4.png,A > B,-1,2,0,no,2025-11-02T22:54:46.274060+00:00,T000208,31780::gemini_comp_s2w_31780_v2.png>>gemini_comp_s2w_31780_v4.png::T000208,,1114,1920,953
31780::gemini_comp_s2w_31780_v3.png||gemini_comp_s2w_31780_v4.png,31780,gemini_comp_s2w_31780_v3.png,gemini_comp_s2w_31780_v4.png,A < B,1,3,0,no,2025-11-02T22:54:47.555562+00:00,T000209,31780::gemini_comp_s2w_31780_v3.png>>gemini_comp_s2w_31780_v4.png::T000209,,634,1920,953
32234::gemini_comp_s2w_32234_v1.png||gemini_comp_s2w_32234_v2.png,32234,gemini_comp_s2w_32234_v1.png,gemini_comp_s2w_32234_v2.png,A > B,-1,2,0,no,2025-11-02T22:54:57.142574+00:00,T000210,32234::gemini_comp_s2w_32234_v1.png>>gemini_comp_s2w_32234_v2.png::T000210,,1164,1920,953
32234::gemini_comp_s2w_32234_v1.png||gemini_comp_s2w_32234_v3.png,32234,gemini_comp_s2w_32234_v1.png,gemini_comp_s2w_32234_v3.png,A < B,1,3,0,no,2025-11-02T22:54:53.489690+00:00,T000211,32234::gemini_comp_s2w_32234_v1.png>>gemini_comp_s2w_32234_v3.png::T000211,,495,1920,953
32234::gemini_comp_s2w_32234_v1.png||gemini_comp_s2w_32234_v4.png,32234,gemini_comp_s2w_32234_v1.png,gemini_comp_s2w_32234_v4.png,A > B,-1,2,0,no,2025-11-02T22:54:55.196876+00:00,T000212,32234::gemini_comp_s2w_32234_v1.png>>gemini_comp_s2w_32234_v4.png::T000212,,553,1920,953
32234::gemini_comp_s2w_32234_v2.png||gemini_comp_s2w_32234_v3.png,32234,gemini_comp_s2w_32234_v2.png,gemini_comp_s2w_32234_v3.png,A > B,-1,2,0,no,2025-11-02T22:54:52.081752+00:00,T000213,32234::gemini_comp_s2w_32234_v2.png>>gemini_comp_s2w_32234_v3.png::T000213,,584,1920,953
32234::gemini_comp_s2w_32234_v2.png||gemini_comp_s2w_32234_v4.png,32234,gemini_comp_s2w_32234_v2.png,gemini_comp_s2w_32234_v4.png,A < B,1,3,0,no,2025-11-02T22:54:50.479398+00:00,T000214,32234::gemini_comp_s2w_32234_v2.png>>gemini_comp_s2w_32234_v4.png::T000214,,495,1920,953
32234::gemini_comp_s2w_32234_v3.png||gemini_comp_s2w_32234_v4.png,32234,gemini_comp_s2w_32234_v3.png,gemini_comp_s2w_32234_v4.png,A > B,-1,2,0,no,2025-11-02T22:54:58.750402+00:00,T000215,32234::gemini_comp_s2w_32234_v3.png>>gemini_comp_s2w_32234_v4.png::T000215,,973,1920,953
32828::gpt_comp_s2w_32828_v1.png||gpt_comp_s2w_32828_v2.png,32828,gpt_comp_s2w_32828_v1.png,gpt_comp_s2w_32828_v2.png,A < B,1,3,0,no,2025-11-02T22:55:04.403426+00:00,T000216,32828::gpt_comp_s2w_32828_v1.png>>gpt_comp_s2w_32828_v2.png::T000216,,1413,1920,953
32828::gpt_comp_s2w_32828_v1.png||gpt_comp_s2w_32828_v3.png,32828,gpt_comp_s2w_32828_v1.png,gpt_comp_s2w_32828_v3.png,A > B,-1,2,0,no,2025-11-02T22:55:06.263976+00:00,T000217,32828::gpt_comp_s2w_32828_v1.png>>gpt_comp_s2w_32828_v3.png::T000217,,1137,1920,953
32828::gpt_comp_s2w_32828_v1.png||gpt_comp_s2w_32828_v4.png,32828,gpt_comp_s2w_32828_v1.png,gpt_comp_s2w_32828_v4.png,A >> B,-2,1,0,no,2025-11-02T22:55:09.666716+00:00,T000218,32828::gpt_comp_s2w_32828_v1.png>>gpt_comp_s2w_32828_v4.png::T000218,,772,1920,953
32828::gpt_comp_s2w_32828_v2.png||gpt_comp_s2w_32828_v3.png,32828,gpt_comp_s2w_32828_v2.png,gpt_comp_s2w_32828_v3.png,A > B,-1,2,0,no,2025-11-02T22:55:01.239116+00:00,T000219,32828::gpt_comp_s2w_32828_v2.png>>gpt_comp_s2w_32828_v3.png::T000219,,1796,1920,953
32828::gpt_comp_s2w_32828_v2.png||gpt_comp_s2w_32828_v4.png,32828,gpt_comp_s2w_32828_v2.png,gpt_comp_s2w_32828_v4.png,A > B,-1,"3,2",1,no,2025-11-02T22:55:12.522684+00:00,T000220,32828::gpt_comp_s2w_32828_v2.png>>gpt_comp_s2w_32828_v4.png::T000220,,999,1920,953
32828::gpt_comp_s2w_32828_v3.png||gpt_comp_s2w_32828_v4.png,32828,gpt_comp_s2w_32828_v3.png,gpt_comp_s2w_32828_v4.png,A > B,-1,2,0,no,2025-11-02T22:55:08.403748+00:00,T000221,32828::gpt_comp_s2w_32828_v3.png>>gpt_comp_s2w_32828_v4.png::T000221,,1682,1920,953
33330::gpt_comp_s2w_33330_v1.png||gpt_comp_s2w_33330_v2.png,33330,gpt_comp_s2w_33330_v1.png,gpt_comp_s2w_33330_v2.png,A < B,1,3,0,no,2025-11-02T22:55:13.917491+00:00,T000222,33330::gpt_comp_s2w_33330_v1.png>>gpt_comp_s2w_33330_v2.png::T000222,,666,1920,953
33330::gpt_comp_s2w_33330_v1.png||gpt_comp_s2w_33330_v3.png,33330,gpt_comp_s2w_33330_v1.png,gpt_comp_s2w_33330_v3.png,A >> B,-2,1,0,no,2025-11-02T22:55:21.818073+00:00,T000223,33330::gpt_comp_s2w_33330_v1.png>>gpt_comp_s2w_33330_v3.png::T000223,,419,1920,953
33330::gpt_comp_s2w_33330_v1.png||gpt_comp_s2w_33330_v4.png,33330,gpt_comp_s2w_33330_v1.png,gpt_comp_s2w_33330_v4.png,A < B,1,3,0,no,2025-11-02T22:55:19.621615+00:00,T000224,33330::gpt_comp_s2w_33330_v1.png>>gpt_comp_s2w_33330_v4.png::T000224,,1701,1920,953
33330::gpt_comp_s2w_33330_v2.png||gpt_comp_s2w_33330_v3.png,33330,gpt_comp_s2w_33330_v2.png,gpt_comp_s2w_33330_v3.png,A > B,-1,2,0,no,2025-11-02T22:55:20.738838+00:00,T000225,33330::gpt_comp_s2w_33330_v2.png>>gpt_comp_s2w_33330_v3.png::T000225,,603,1920,953
33330::gpt_comp_s2w_33330_v2.png||gpt_comp_s2w_33330_v4.png,33330,gpt_comp_s2w_33330_v2.png,gpt_comp_s2w_33330_v4.png,A << B,2,4,0,no,2025-11-02T22:55:17.203254+00:00,T000226,33330::gpt_comp_s2w_33330_v2.png>>gpt_comp_s2w_33330_v4.png::T000226,,1525,1920,953
33330::gpt_comp_s2w_33330_v3.png||gpt_comp_s2w_33330_v4.png,33330,gpt_comp_s2w_33330_v3.png,gpt_comp_s2w_33330_v4.png,A > B,-1,2,0,no,2025-11-02T22:55:15.000857+00:00,T000227,33330::gpt_comp_s2w_33330_v3.png>>gpt_comp_s2w_33330_v4.png::T000227,,567,1920,953
33934::gpt_comp_s2w_33934_v1.png||gpt_comp_s2w_33934_v2.png,33934,gpt_comp_s2w_33934_v1.png,gpt_comp_s2w_33934_v2.png,A > B,-1,2,0,no,2025-11-02T22:55:22.882504+00:00,T000228,33934::gpt_comp_s2w_33934_v1.png>>gpt_comp_s2w_33934_v2.png::T000228,,578,1920,953
33934::gpt_comp_s2w_33934_v1.png||gpt_comp_s2w_33934_v3.png,33934,gpt_comp_s2w_33934_v1.png,gpt_comp_s2w_33934_v3.png,A > B,-1,2,0,no,2025-11-02T22:55:34.285274+00:00,T000229,33934::gpt_comp_s2w_33934_v1.png>>gpt_comp_s2w_33934_v3.png::T000229,,1194,1920,953
33934::gpt_comp_s2w_33934_v1.png||gpt_comp_s2w_33934_v4.png,33934,gpt_comp_s2w_33934_v1.png,gpt_comp_s2w_33934_v4.png,A > B,-1,2,0,no,2025-11-02T22:55:28.827374+00:00,T000230,33934::gpt_comp_s2w_33934_v1.png>>gpt_comp_s2w_33934_v4.png::T000230,,1484,1920,953
33934::gpt_comp_s2w_33934_v2.png||gpt_comp_s2w_33934_v3.png,33934,gpt_comp_s2w_33934_v2.png,gpt_comp_s2w_33934_v3.png,A >> B,-2,"2,1",1,no,2025-11-02T22:55:36.873840+00:00,T000231,33934::gpt_comp_s2w_33934_v2.png>>gpt_comp_s2w_33934_v3.png::T000231,,499,1920,953
33934::gpt_comp_s2w_33934_v2.png||gpt_comp_s2w_33934_v4.png,33934,gpt_comp_s2w_33934_v2.png,gpt_comp_s2w_33934_v4.png,A > B,-1,2,0,no,2025-11-02T22:55:32.511947+00:00,T000232,33934::gpt_comp_s2w_33934_v2.png>>gpt_comp_s2w_33934_v4.png::T000232,,1238,1920,953
33934::gpt_comp_s2w_33934_v3.png||gpt_comp_s2w_33934_v4.png,33934,gpt_comp_s2w_33934_v3.png,gpt_comp_s2w_33934_v4.png,A < B,1,3,0,no,2025-11-02T22:55:26.115148+00:00,T000233,33934::gpt_comp_s2w_33934_v3.png>>gpt_comp_s2w_33934_v4.png::T000233,,1911,1920,953
3498::gemini_comp_s2w_3498_v1.png||gemini_comp_s2w_3498_v2.png,3498,gemini_comp_s2w_3498_v1.png,gemini_comp_s2w_3498_v2.png,A > B,-1,2,0,no,2025-11-02T22:55:48.175063+00:00,T000234,3498::gemini_comp_s2w_3498_v1.png>>gemini_comp_s2w_3498_v2.png::T000234,,1363,1920,953
3498::gemini_comp_s2w_3498_v1.png||gemini_comp_s2w_3498_v3.png,3498,gemini_comp_s2w_3498_v1.png,gemini_comp_s2w_3498_v3.png,A < B,1,3,0,no,2025-11-03T06:12:04.636755+00:00,T000235,3498::gemini_comp_s2w_3498_v1.png>>gemini_comp_s2w_3498_v3.png::T000235,,2881,1920,953
3498::gemini_comp_s2w_3498_v1.png||gemini_comp_s2w_3498_v4.png,3498,gemini_comp_s2w_3498_v1.png,gemini_comp_s2w_3498_v4.png,A > B,-1,2,0,no,2025-11-02T22:55:50.546898+00:00,T000236,3498::gemini_comp_s2w_3498_v1.png>>gemini_comp_s2w_3498_v4.png::T000236,,1027,1920,953
3498::gemini_comp_s2w_3498_v2.png||gemini_comp_s2w_3498_v3.png,3498,gemini_comp_s2w_3498_v2.png,gemini_comp_s2w_3498_v3.png,A < B,1,3,0,no,2025-11-02T22:55:40.363855+00:00,T000237,3498::gemini_comp_s2w_3498_v2.png>>gemini_comp_s2w_3498_v3.png::T000237,,2694,1920,953
3498::gemini_comp_s2w_3498_v2.png||gemini_comp_s2w_3498_v4.png,3498,gemini_comp_s2w_3498_v2.png,gemini_comp_s2w_3498_v4.png,A < B,1,3,0,no,2025-11-02T22:55:52.261572+00:00,T000238,3498::gemini_comp_s2w_3498_v2.png>>gemini_comp_s2w_3498_v4.png::T000238,,893,1920,953
3498::gemini_comp_s2w_3498_v3.png||gemini_comp_s2w_3498_v4.png,3498,gemini_comp_s2w_3498_v3.png,gemini_comp_s2w_3498_v4.png,A > B,-1,2,0,no,2025-11-02T22:55:45.816303+00:00,T000239,3498::gemini_comp_s2w_3498_v3.png>>gemini_comp_s2w_3498_v4.png::T000239,,2027,1920,953
35896::gemini_comp_s2w_35896_v1.png||gemini_comp_s2w_35896_v2.png,35896,gemini_comp_s2w_35896_v1.png,gemini_comp_s2w_35896_v2.png,A >> B,-2,1,0,no,2025-11-02T22:55:58.088261+00:00,T000240,35896::gemini_comp_s2w_35896_v1.png>>gemini_comp_s2w_35896_v2.png::T000240,,929,1920,953
35896::gemini_comp_s2w_35896_v1.png||gemini_comp_s2w_35896_v3.png,35896,gemini_comp_s2w_35896_v1.png,gemini_comp_s2w_35896_v3.png,A >> B,-2,1,0,no,2025-11-02T22:55:56.268358+00:00,T000241,35896::gemini_comp_s2w_35896_v1.png>>gemini_comp_s2w_35896_v3.png::T000241,,796,1920,953
35896::gemini_comp_s2w_35896_v1.png||gemini_comp_s2w_35896_v4.png,35896,gemini_comp_s2w_35896_v1.png,gemini_comp_s2w_35896_v4.png,A < B,1,3,0,no,2025-11-02T22:55:59.629514+00:00,T000242,35896::gemini_comp_s2w_35896_v1.png>>gemini_comp_s2w_35896_v4.png::T000242,,827,1920,953
35896::gemini_comp_s2w_35896_v2.png||gemini_comp_s2w_35896_v3.png,35896,gemini_comp_s2w_35896_v2.png,gemini_comp_s2w_35896_v3.png,A < B,1,3,0,no,2025-11-02T22:55:54.462001+00:00,T000243,35896::gemini_comp_s2w_35896_v2.png>>gemini_comp_s2w_35896_v3.png::T000243,,1505,1920,953
35896::gemini_comp_s2w_35896_v2.png||gemini_comp_s2w_35896_v4.png,35896,gemini_comp_s2w_35896_v2.png,gemini_comp_s2w_35896_v4.png,A < B,1,3,0,no,2025-11-03T06:11:45.630548+00:00,T000244,35896::gemini_comp_s2w_35896_v2.png>>gemini_comp_s2w_35896_v4.png::T000244,,5249,1920,953
35896::gemini_comp_s2w_35896_v3.png||gemini_comp_s2w_35896_v4.png,35896,gemini_comp_s2w_35896_v3.png,gemini_comp_s2w_35896_v4.png,A << B,2,4,0,no,2025-11-02T22:56:01.838896+00:00,T000245,35896::gemini_comp_s2w_35896_v3.png>>gemini_comp_s2w_35896_v4.png::T000245,,1135,1920,953
37185::gemini_comp_s2w_37185_v1.png||gemini_comp_s2w_37185_v2.png,37185,gemini_comp_s2w_37185_v1.png,gemini_comp_s2w_37185_v2.png,A > B,-1,2,0,no,2025-11-02T22:56:06.034972+00:00,T000246,37185::gemini_comp_s2w_37185_v1.png>>gemini_comp_s2w_37185_v2.png::T000246,,1700,1920,953
37185::gemini_comp_s2w_37185_v1.png||gemini_comp_s2w_37185_v3.png,37185,gemini_comp_s2w_37185_v1.png,gemini_comp_s2w_37185_v3.png,A << B,2,4,0,no,2025-11-02T22:56:11.695432+00:00,T000247,37185::gemini_comp_s2w_37185_v1.png>>gemini_comp_s2w_37185_v3.png::T000247,,493,1920,953
37185::gemini_comp_s2w_37185_v1.png||gemini_comp_s2w_37185_v4.png,37185,gemini_comp_s2w_37185_v1.png,gemini_comp_s2w_37185_v4.png,A < B,1,3,0,no,2025-11-02T22:56:10.172087+00:00,T000248,37185::gemini_comp_s2w_37185_v1.png>>gemini_comp_s2w_37185_v4.png::T000248,,1108,1920,953
37185::gemini_comp_s2w_37185_v2.png||gemini_comp_s2w_37185_v3.png,37185,gemini_comp_s2w_37185_v2.png,gemini_comp_s2w_37185_v3.png,A > B,-1,2,0,no,2025-11-02T22:56:13.379946+00:00,T000249,37185::gemini_comp_s2w_37185_v2.png>>gemini_comp_s2w_37185_v3.png::T000249,,688,1920,953
37185::gemini_comp_s2w_37185_v2.png||gemini_comp_s2w_37185_v4.png,37185,gemini_comp_s2w_37185_v2.png,gemini_comp_s2w_37185_v4.png,A < B,1,3,0,no,2025-11-02T22:56:14.997024+00:00,T000250,37185::gemini_comp_s2w_37185_v2.png>>gemini_comp_s2w_37185_v4.png::T000250,,658,1920,953
37185::gemini_comp_s2w_37185_v3.png||gemini_comp_s2w_37185_v4.png,37185,gemini_comp_s2w_37185_v3.png,gemini_comp_s2w_37185_v4.png,A > B,-1,2,0,no,2025-11-02T22:56:16.423319+00:00,T000251,37185::gemini_comp_s2w_37185_v3.png>>gemini_comp_s2w_37185_v4.png::T000251,,478,1920,953
38140::gpt_comp_s2w_38140_v1.png||gpt_comp_s2w_38140_v2.png,38140,gpt_comp_s2w_38140_v1.png,gpt_comp_s2w_38140_v2.png,A > B,-1,2,0,no,2025-11-02T22:56:22.244944+00:00,T000252,38140::gpt_comp_s2w_38140_v1.png>>gpt_comp_s2w_38140_v2.png::T000252,,1213,1920,953
38140::gpt_comp_s2w_38140_v1.png||gpt_comp_s2w_38140_v3.png,38140,gpt_comp_s2w_38140_v1.png,gpt_comp_s2w_38140_v3.png,A >> B,-2,1,0,no,2025-11-02T22:56:18.085627+00:00,T000253,38140::gpt_comp_s2w_38140_v1.png>>gpt_comp_s2w_38140_v3.png::T000253,,794,1920,953
38140::gpt_comp_s2w_38140_v1.png||gpt_comp_s2w_38140_v4.png,38140,gpt_comp_s2w_38140_v1.png,gpt_comp_s2w_38140_v4.png,A < B,1,3,0,no,2025-11-02T22:56:44.261420+00:00,T000254,38140::gpt_comp_s2w_38140_v1.png>>gpt_comp_s2w_38140_v4.png::T000254,,1072,1920,953
38140::gpt_comp_s2w_38140_v2.png||gpt_comp_s2w_38140_v3.png,38140,gpt_comp_s2w_38140_v2.png,gpt_comp_s2w_38140_v3.png,A << B,2,4,0,no,2025-11-02T22:56:20.058854+00:00,T000255,38140::gpt_comp_s2w_38140_v2.png>>gpt_comp_s2w_38140_v3.png::T000255,,1033,1920,953
38140::gpt_comp_s2w_38140_v2.png||gpt_comp_s2w_38140_v4.png,38140,gpt_comp_s2w_38140_v2.png,gpt_comp_s2w_38140_v4.png,A < B,1,3,0,no,2025-11-03T06:11:27.731042+00:00,T000256,38140::gpt_comp_s2w_38140_v2.png>>gpt_comp_s2w_38140_v4.png::T000256,,7359,1920,953
38140::gpt_comp_s2w_38140_v3.png||gpt_comp_s2w_38140_v4.png,38140,gpt_comp_s2w_38140_v3.png,gpt_comp_s2w_38140_v4.png,A < B,1,3,0,no,2025-11-02T22:56:42.277746+00:00,T000257,38140::gpt_comp_s2w_38140_v3.png>>gpt_comp_s2w_38140_v4.png::T000257,,19017,1920,953
39241::gemini_comp_s2w_39241_v1.png||gemini_comp_s2w_39241_v2.png,39241,gemini_comp_s2w_39241_v1.png,gemini_comp_s2w_39241_v2.png,A > B,-1,"3,2",1,no,2025-11-02T22:56:53.332933+00:00,T000258,39241::gemini_comp_s2w_39241_v1.png>>gemini_comp_s2w_39241_v2.png::T000258,,1427,1920,953
39241::gemini_comp_s2w_39241_v1.png||gemini_comp_s2w_39241_v3.png,39241,gemini_comp_s2w_39241_v1.png,gemini_comp_s2w_39241_v3.png,A > B,-1,2,0,no,2025-11-02T22:56:56.534077+00:00,T000259,39241::gemini_comp_s2w_39241_v1.png>>gemini_comp_s2w_39241_v3.png::T000259,,1707,1920,953
39241::gemini_comp_s2w_39241_v1.png||gemini_comp_s2w_39241_v4.png,39241,gemini_comp_s2w_39241_v1.png,gemini_comp_s2w_39241_v4.png,A < B,1,3,0,no,2025-11-02T22:57:04.904793+00:00,T000260,39241::gemini_comp_s2w_39241_v1.png>>gemini_comp_s2w_39241_v4.png::T000260,,1007,1920,953
39241::gemini_comp_s2w_39241_v2.png||gemini_comp_s2w_39241_v3.png,39241,gemini_comp_s2w_39241_v2.png,gemini_comp_s2w_39241_v3.png,A < B,1,3,0,no,2025-11-02T22:57:02.974749+00:00,T000261,39241::gemini_comp_s2w_39241_v2.png>>gemini_comp_s2w_39241_v3.png::T000261,,689,1920,953
39241::gemini_comp_s2w_39241_v2.png||gemini_comp_s2w_39241_v4.png,39241,gemini_comp_s2w_39241_v2.png,gemini_comp_s2w_39241_v4.png,A < B,1,3,0,no,2025-11-02T22:56:58.703232+00:00,T000262,39241::gemini_comp_s2w_39241_v2.png>>gemini_comp_s2w_39241_v4.png::T000262,,1233,1920,953
39241::gemini_comp_s2w_39241_v3.png||gemini_comp_s2w_39241_v4.png,39241,gemini_comp_s2w_39241_v3.png,gemini_comp_s2w_39241_v4.png,A < B,1,3,0,no,2025-11-02T22:57:01.308794+00:00,T000263,39241::gemini_comp_s2w_39241_v3.png>>gemini_comp_s2w_39241_v4.png::T000263,,1791,1920,953
39995::gemini_comp_s2w_39995_v1.png||gemini_comp_s2w_39995_v2.png,39995,gemini_comp_s2w_39995_v1.png,gemini_comp_s2w_39995_v2.png,A < B,1,3,0,no,2025-11-02T22:57:33.552443+00:00,T000264,39995::gemini_comp_s2w_39995_v1.png>>gemini_comp_s2w_39995_v2.png::T000264,,794,1920,953
39995::gemini_comp_s2w_39995_v1.png||gemini_comp_s2w_39995_v3.png,39995,gemini_comp_s2w_39995_v1.png,gemini_comp_s2w_39995_v3.png,A > B,-1,2,0,no,2025-11-02T22:57:25.121871+00:00,T000265,39995::gemini_comp_s2w_39995_v1.png>>gemini_comp_s2w_39995_v3.png::T000265,,1836,1920,953
39995::gemini_comp_s2w_39995_v1.png||gemini_comp_s2w_39995_v4.png,39995,gemini_comp_s2w_39995_v1.png,gemini_comp_s2w_39995_v4.png,A < B,1,3,0,no,2025-11-02T22:57:35.110714+00:00,T000266,39995::gemini_comp_s2w_39995_v1.png>>gemini_comp_s2w_39995_v4.png::T000266,,765,1920,953
39995::gemini_comp_s2w_39995_v2.png||gemini_comp_s2w_39995_v3.png,39995,gemini_comp_s2w_39995_v2.png,gemini_comp_s2w_39995_v3.png,A > B,-1,2,0,no,2025-11-02T22:57:21.383837+00:00,T000267,39995::gemini_comp_s2w_39995_v2.png>>gemini_comp_s2w_39995_v3.png::T000267,,15412,1920,953
39995::gemini_comp_s2w_39995_v2.png||gemini_comp_s2w_39995_v4.png,39995,gemini_comp_s2w_39995_v2.png,gemini_comp_s2w_39995_v4.png,A < B,1,3,0,no,2025-11-02T22:57:31.731177+00:00,T000268,39995::gemini_comp_s2w_39995_v2.png>>gemini_comp_s2w_39995_v4.png::T000268,,903,1920,953
39995::gemini_comp_s2w_39995_v3.png||gemini_comp_s2w_39995_v4.png,39995,gemini_comp_s2w_39995_v3.png,gemini_comp_s2w_39995_v4.png,A < B,1,"3,3",0,no,2025-11-02T22:57:29.237932+00:00,T000269,39995::gemini_comp_s2w_39995_v3.png>>gemini_comp_s2w_39995_v4.png::T000269,,921,1920,953
4034::gpt_comp_s2w_4034_v1.png||gpt_comp_s2w_4034_v2.png,4034,gpt_comp_s2w_4034_v1.png,gpt_comp_s2w_4034_v2.png,A > B,-1,2,0,no,2025-11-02T22:58:18.174082+00:00,T000270,4034::gpt_comp_s2w_4034_v1.png>>gpt_comp_s2w_4034_v2.png::T000270,,1132,1920,953
4034::gpt_comp_s2w_4034_v1.png||gpt_comp_s2w_4034_v3.png,4034,gpt_comp_s2w_4034_v1.png,gpt_comp_s2w_4034_v3.png,A > B,-1,2,0,no,2025-11-02T22:58:10.987425+00:00,T000271,4034::gpt_comp_s2w_4034_v1.png>>gpt_comp_s2w_4034_v3.png::T000271,,26037,1920,953
4034::gpt_comp_s2w_4034_v1.png||gpt_comp_s2w_4034_v4.png,4034,gpt_comp_s2w_4034_v1.png,gpt_comp_s2w_4034_v4.png,A > B,-1,"3,2",1,no,2025-11-02T22:57:43.939264+00:00,T000272,4034::gpt_comp_s2w_4034_v1.png>>gpt_comp_s2w_4034_v4.png::T000272,,713,1920,953
4034::gpt_comp_s2w_4034_v2.png||gpt_comp_s2w_4034_v3.png,4034,gpt_comp_s2w_4034_v2.png,gpt_comp_s2w_4034_v3.png,A > B,-1,2,0,no,2025-11-02T22:58:16.256057+00:00,T000273,4034::gpt_comp_s2w_4034_v2.png>>gpt_comp_s2w_4034_v3.png::T000273,,785,1920,953
4034::gpt_comp_s2w_4034_v2.png||gpt_comp_s2w_4034_v4.png,4034,gpt_comp_s2w_4034_v2.png,gpt_comp_s2w_4034_v4.png,A < B,1,3,0,no,2025-11-02T22:57:40.161409+00:00,T000274,4034::gpt_comp_s2w_4034_v2.png>>gpt_comp_s2w_4034_v4.png::T000274,,4351,1920,953
4034::gpt_comp_s2w_4034_v3.png||gpt_comp_s2w_4034_v4.png,4034,gpt_comp_s2w_4034_v3.png,gpt_comp_s2w_4034_v4.png,A > B,-1,2,0,no,2025-11-02T22:58:19.653094+00:00,T000275,4034::gpt_comp_s2w_4034_v3.png>>gpt_comp_s2w_4034_v4.png::T000275,,598,1920,953
40467::gpt_comp_s2w_40467_v1.png||gpt_comp_s2w_40467_v2.png,40467,gpt_comp_s2w_40467_v1.png,gpt_comp_s2w_40467_v2.png,A < B,1,3,0,no,2025-11-02T22:58:28.411138+00:00,T000276,40467::gpt_comp_s2w_40467_v1.png>>gpt_comp_s2w_40467_v2.png::T000276,,1045,1920,953
40467::gpt_comp_s2w_40467_v1.png||gpt_comp_s2w_40467_v3.png,40467,gpt_comp_s2w_40467_v1.png,gpt_comp_s2w_40467_v3.png,A < B,1,"2,3",1,no,2025-11-02T22:58:26.297101+00:00,T000277,40467::gpt_comp_s2w_40467_v1.png>>gpt_comp_s2w_40467_v3.png::T000277,,2592,1920,953
40467::gpt_comp_s2w_40467_v1.png||gpt_comp_s2w_40467_v4.png,40467,gpt_comp_s2w_40467_v1.png,gpt_comp_s2w_40467_v4.png,A > B,-1,2,0,no,2025-11-02T22:58:21.810816+00:00,T000278,40467::gpt_comp_s2w_40467_v1.png>>gpt_comp_s2w_40467_v4.png::T000278,,1200,1920,953
40467::gpt_comp_s2w_40467_v2.png||gpt_comp_s2w_40467_v3.png,40467,gpt_comp_s2w_40467_v2.png,gpt_comp_s2w_40467_v3.png,A > B,-1,2,0,no,2025-11-02T22:58:31.814560+00:00,T000279,40467::gpt_comp_s2w_40467_v2.png>>gpt_comp_s2w_40467_v3.png::T000279,,2419,1920,953
40467::gpt_comp_s2w_40467_v2.png||gpt_comp_s2w_40467_v4.png,40467,gpt_comp_s2w_40467_v2.png,gpt_comp_s2w_40467_v4.png,A > B,-1,2,0,no,2025-11-02T22:58:35.675852+00:00,T000280,40467::gpt_comp_s2w_40467_v2.png>>gpt_comp_s2w_40467_v4.png::T000280,,740,1920,953
40467::gpt_comp_s2w_40467_v3.png||gpt_comp_s2w_40467_v4.png,40467,gpt_comp_s2w_40467_v3.png,gpt_comp_s2w_40467_v4.png,A > B,-1,2,0,no,2025-11-02T22:58:34.287241+00:00,T000281,40467::gpt_comp_s2w_40467_v3.png>>gpt_comp_s2w_40467_v4.png::T000281,,1775,1920,953
41454::gemini_comp_s2w_41454_v1.png||gemini_comp_s2w_41454_v2.png,41454,gemini_comp_s2w_41454_v1.png,gemini_comp_s2w_41454_v2.png,A < B,1,3,0,no,2025-11-02T22:58:43.715894+00:00,T000282,41454::gemini_comp_s2w_41454_v1.png>>gemini_comp_s2w_41454_v2.png::T000282,,3307,1920,953
41454::gemini_comp_s2w_41454_v1.png||gemini_comp_s2w_41454_v3.png,41454,gemini_comp_s2w_41454_v1.png,gemini_comp_s2w_41454_v3.png,A < B,1,3,0,no,2025-11-02T22:58:45.777919+00:00,T000283,41454::gemini_comp_s2w_41454_v1.png>>gemini_comp_s2w_41454_v3.png::T000283,,638,1920,953
41454::gemini_comp_s2w_41454_v1.png||gemini_comp_s2w_41454_v4.png,41454,gemini_comp_s2w_41454_v1.png,gemini_comp_s2w_41454_v4.png,A < B,1,3,0,no,2025-11-02T22:58:39.096911+00:00,T000284,41454::gemini_comp_s2w_41454_v1.png>>gemini_comp_s2w_41454_v4.png::T000284,,2645,1920,953
41454::gemini_comp_s2w_41454_v2.png||gemini_comp_s2w_41454_v3.png,41454,gemini_comp_s2w_41454_v2.png,gemini_comp_s2w_41454_v3.png,A < B,1,3,0,no,2025-11-02T22:59:01.306871+00:00,T000285,41454::gemini_comp_s2w_41454_v2.png>>gemini_comp_s2w_41454_v3.png::T000285,,1016,1920,953
41454::gemini_comp_s2w_41454_v2.png||gemini_comp_s2w_41454_v4.png,41454,gemini_comp_s2w_41454_v2.png,gemini_comp_s2w_41454_v4.png,A < B,1,3,0,no,2025-11-02T22:58:59.229067+00:00,T000286,41454::gemini_comp_s2w_41454_v2.png>>gemini_comp_s2w_41454_v4.png::T000286,,916,1920,953
41454::gemini_comp_s2w_41454_v3.png||gemini_comp_s2w_41454_v4.png,41454,gemini_comp_s2w_41454_v3.png,gemini_comp_s2w_41454_v4.png,A > B,-1,"3,2",1,no,2025-11-02T22:59:05.310505+00:00,T000287,41454::gemini_comp_s2w_41454_v3.png>>gemini_comp_s2w_41454_v4.png::T000287,,667,1920,953
41874::gpt_comp_s2w_41874_v1.png||gpt_comp_s2w_41874_v2.png,41874,gpt_comp_s2w_41874_v1.png,gpt_comp_s2w_41874_v2.png,A > B,-1,2,0,no,2025-11-02T22:59:11.261909+00:00,T000288,41874::gpt_comp_s2w_41874_v1.png>>gpt_comp_s2w_41874_v2.png::T000288,,830,1920,953
41874::gpt_comp_s2w_41874_v1.png||gpt_comp_s2w_41874_v3.png,41874,gpt_comp_s2w_41874_v1.png,gpt_comp_s2w_41874_v3.png,A < B,1,3,0,no,2025-11-02T22:59:12.797140+00:00,T000289,41874::gpt_comp_s2w_41874_v1.png>>gpt_comp_s2w_41874_v3.png::T000289,,560,1920,953
41874::gpt_comp_s2w_41874_v1.png||gpt_comp_s2w_41874_v4.png,41874,gpt_comp_s2w_41874_v1.png,gpt_comp_s2w_41874_v4.png,A < B,1,3,0,no,2025-11-02T22:59:07.459800+00:00,T000290,41874::gpt_comp_s2w_41874_v1.png>>gpt_comp_s2w_41874_v4.png::T000290,,1409,1920,953
41874::gpt_comp_s2w_41874_v2.png||gpt_comp_s2w_41874_v3.png,41874,gpt_comp_s2w_41874_v2.png,gpt_comp_s2w_41874_v3.png,A < B,1,3,0,no,2025-11-02T22:59:09.588117+00:00,T000291,41874::gpt_comp_s2w_41874_v2.png>>gpt_comp_s2w_41874_v3.png::T000291,,433,1920,953
41874::gpt_comp_s2w_41874_v2.png||gpt_comp_s2w_41874_v4.png,41874,gpt_comp_s2w_41874_v2.png,gpt_comp_s2w_41874_v4.png,A > B,-1,2,0,no,2025-11-02T22:59:14.557748+00:00,T000292,41874::gpt_comp_s2w_41874_v2.png>>gpt_comp_s2w_41874_v4.png::T000292,,625,1920,953
41874::gpt_comp_s2w_41874_v3.png||gpt_comp_s2w_41874_v4.png,41874,gpt_comp_s2w_41874_v3.png,gpt_comp_s2w_41874_v4.png,A > B,-1,2,0,no,2025-11-02T22:59:08.619928+00:00,T000293,41874::gpt_comp_s2w_41874_v3.png>>gpt_comp_s2w_41874_v4.png::T000293,,461,1920,953
42605::gpt_comp_s2w_42605_v1.png||gpt_comp_s2w_42605_v2.png,42605,gpt_comp_s2w_42605_v1.png,gpt_comp_s2w_42605_v2.png,A < B,1,3,0,no,2025-11-02T22:59:29.041797+00:00,T000294,42605::gpt_comp_s2w_42605_v1.png>>gpt_comp_s2w_42605_v2.png::T000294,,1441,1920,953
42605::gpt_comp_s2w_42605_v1.png||gpt_comp_s2w_42605_v3.png,42605,gpt_comp_s2w_42605_v1.png,gpt_comp_s2w_42605_v3.png,A < B,1,3,0,no,2025-11-02T22:59:19.984425+00:00,T000295,42605::gpt_comp_s2w_42605_v1.png>>gpt_comp_s2w_42605_v3.png::T000295,,1410,1920,953
42605::gpt_comp_s2w_42605_v1.png||gpt_comp_s2w_42605_v4.png,42605,gpt_comp_s2w_42605_v1.png,gpt_comp_s2w_42605_v4.png,A < B,1,3,0,no,2025-11-02T22:59:24.230883+00:00,T000296,42605::gpt_comp_s2w_42605_v1.png>>gpt_comp_s2w_42605_v4.png::T000296,,789,1920,953
42605::gpt_comp_s2w_42605_v2.png||gpt_comp_s2w_42605_v3.png,42605,gpt_comp_s2w_42605_v2.png,gpt_comp_s2w_42605_v3.png,A < B,1,3,0,no,2025-11-02T22:59:26.503756+00:00,T000297,42605::gpt_comp_s2w_42605_v2.png>>gpt_comp_s2w_42605_v3.png::T000297,,1252,1920,953
42605::gpt_comp_s2w_42605_v2.png||gpt_comp_s2w_42605_v4.png,42605,gpt_comp_s2w_42605_v2.png,gpt_comp_s2w_42605_v4.png,A << B,2,4,0,no,2025-11-02T22:59:16.672416+00:00,T000298,42605::gpt_comp_s2w_42605_v2.png>>gpt_comp_s2w_42605_v4.png::T000298,,1164,1920,953
42605::gpt_comp_s2w_42605_v3.png||gpt_comp_s2w_42605_v4.png,42605,gpt_comp_s2w_42605_v3.png,gpt_comp_s2w_42605_v4.png,A < B,1,3,0,no,2025-11-02T22:59:21.782392+00:00,T000299,42605::gpt_comp_s2w_42605_v3.png>>gpt_comp_s2w_42605_v4.png::T000299,,784,1920,953
43005::gpt_comp_s2w_43005_v1.png||gpt_comp_s2w_43005_v2.png,43005,gpt_comp_s2w_43005_v1.png,gpt_comp_s2w_43005_v2.png,A > B,-1,2,0,no,2025-11-02T22:59:39.054495+00:00,T000300,43005::gpt_comp_s2w_43005_v1.png>>gpt_comp_s2w_43005_v2.png::T000300,,1348,1920,953
43005::gpt_comp_s2w_43005_v1.png||gpt_comp_s2w_43005_v3.png,43005,gpt_comp_s2w_43005_v1.png,gpt_comp_s2w_43005_v3.png,A > B,-1,2,0,no,2025-11-02T22:59:36.473099+00:00,T000301,43005::gpt_comp_s2w_43005_v1.png>>gpt_comp_s2w_43005_v3.png::T000301,,2373,1920,953
43005::gpt_comp_s2w_43005_v1.png||gpt_comp_s2w_43005_v4.png,43005,gpt_comp_s2w_43005_v1.png,gpt_comp_s2w_43005_v4.png,A < B,1,3,0,no,2025-11-02T22:59:46.775456+00:00,T000302,43005::gpt_comp_s2w_43005_v1.png>>gpt_comp_s2w_43005_v4.png::T000302,,1008,1920,953
43005::gpt_comp_s2w_43005_v2.png||gpt_comp_s2w_43005_v3.png,43005,gpt_comp_s2w_43005_v2.png,gpt_comp_s2w_43005_v3.png,A < B,1,3,0,no,2025-11-02T22:59:44.761580+00:00,T000303,43005::gpt_comp_s2w_43005_v2.png>>gpt_comp_s2w_43005_v3.png::T000303,,1032,1920,953
43005::gpt_comp_s2w_43005_v2.png||gpt_comp_s2w_43005_v4.png,43005,gpt_comp_s2w_43005_v2.png,gpt_comp_s2w_43005_v4.png,A < B,1,3,0,no,2025-11-02T22:59:42.526784+00:00,T000304,43005::gpt_comp_s2w_43005_v2.png>>gpt_comp_s2w_43005_v4.png::T000304,,2212,1920,953
43005::gpt_comp_s2w_43005_v3.png||gpt_comp_s2w_43005_v4.png,43005,gpt_comp_s2w_43005_v3.png,gpt_comp_s2w_43005_v4.png,A > B,-1,2,0,no,2025-11-02T22:59:33.126551+00:00,T000305,43005::gpt_comp_s2w_43005_v3.png>>gpt_comp_s2w_43005_v4.png::T000305,,2947,1920,953
43195::gpt_comp_s2w_43195_v1.png||gpt_comp_s2w_43195_v2.png,43195,gpt_comp_s2w_43195_v1.png,gpt_comp_s2w_43195_v2.png,A < B,1,3,0,no,2025-11-02T23:00:03.249124+00:00,T000306,43195::gpt_comp_s2w_43195_v1.png>>gpt_comp_s2w_43195_v2.png::T000306,,1233,1920,953
43195::gpt_comp_s2w_43195_v1.png||gpt_comp_s2w_43195_v3.png,43195,gpt_comp_s2w_43195_v1.png,gpt_comp_s2w_43195_v3.png,A < B,1,3,0,no,2025-11-02T22:59:49.411327+00:00,T000307,43195::gpt_comp_s2w_43195_v1.png>>gpt_comp_s2w_43195_v3.png::T000307,,1483,1920,953
43195::gpt_comp_s2w_43195_v1.png||gpt_comp_s2w_43195_v4.png,43195,gpt_comp_s2w_43195_v1.png,gpt_comp_s2w_43195_v4.png,A < B,1,3,0,no,2025-11-02T22:59:55.311861+00:00,T000308,43195::gpt_comp_s2w_43195_v1.png>>gpt_comp_s2w_43195_v4.png::T000308,,2161,1920,953
43195::gpt_comp_s2w_43195_v2.png||gpt_comp_s2w_43195_v3.png,43195,gpt_comp_s2w_43195_v2.png,gpt_comp_s2w_43195_v3.png,A > B,-1,2,0,no,2025-11-02T22:59:58.615960+00:00,T000309,43195::gpt_comp_s2w_43195_v2.png>>gpt_comp_s2w_43195_v3.png::T000309,,1936,1920,953
43195::gpt_comp_s2w_43195_v2.png||gpt_comp_s2w_43195_v4.png,43195,gpt_comp_s2w_43195_v2.png,gpt_comp_s2w_43195_v4.png,A > B,-1,2,0,no,2025-11-02T23:00:01.118008+00:00,T000310,43195::gpt_comp_s2w_43195_v2.png>>gpt_comp_s2w_43195_v4.png::T000310,,1748,1920,953
43195::gpt_comp_s2w_43195_v3.png||gpt_comp_s2w_43195_v4.png,43195,gpt_comp_s2w_43195_v3.png,gpt_comp_s2w_43195_v4.png,A < B,1,3,0,no,2025-11-02T22:59:51.931562+00:00,T000311,43195::gpt_comp_s2w_43195_v3.png>>gpt_comp_s2w_43195_v4.png::T000311,,803,1920,953
43768::gemini_comp_s2w_43768_v1.png||gemini_comp_s2w_43768_v2.png,43768,gemini_comp_s2w_43768_v1.png,gemini_comp_s2w_43768_v2.png,A < B,1,3,0,no,2025-11-02T23:00:09.983848+00:00,T000312,43768::gemini_comp_s2w_43768_v1.png>>gemini_comp_s2w_43768_v2.png::T000312,,1428,1920,953
43768::gemini_comp_s2w_43768_v1.png||gemini_comp_s2w_43768_v3.png,43768,gemini_comp_s2w_43768_v1.png,gemini_comp_s2w_43768_v3.png,A > B,-1,2,0,no,2025-11-02T23:00:13.612772+00:00,T000313,43768::gemini_comp_s2w_43768_v1.png>>gemini_comp_s2w_43768_v3.png::T000313,,2096,1920,953
43768::gemini_comp_s2w_43768_v1.png||gemini_comp_s2w_43768_v4.png,43768,gemini_comp_s2w_43768_v1.png,gemini_comp_s2w_43768_v4.png,A > B,-1,2,0,no,2025-11-02T23:00:18.834409+00:00,T000314,43768::gemini_comp_s2w_43768_v1.png>>gemini_comp_s2w_43768_v4.png::T000314,,1747,1920,953
43768::gemini_comp_s2w_43768_v2.png||gemini_comp_s2w_43768_v3.png,43768,gemini_comp_s2w_43768_v2.png,gemini_comp_s2w_43768_v3.png,A > B,-1,2,0,no,2025-11-02T23:00:15.980044+00:00,T000315,43768::gemini_comp_s2w_43768_v2.png>>gemini_comp_s2w_43768_v3.png::T000315,,1437,1920,953
43768::gemini_comp_s2w_43768_v2.png||gemini_comp_s2w_43768_v4.png,43768,gemini_comp_s2w_43768_v2.png,gemini_comp_s2w_43768_v4.png,A > B,-1,2,0,no,2025-11-02T23:00:21.060457+00:00,T000316,43768::gemini_comp_s2w_43768_v2.png>>gemini_comp_s2w_43768_v4.png::T000316,,1261,1920,953
43768::gemini_comp_s2w_43768_v3.png||gemini_comp_s2w_43768_v4.png,43768,gemini_comp_s2w_43768_v3.png,gemini_comp_s2w_43768_v4.png,A < B,1,"2,3",1,no,2025-11-02T23:00:07.521983+00:00,T000317,43768::gemini_comp_s2w_43768_v3.png>>gemini_comp_s2w_43768_v4.png::T000317,,1195,1920,953
44186::gemini_comp_s2w_44186_v1.png||gemini_comp_s2w_44186_v2.png,44186,gemini_comp_s2w_44186_v1.png,gemini_comp_s2w_44186_v2.png,A < B,1,3,0,no,2025-11-02T23:00:29.997758+00:00,T000318,44186::gemini_comp_s2w_44186_v1.png>>gemini_comp_s2w_44186_v2.png::T000318,,5261,1920,953
44186::gemini_comp_s2w_44186_v1.png||gemini_comp_s2w_44186_v3.png,44186,gemini_comp_s2w_44186_v1.png,gemini_comp_s2w_44186_v3.png,A > B,-1,2,0,no,2025-11-02T23:00:23.622092+00:00,T000319,44186::gemini_comp_s2w_44186_v1.png>>gemini_comp_s2w_44186_v3.png::T000319,,1602,1920,953
44186::gemini_comp_s2w_44186_v1.png||gemini_comp_s2w_44186_v4.png,44186,gemini_comp_s2w_44186_v1.png,gemini_comp_s2w_44186_v4.png,A > B,-1,2,0,no,2025-11-02T23:00:32.204894+00:00,T000320,44186::gemini_comp_s2w_44186_v1.png>>gemini_comp_s2w_44186_v4.png::T000320,,1255,1920,953
44186::gemini_comp_s2w_44186_v2.png||gemini_comp_s2w_44186_v3.png,44186,gemini_comp_s2w_44186_v2.png,gemini_comp_s2w_44186_v3.png,A > B,-1,"3,2",1,no,2025-11-02T23:00:35.248108+00:00,T000321,44186::gemini_comp_s2w_44186_v2.png>>gemini_comp_s2w_44186_v3.png::T000321,,547,1920,953
44186::gemini_comp_s2w_44186_v2.png||gemini_comp_s2w_44186_v4.png,44186,gemini_comp_s2w_44186_v2.png,gemini_comp_s2w_44186_v4.png,A > B,-1,2,0,no,2025-11-02T23:00:40.170800+00:00,T000322,44186::gemini_comp_s2w_44186_v2.png>>gemini_comp_s2w_44186_v4.png::T000322,,1260,1920,953
44186::gemini_comp_s2w_44186_v3.png||gemini_comp_s2w_44186_v4.png,44186,gemini_comp_s2w_44186_v3.png,gemini_comp_s2w_44186_v4.png,A < B,1,3,0,no,2025-11-02T23:00:38.004946+00:00,T000323,44186::gemini_comp_s2w_44186_v3.png>>gemini_comp_s2w_44186_v4.png::T000323,,1618,1920,953
45556::gpt_comp_s2w_45556_v1.png||gpt_comp_s2w_45556_v2.png,45556,gpt_comp_s2w_45556_v1.png,gpt_comp_s2w_45556_v2.png,A << B,2,4,0,no,2025-11-02T23:00:52.261489+00:00,T000324,45556::gpt_comp_s2w_45556_v1.png>>gpt_comp_s2w_45556_v2.png::T000324,,480,1920,953
45556::gpt_comp_s2w_45556_v1.png||gpt_comp_s2w_45556_v3.png,45556,gpt_comp_s2w_45556_v1.png,gpt_comp_s2w_45556_v3.png,A >> B,-2,1,0,no,2025-11-02T23:01:04.013769+00:00,T000325,45556::gpt_comp_s2w_45556_v1.png>>gpt_comp_s2w_45556_v3.png::T000325,,11063,1920,953
45556::gpt_comp_s2w_45556_v1.png||gpt_comp_s2w_45556_v4.png,45556,gpt_comp_s2w_45556_v1.png,gpt_comp_s2w_45556_v4.png,A << B,2,4,0,no,2025-11-02T23:01:05.986299+00:00,T000326,45556::gpt_comp_s2w_45556_v1.png>>gpt_comp_s2w_45556_v4.png::T000326,,1356,1920,953
45556::gpt_comp_s2w_45556_v2.png||gpt_comp_s2w_45556_v3.png,45556,gpt_comp_s2w_45556_v2.png,gpt_comp_s2w_45556_v3.png,A < B,1,3,0,no,2025-11-02T23:00:43.054841+00:00,T000327,45556::gpt_comp_s2w_45556_v2.png>>gpt_comp_s2w_45556_v3.png::T000327,,1858,1920,953
45556::gpt_comp_s2w_45556_v2.png||gpt_comp_s2w_45556_v4.png,45556,gpt_comp_s2w_45556_v2.png,gpt_comp_s2w_45556_v4.png,A < B,1,3,0,no,2025-11-02T23:00:49.625870+00:00,T000328,45556::gpt_comp_s2w_45556_v2.png>>gpt_comp_s2w_45556_v4.png::T000328,,5483,1920,953
45556::gpt_comp_s2w_45556_v3.png||gpt_comp_s2w_45556_v4.png,45556,gpt_comp_s2w_45556_v3.png,gpt_comp_s2w_45556_v4.png,A > B,-1,2,0,no,2025-11-02T23:00:50.841146+00:00,T000329,45556::gpt_comp_s2w_45556_v3.png>>gpt_comp_s2w_45556_v4.png::T000329,,535,1920,953
46783::gpt_comp_s2w_46783_v1.png||gpt_comp_s2w_46783_v2.png,46783,gpt_comp_s2w_46783_v1.png,gpt_comp_s2w_46783_v2.png,A >> B,-2,1,0,no,2025-11-02T23:01:17.860576+00:00,T000330,46783::gpt_comp_s2w_46783_v1.png>>gpt_comp_s2w_46783_v2.png::T000330,,2012,1920,953
46783::gpt_comp_s2w_46783_v1.png||gpt_comp_s2w_46783_v3.png,46783,gpt_comp_s2w_46783_v1.png,gpt_comp_s2w_46783_v3.png,A > B,-1,2,0,no,2025-11-02T23:01:12.677824+00:00,T000331,46783::gpt_comp_s2w_46783_v1.png>>gpt_comp_s2w_46783_v3.png::T000331,,1624,1920,953
46783::gpt_comp_s2w_46783_v1.png||gpt_comp_s2w_46783_v4.png,46783,gpt_comp_s2w_46783_v1.png,gpt_comp_s2w_46783_v4.png,A < B,1,3,0,no,2025-11-02T23:01:07.141568+00:00,T000332,46783::gpt_comp_s2w_46783_v1.png>>gpt_comp_s2w_46783_v4.png::T000332,,582,1920,953
46783::gpt_comp_s2w_46783_v2.png||gpt_comp_s2w_46783_v3.png,46783,gpt_comp_s2w_46783_v2.png,gpt_comp_s2w_46783_v3.png,A > B,-1,2,0,no,2025-11-02T23:01:14.852997+00:00,T000333,46783::gpt_comp_s2w_46783_v2.png>>gpt_comp_s2w_46783_v3.png::T000333,,1418,1920,953
46783::gpt_comp_s2w_46783_v2.png||gpt_comp_s2w_46783_v4.png,46783,gpt_comp_s2w_46783_v2.png,gpt_comp_s2w_46783_v4.png,A < B,1,3,0,no,2025-11-02T23:01:10.092314+00:00,T000334,46783::gpt_comp_s2w_46783_v2.png>>gpt_comp_s2w_46783_v4.png::T000334,,1610,1920,953
46783::gpt_comp_s2w_46783_v3.png||gpt_comp_s2w_46783_v4.png,46783,gpt_comp_s2w_46783_v3.png,gpt_comp_s2w_46783_v4.png,A << B,2,4,0,no,2025-11-02T23:01:20.041304+00:00,T000335,46783::gpt_comp_s2w_46783_v3.png>>gpt_comp_s2w_46783_v4.png::T000335,,986,1920,953
47573::gpt_comp_s2w_47573_v1.png||gpt_comp_s2w_47573_v2.png,47573,gpt_comp_s2w_47573_v1.png,gpt_comp_s2w_47573_v2.png,A < B,1,3,0,no,2025-11-02T23:01:35.268091+00:00,T000336,47573::gpt_comp_s2w_47573_v1.png>>gpt_comp_s2w_47573_v2.png::T000336,,688,1920,953
47573::gpt_comp_s2w_47573_v1.png||gpt_comp_s2w_47573_v3.png,47573,gpt_comp_s2w_47573_v1.png,gpt_comp_s2w_47573_v3.png,A > B,-1,2,0,no,2025-11-02T23:01:33.649789+00:00,T000337,47573::gpt_comp_s2w_47573_v1.png>>gpt_comp_s2w_47573_v3.png::T000337,,2336,1920,953
47573::gpt_comp_s2w_47573_v1.png||gpt_comp_s2w_47573_v4.png,47573,gpt_comp_s2w_47573_v1.png,gpt_comp_s2w_47573_v4.png,A > B,-1,2,0,no,2025-11-02T23:01:30.373963+00:00,T000338,47573::gpt_comp_s2w_47573_v1.png>>gpt_comp_s2w_47573_v4.png::T000338,,1141,1920,953
47573::gpt_comp_s2w_47573_v2.png||gpt_comp_s2w_47573_v3.png,47573,gpt_comp_s2w_47573_v2.png,gpt_comp_s2w_47573_v3.png,A < B,1,3,0,no,2025-11-02T23:01:37.104859+00:00,T000339,47573::gpt_comp_s2w_47573_v2.png>>gpt_comp_s2w_47573_v3.png::T000339,,1086,1920,953
47573::gpt_comp_s2w_47573_v2.png||gpt_comp_s2w_47573_v4.png,47573,gpt_comp_s2w_47573_v2.png,gpt_comp_s2w_47573_v4.png,A > B,-1,2,0,no,2025-11-02T23:01:28.214784+00:00,T000340,47573::gpt_comp_s2w_47573_v2.png>>gpt_comp_s2w_47573_v4.png::T000340,,1578,1920,953
47573::gpt_comp_s2w_47573_v3.png||gpt_comp_s2w_47573_v4.png,47573,gpt_comp_s2w_47573_v3.png,gpt_comp_s2w_47573_v4.png,A > B,-1,"3,2",1,no,2025-11-02T23:01:25.868816+00:00,T000341,47573::gpt_comp_s2w_47573_v3.png>>gpt_comp_s2w_47573_v4.png::T000341,,3517,1920,953
49070::gpt_comp_s2w_49070_v1.png||gpt_comp_s2w_49070_v2.png,49070,gpt_comp_s2w_49070_v1.png,gpt_comp_s2w_49070_v2.png,A > B,-1,2,0,no,2025-11-02T23:01:43.352738+00:00,T000342,49070::gpt_comp_s2w_49070_v1.png>>gpt_comp_s2w_49070_v2.png::T000342,,1656,1920,953
49070::gpt_comp_s2w_49070_v1.png||gpt_comp_s2w_49070_v3.png,49070,gpt_comp_s2w_49070_v1.png,gpt_comp_s2w_49070_v3.png,A > B,-1,2,0,no,2025-11-02T23:01:46.755400+00:00,T000343,49070::gpt_comp_s2w_49070_v1.png>>gpt_comp_s2w_49070_v3.png::T000343,,2543,1920,953
49070::gpt_comp_s2w_49070_v1.png||gpt_comp_s2w_49070_v4.png,49070,gpt_comp_s2w_49070_v1.png,gpt_comp_s2w_49070_v4.png,A >> B,-2,"2,1",1,no,2025-11-02T23:01:54.397261+00:00,T000344,49070::gpt_comp_s2w_49070_v1.png>>gpt_comp_s2w_49070_v4.png::T000344,,769,1920,953
49070::gpt_comp_s2w_49070_v2.png||gpt_comp_s2w_49070_v3.png,49070,gpt_comp_s2w_49070_v2.png,gpt_comp_s2w_49070_v3.png,A > B,-1,2,0,no,2025-11-02T23:01:49.949241+00:00,T000345,49070::gpt_comp_s2w_49070_v2.png>>gpt_comp_s2w_49070_v3.png::T000345,,2265,1920,953
49070::gpt_comp_s2w_49070_v2.png||gpt_comp_s2w_49070_v4.png,49070,gpt_comp_s2w_49070_v2.png,gpt_comp_s2w_49070_v4.png,A > B,-1,2,0,no,2025-11-02T23:01:40.621236+00:00,T000346,49070::gpt_comp_s2w_49070_v2.png>>gpt_comp_s2w_49070_v4.png::T000346,,2691,1920,953
49070::gpt_comp_s2w_49070_v3.png||gpt_comp_s2w_49070_v4.png,49070,gpt_comp_s2w_49070_v3.png,gpt_comp_s2w_49070_v4.png,A > B,-1,2,0,no,2025-11-02T23:01:56.914203+00:00,T000347,49070::gpt_comp_s2w_49070_v3.png>>gpt_comp_s2w_49070_v4.png::T000347,,1557,1920,953
49428::gemini_comp_s2w_49428_v1.png||gemini_comp_s2w_49428_v2.png,49428,gemini_comp_s2w_49428_v1.png,gemini_comp_s2w_49428_v2.png,A < B,1,3,0,no,2025-11-02T23:02:11.229100+00:00,T000348,49428::gemini_comp_s2w_49428_v1.png>>gemini_comp_s2w_49428_v2.png::T000348,,703,1920,953
49428::gemini_comp_s2w_49428_v1.png||gemini_comp_s2w_49428_v3.png,49428,gemini_comp_s2w_49428_v1.png,gemini_comp_s2w_49428_v3.png,A > B,-1,2,0,no,2025-11-02T23:02:03.167188+00:00,T000349,49428::gemini_comp_s2w_49428_v1.png>>gemini_comp_s2w_49428_v3.png::T000349,,821,1920,953
49428::gemini_comp_s2w_49428_v1.png||gemini_comp_s2w_49428_v4.png,49428,gemini_comp_s2w_49428_v1.png,gemini_comp_s2w_49428_v4.png,A < B,1,3,0,no,2025-11-02T23:02:13.176270+00:00,T000350,49428::gemini_comp_s2w_49428_v1.png>>gemini_comp_s2w_49428_v4.png::T000350,,852,1920,953
49428::gemini_comp_s2w_49428_v2.png||gemini_comp_s2w_49428_v3.png,49428,gemini_comp_s2w_49428_v2.png,gemini_comp_s2w_49428_v3.png,A < B,1,3,0,no,2025-11-02T23:02:15.286302+00:00,T000351,49428::gemini_comp_s2w_49428_v2.png>>gemini_comp_s2w_49428_v3.png::T000351,,1262,1920,953
49428::gemini_comp_s2w_49428_v2.png||gemini_comp_s2w_49428_v4.png,49428,gemini_comp_s2w_49428_v2.png,gemini_comp_s2w_49428_v4.png,A < B,1,3,0,no,2025-11-02T23:01:59.236929+00:00,T000352,49428::gemini_comp_s2w_49428_v2.png>>gemini_comp_s2w_49428_v4.png::T000352,,587,1920,953
49428::gemini_comp_s2w_49428_v3.png||gemini_comp_s2w_49428_v4.png,49428,gemini_comp_s2w_49428_v3.png,gemini_comp_s2w_49428_v4.png,A > B,-1,2,0,no,2025-11-02T23:02:16.818473+00:00,T000353,49428::gemini_comp_s2w_49428_v3.png>>gemini_comp_s2w_49428_v4.png::T000353,,749,1920,953
50565::gpt_comp_s2w_50565_v1.png||gpt_comp_s2w_50565_v2.png,50565,gpt_comp_s2w_50565_v1.png,gpt_comp_s2w_50565_v2.png,A < B,1,3,0,no,2025-11-02T23:02:32.228537+00:00,T000354,50565::gpt_comp_s2w_50565_v1.png>>gpt_comp_s2w_50565_v2.png::T000354,,1714,1920,953
50565::gpt_comp_s2w_50565_v1.png||gpt_comp_s2w_50565_v3.png,50565,gpt_comp_s2w_50565_v1.png,gpt_comp_s2w_50565_v3.png,A < B,1,3,0,no,2025-11-02T23:02:25.202205+00:00,T000355,50565::gpt_comp_s2w_50565_v1.png>>gpt_comp_s2w_50565_v3.png::T000355,,3056,1920,953
50565::gpt_comp_s2w_50565_v1.png||gpt_comp_s2w_50565_v4.png,50565,gpt_comp_s2w_50565_v1.png,gpt_comp_s2w_50565_v4.png,A < B,1,3,0,no,2025-11-02T23:02:27.549127+00:00,T000356,50565::gpt_comp_s2w_50565_v1.png>>gpt_comp_s2w_50565_v4.png::T000356,,1418,1920,953
50565::gpt_comp_s2w_50565_v2.png||gpt_comp_s2w_50565_v3.png,50565,gpt_comp_s2w_50565_v2.png,gpt_comp_s2w_50565_v3.png,A < B,1,3,0,no,2025-11-02T23:02:29.534786+00:00,T000357,50565::gpt_comp_s2w_50565_v2.png>>gpt_comp_s2w_50565_v3.png::T000357,,1013,1920,953
50565::gpt_comp_s2w_50565_v2.png||gpt_comp_s2w_50565_v4.png,50565,gpt_comp_s2w_50565_v2.png,gpt_comp_s2w_50565_v4.png,A < B,1,3,0,no,2025-11-02T23:02:18.919985+00:00,T000358,50565::gpt_comp_s2w_50565_v2.png>>gpt_comp_s2w_50565_v4.png::T000358,,1117,1920,953
50565::gpt_comp_s2w_50565_v3.png||gpt_comp_s2w_50565_v4.png,50565,gpt_comp_s2w_50565_v3.png,gpt_comp_s2w_50565_v4.png,A < B,1,3,0,no,2025-11-02T23:02:21.063180+00:00,T000359,50565::gpt_comp_s2w_50565_v3.png>>gpt_comp_s2w_50565_v4.png::T000359,,1172,1920,953
51339::gpt_comp_s2w_51339_v1.png||gpt_comp_s2w_51339_v2.png,51339,gpt_comp_s2w_51339_v1.png,gpt_comp_s2w_51339_v2.png,A > B,-1,2,0,no,2025-11-02T23:02:38.810815+00:00,T000360,51339::gpt_comp_s2w_51339_v1.png>>gpt_comp_s2w_51339_v2.png::T000360,,5537,1920,953
51339::gpt_comp_s2w_51339_v1.png||gpt_comp_s2w_51339_v3.png,51339,gpt_comp_s2w_51339_v1.png,gpt_comp_s2w_51339_v3.png,A > B,-1,2,0,no,2025-11-02T23:02:48.017839+00:00,T000361,51339::gpt_comp_s2w_51339_v1.png>>gpt_comp_s2w_51339_v3.png::T000361,,1855,1920,953
51339::gpt_comp_s2w_51339_v1.png||gpt_comp_s2w_51339_v4.png,51339,gpt_comp_s2w_51339_v1.png,gpt_comp_s2w_51339_v4.png,A > B,-1,2,0,no,2025-11-02T23:02:45.049430+00:00,T000362,51339::gpt_comp_s2w_51339_v1.png>>gpt_comp_s2w_51339_v4.png::T000362,,1042,1920,953
51339::gpt_comp_s2w_51339_v2.png||gpt_comp_s2w_51339_v3.png,51339,gpt_comp_s2w_51339_v2.png,gpt_comp_s2w_51339_v3.png,A > B,-1,2,0,no,2025-11-02T23:02:43.393165+00:00,T000363,51339::gpt_comp_s2w_51339_v2.png>>gpt_comp_s2w_51339_v3.png::T000363,,3539,1920,953
51339::gpt_comp_s2w_51339_v2.png||gpt_comp_s2w_51339_v4.png,51339,gpt_comp_s2w_51339_v2.png,gpt_comp_s2w_51339_v4.png,A > B,-1,2,0,no,2025-11-02T23:02:50.209050+00:00,T000364,51339::gpt_comp_s2w_51339_v2.png>>gpt_comp_s2w_51339_v4.png::T000364,,941,1920,953
51339::gpt_comp_s2w_51339_v3.png||gpt_comp_s2w_51339_v4.png,51339,gpt_comp_s2w_51339_v3.png,gpt_comp_s2w_51339_v4.png,A < B,1,3,0,no,2025-11-02T23:02:52.462904+00:00,T000365,51339::gpt_comp_s2w_51339_v3.png>>gpt_comp_s2w_51339_v4.png::T000365,,1416,1920,953
52014::gpt_comp_s2w_52014_v1.png||gpt_comp_s2w_52014_v2.png,52014,gpt_comp_s2w_52014_v1.png,gpt_comp_s2w_52014_v2.png,A > B,-1,2,0,no,2025-11-02T23:02:59.084690+00:00,T000366,52014::gpt_comp_s2w_52014_v1.png>>gpt_comp_s2w_52014_v2.png::T000366,,2132,1920,953
52014::gpt_comp_s2w_52014_v1.png||gpt_comp_s2w_52014_v3.png,52014,gpt_comp_s2w_52014_v1.png,gpt_comp_s2w_52014_v3.png,A > B,-1,2,0,no,2025-11-02T23:03:02.513815+00:00,T000367,52014::gpt_comp_s2w_52014_v1.png>>gpt_comp_s2w_52014_v3.png::T000367,,584,1920,953
52014::gpt_comp_s2w_52014_v1.png||gpt_comp_s2w_52014_v4.png,52014,gpt_comp_s2w_52014_v1.png,gpt_comp_s2w_52014_v4.png,A << B,2,4,0,no,2025-11-02T23:03:04.346096+00:00,T000368,52014::gpt_comp_s2w_52014_v1.png>>gpt_comp_s2w_52014_v4.png::T000368,,775,1920,953
52014::gpt_comp_s2w_52014_v2.png||gpt_comp_s2w_52014_v3.png,52014,gpt_comp_s2w_52014_v2.png,gpt_comp_s2w_52014_v3.png,A < B,1,3,0,no,2025-11-02T23:03:05.893564+00:00,T000369,52014::gpt_comp_s2w_52014_v2.png>>gpt_comp_s2w_52014_v3.png::T000369,,547,1920,953
52014::gpt_comp_s2w_52014_v2.png||gpt_comp_s2w_52014_v4.png,52014,gpt_comp_s2w_52014_v2.png,gpt_comp_s2w_52014_v4.png,A < B,1,3,0,no,2025-11-02T23:03:00.735227+00:00,T000370,52014::gpt_comp_s2w_52014_v2.png>>gpt_comp_s2w_52014_v4.png::T000370,,589,1920,953
52014::gpt_comp_s2w_52014_v3.png||gpt_comp_s2w_52014_v4.png,52014,gpt_comp_s2w_52014_v3.png,gpt_comp_s2w_52014_v4.png,A >> B,-2,"2,1",1,no,2025-11-02T23:02:56.066766+00:00,T000371,52014::gpt_comp_s2w_52014_v3.png>>gpt_comp_s2w_52014_v4.png::T000371,,226,1920,953
53497::gemini_comp_s2w_53497_v1.png||gemini_comp_s2w_53497_v2.png,53497,gemini_comp_s2w_53497_v1.png,gemini_comp_s2w_53497_v2.png,A < B,1,3,0,no,2025-11-02T23:03:15.914208+00:00,T000372,53497::gemini_comp_s2w_53497_v1.png>>gemini_comp_s2w_53497_v2.png::T000372,,1016,1920,953
53497::gemini_comp_s2w_53497_v1.png||gemini_comp_s2w_53497_v3.png,53497,gemini_comp_s2w_53497_v1.png,gemini_comp_s2w_53497_v3.png,A > B,-1,2,0,no,2025-11-02T23:03:12.231976+00:00,T000373,53497::gemini_comp_s2w_53497_v1.png>>gemini_comp_s2w_53497_v3.png::T000373,,1481,1920,953
53497::gemini_comp_s2w_53497_v1.png||gemini_comp_s2w_53497_v4.png,53497,gemini_comp_s2w_53497_v1.png,gemini_comp_s2w_53497_v4.png,A > B,-1,2,0,no,2025-11-02T23:03:14.169867+00:00,T000374,53497::gemini_comp_s2w_53497_v1.png>>gemini_comp_s2w_53497_v4.png::T000374,,1005,1920,953
53497::gemini_comp_s2w_53497_v2.png||gemini_comp_s2w_53497_v3.png,53497,gemini_comp_s2w_53497_v2.png,gemini_comp_s2w_53497_v3.png,A > B,-1,2,0,no,2025-11-02T23:03:07.314241+00:00,T000375,53497::gemini_comp_s2w_53497_v2.png>>gemini_comp_s2w_53497_v3.png::T000375,,421,1920,953
53497::gemini_comp_s2w_53497_v2.png||gemini_comp_s2w_53497_v4.png,53497,gemini_comp_s2w_53497_v2.png,gemini_comp_s2w_53497_v4.png,A > B,-1,2,0,no,2025-11-02T23:03:09.880251+00:00,T000376,53497::gemini_comp_s2w_53497_v2.png>>gemini_comp_s2w_53497_v4.png::T000376,,1423,1920,953
53497::gemini_comp_s2w_53497_v3.png||gemini_comp_s2w_53497_v4.png,53497,gemini_comp_s2w_53497_v3.png,gemini_comp_s2w_53497_v4.png,A < B,1,3,0,no,2025-11-02T23:03:19.875562+00:00,T000377,53497::gemini_comp_s2w_53497_v3.png>>gemini_comp_s2w_53497_v4.png::T000377,,1306,1920,953
54988::gpt_comp_s2w_54988_v1.png||gpt_comp_s2w_54988_v2.png,54988,gpt_comp_s2w_54988_v1.png,gpt_comp_s2w_54988_v2.png,A >> B,-2,1,0,no,2025-11-02T23:03:30.226116+00:00,T000378,54988::gpt_comp_s2w_54988_v1.png>>gpt_comp_s2w_54988_v2.png::T000378,,909,1920,953
54988::gpt_comp_s2w_54988_v1.png||gpt_comp_s2w_54988_v3.png,54988,gpt_comp_s2w_54988_v1.png,gpt_comp_s2w_54988_v3.png,A > B,-1,2,0,no,2025-11-02T23:03:22.553145+00:00,T000379,54988::gpt_comp_s2w_54988_v1.png>>gpt_comp_s2w_54988_v3.png::T000379,,1342,1920,953
54988::gpt_comp_s2w_54988_v1.png||gpt_comp_s2w_54988_v4.png,54988,gpt_comp_s2w_54988_v1.png,gpt_comp_s2w_54988_v4.png,A < B,1,3,0,no,2025-11-02T23:03:28.186769+00:00,T000380,54988::gpt_comp_s2w_54988_v1.png>>gpt_comp_s2w_54988_v4.png::T000380,,689,1920,953
54988::gpt_comp_s2w_54988_v2.png||gpt_comp_s2w_54988_v3.png,54988,gpt_comp_s2w_54988_v2.png,gpt_comp_s2w_54988_v3.png,A >> B,-2,1,0,no,2025-11-02T23:03:33.104054+00:00,T000381,54988::gpt_comp_s2w_54988_v2.png>>gpt_comp_s2w_54988_v3.png::T000381,,1855,1920,953
54988::gpt_comp_s2w_54988_v2.png||gpt_comp_s2w_54988_v4.png,54988,gpt_comp_s2w_54988_v2.png,gpt_comp_s2w_54988_v4.png,A > B,-1,2,0,no,2025-11-02T23:03:24.576664+00:00,T000382,54988::gpt_comp_s2w_54988_v2.png>>gpt_comp_s2w_54988_v4.png::T000382,,1037,1920,953
54988::gpt_comp_s2w_54988_v3.png||gpt_comp_s2w_54988_v4.png,54988,gpt_comp_s2w_54988_v3.png,gpt_comp_s2w_54988_v4.png,A > B,-1,2,0,no,2025-11-02T23:03:26.262264+00:00,T000383,54988::gpt_comp_s2w_54988_v3.png>>gpt_comp_s2w_54988_v4.png::T000383,,666,1920,953
55305::gpt_comp_s2w_55305_v1.png||gpt_comp_s2w_55305_v2.png,55305,gpt_comp_s2w_55305_v1.png,gpt_comp_s2w_55305_v2.png,A > B,-1,2,0,no,2025-11-02T23:03:45.570579+00:00,T000384,55305::gpt_comp_s2w_55305_v1.png>>gpt_comp_s2w_55305_v2.png::T000384,,1148,1920,953
55305::gpt_comp_s2w_55305_v1.png||gpt_comp_s2w_55305_v3.png,55305,gpt_comp_s2w_55305_v1.png,gpt_comp_s2w_55305_v3.png,A > B,-1,2,0,no,2025-11-02T23:03:35.487384+00:00,T000385,55305::gpt_comp_s2w_55305_v1.png>>gpt_comp_s2w_55305_v3.png::T000385,,1854,1920,953
55305::gpt_comp_s2w_55305_v1.png||gpt_comp_s2w_55305_v4.png,55305,gpt_comp_s2w_55305_v1.png,gpt_comp_s2w_55305_v4.png,A << B,2,4,0,no,2025-11-02T23:03:37.304495+00:00,T000386,55305::gpt_comp_s2w_55305_v1.png>>gpt_comp_s2w_55305_v4.png::T000386,,926,1920,953
55305::gpt_comp_s2w_55305_v2.png||gpt_comp_s2w_55305_v3.png,55305,gpt_comp_s2w_55305_v2.png,gpt_comp_s2w_55305_v3.png,A < B,1,3,0,no,2025-11-02T23:03:49.044804+00:00,T000387,55305::gpt_comp_s2w_55305_v2.png>>gpt_comp_s2w_55305_v3.png::T000387,,1011,1920,953
55305::gpt_comp_s2w_55305_v2.png||gpt_comp_s2w_55305_v4.png,55305,gpt_comp_s2w_55305_v2.png,gpt_comp_s2w_55305_v4.png,A < B,1,3,0,no,2025-11-02T23:03:50.686665+00:00,T000388,55305::gpt_comp_s2w_55305_v2.png>>gpt_comp_s2w_55305_v4.png::T000388,,856,1920,953
55305::gpt_comp_s2w_55305_v3.png||gpt_comp_s2w_55305_v4.png,55305,gpt_comp_s2w_55305_v3.png,gpt_comp_s2w_55305_v4.png,A < B,1,3,0,no,2025-11-02T23:03:47.301697+00:00,T000389,55305::gpt_comp_s2w_55305_v3.png>>gpt_comp_s2w_55305_v4.png::T000389,,800,1920,953
5651::gpt_comp_s2w_5651_v1.png||gpt_comp_s2w_5651_v2.png,5651,gpt_comp_s2w_5651_v1.png,gpt_comp_s2w_5651_v2.png,A > B,-1,2,0,no,2025-11-02T23:04:03.160847+00:00,T000390,5651::gpt_comp_s2w_5651_v1.png>>gpt_comp_s2w_5651_v2.png::T000390,,894,1920,953
5651::gpt_comp_s2w_5651_v1.png||gpt_comp_s2w_5651_v3.png,5651,gpt_comp_s2w_5651_v1.png,gpt_comp_s2w_5651_v3.png,A > B,-1,2,0,no,2025-11-02T23:04:08.558451+00:00,T000391,5651::gpt_comp_s2w_5651_v1.png>>gpt_comp_s2w_5651_v3.png::T000391,,1939,1920,953
5651::gpt_comp_s2w_5651_v1.png||gpt_comp_s2w_5651_v4.png,5651,gpt_comp_s2w_5651_v1.png,gpt_comp_s2w_5651_v4.png,A > B,-1,2,0,no,2025-11-02T23:03:57.818849+00:00,T000392,5651::gpt_comp_s2w_5651_v1.png>>gpt_comp_s2w_5651_v4.png::T000392,,5993,1920,953
5651::gpt_comp_s2w_5651_v2.png||gpt_comp_s2w_5651_v3.png,5651,gpt_comp_s2w_5651_v2.png,gpt_comp_s2w_5651_v3.png,A > B,-1,2,0,no,2025-11-02T23:04:01.220947+00:00,T000393,5651::gpt_comp_s2w_5651_v2.png>>gpt_comp_s2w_5651_v3.png::T000393,,2353,1920,953
5651::gpt_comp_s2w_5651_v2.png||gpt_comp_s2w_5651_v4.png,5651,gpt_comp_s2w_5651_v2.png,gpt_comp_s2w_5651_v4.png,A > B,-1,2,0,no,2025-11-02T23:04:10.503820+00:00,T000394,5651::gpt_comp_s2w_5651_v2.png>>gpt_comp_s2w_5651_v4.png::T000394,,886,1920,953
5651::gpt_comp_s2w_5651_v3.png||gpt_comp_s2w_5651_v4.png,5651,gpt_comp_s2w_5651_v3.png,gpt_comp_s2w_5651_v4.png,A > B,-1,2,0,no,2025-11-02T23:04:05.156530+00:00,T000395,5651::gpt_comp_s2w_5651_v3.png>>gpt_comp_s2w_5651_v4.png::T000395,,958,1920,953
56961::gpt_comp_s2w_56961_v1.png||gpt_comp_s2w_56961_v2.png,56961,gpt_comp_s2w_56961_v1.png,gpt_comp_s2w_56961_v2.png,A < B,1,3,0,no,2025-11-02T23:04:19.613110+00:00,T000396,56961::gpt_comp_s2w_56961_v1.png>>gpt_comp_s2w_56961_v2.png::T000396,,853,1920,953
56961::gpt_comp_s2w_56961_v1.png||gpt_comp_s2w_56961_v3.png,56961,gpt_comp_s2w_56961_v1.png,gpt_comp_s2w_56961_v3.png,A < B,1,3,0,no,2025-11-03T06:08:47.213214+00:00,T000397,56961::gpt_comp_s2w_56961_v1.png>>gpt_comp_s2w_56961_v3.png::T000397,,5017,1920,953
56961::gpt_comp_s2w_56961_v1.png||gpt_comp_s2w_56961_v4.png,56961,gpt_comp_s2w_56961_v1.png,gpt_comp_s2w_56961_v4.png,A > B,-1,2,0,no,2025-11-02T23:04:15.739942+00:00,T000398,56961::gpt_comp_s2w_56961_v1.png>>gpt_comp_s2w_56961_v4.png::T000398,,1570,1920,953
56961::gpt_comp_s2w_56961_v2.png||gpt_comp_s2w_56961_v3.png,56961,gpt_comp_s2w_56961_v2.png,gpt_comp_s2w_56961_v3.png,A > B,-1,2,0,no,2025-11-02T23:04:13.652659+00:00,T000399,56961::gpt_comp_s2w_56961_v2.png>>gpt_comp_s2w_56961_v3.png::T000399,,2448,1920,953
56961::gpt_comp_s2w_56961_v2.png||gpt_comp_s2w_56961_v4.png,56961,gpt_comp_s2w_56961_v2.png,gpt_comp_s2w_56961_v4.png,A > B,-1,2,0,no,2025-11-02T23:04:17.811521+00:00,T000400,56961::gpt_comp_s2w_56961_v2.png>>gpt_comp_s2w_56961_v4.png::T000400,,1018,1920,953
56961::gpt_comp_s2w_56961_v3.png||gpt_comp_s2w_56961_v4.png,56961,gpt_comp_s2w_56961_v3.png,gpt_comp_s2w_56961_v4.png,A > B,-1,2,0,no,2025-11-02T23:04:21.096100+00:00,T000401,56961::gpt_comp_s2w_56961_v3.png>>gpt_comp_s2w_56961_v4.png::T000401,,1007,1920,953
5763::gpt_comp_s2w_5763_v1.png||gpt_comp_s2w_5763_v2.png,5763,gpt_comp_s2w_5763_v1.png,gpt_comp_s2w_5763_v2.png,A < B,1,3,0,no,2025-11-02T23:04:33.590865+00:00,T000402,5763::gpt_comp_s2w_5763_v1.png>>gpt_comp_s2w_5763_v2.png::T000402,,1217,1920,953
5763::gpt_comp_s2w_5763_v1.png||gpt_comp_s2w_5763_v3.png,5763,gpt_comp_s2w_5763_v1.png,gpt_comp_s2w_5763_v3.png,A < B,1,3,0,no,2025-11-02T23:04:27.297936+00:00,T000403,5763::gpt_comp_s2w_5763_v1.png>>gpt_comp_s2w_5763_v3.png::T000403,,614,1920,953
5763::gpt_comp_s2w_5763_v1.png||gpt_comp_s2w_5763_v4.png,5763,gpt_comp_s2w_5763_v1.png,gpt_comp_s2w_5763_v4.png,A > B,-1,2,0,no,2025-11-02T23:04:25.776423+00:00,T000404,5763::gpt_comp_s2w_5763_v1.png>>gpt_comp_s2w_5763_v4.png::T000404,,1693,1920,953
5763::gpt_comp_s2w_5763_v2.png||gpt_comp_s2w_5763_v3.png,5763,gpt_comp_s2w_5763_v2.png,gpt_comp_s2w_5763_v3.png,A > B,-1,2,0,no,2025-11-02T23:04:31.233704+00:00,T000405,5763::gpt_comp_s2w_5763_v2.png>>gpt_comp_s2w_5763_v3.png::T000405,,674,1920,953
5763::gpt_comp_s2w_5763_v2.png||gpt_comp_s2w_5763_v4.png,5763,gpt_comp_s2w_5763_v2.png,gpt_comp_s2w_5763_v4.png,A << B,2,4,0,no,2025-11-02T23:04:28.837038+00:00,T000406,5763::gpt_comp_s2w_5763_v2.png>>gpt_comp_s2w_5763_v4.png::T000406,,475,1920,953
5763::gpt_comp_s2w_5763_v3.png||gpt_comp_s2w_5763_v4.png,5763,gpt_comp_s2w_5763_v3.png,gpt_comp_s2w_5763_v4.png,A < B,1,3,0,no,2025-11-02T23:04:22.346677+00:00,T000407,5763::gpt_comp_s2w_5763_v3.png>>gpt_comp_s2w_5763_v4.png::T000407,,594,1920,953
57893::gpt_comp_s2w_57893_v1.png||gpt_comp_s2w_57893_v2.png,57893,gpt_comp_s2w_57893_v1.png,gpt_comp_s2w_57893_v2.png,A < B,1,3,0,no,2025-11-02T23:04:41.554982+00:00,T000408,57893::gpt_comp_s2w_57893_v1.png>>gpt_comp_s2w_57893_v2.png::T000408,,711,1920,953
57893::gpt_comp_s2w_57893_v1.png||gpt_comp_s2w_57893_v3.png,57893,gpt_comp_s2w_57893_v1.png,gpt_comp_s2w_57893_v3.png,A > B,-1,2,0,no,2025-11-02T23:04:35.308759+00:00,T000409,57893::gpt_comp_s2w_57893_v1.png>>gpt_comp_s2w_57893_v3.png::T000409,,749,1920,953
57893::gpt_comp_s2w_57893_v1.png||gpt_comp_s2w_57893_v4.png,57893,gpt_comp_s2w_57893_v1.png,gpt_comp_s2w_57893_v4.png,A < B,1,3,0,no,2025-11-02T23:04:37.544292+00:00,T000410,57893::gpt_comp_s2w_57893_v1.png>>gpt_comp_s2w_57893_v4.png::T000410,,930,1920,953
57893::gpt_comp_s2w_57893_v2.png||gpt_comp_s2w_57893_v3.png,57893,gpt_comp_s2w_57893_v2.png,gpt_comp_s2w_57893_v3.png,A << B,2,4,0,no,2025-11-02T23:04:43.476426+00:00,T000411,57893::gpt_comp_s2w_57893_v2.png>>gpt_comp_s2w_57893_v3.png::T000411,,1088,1920,953
57893::gpt_comp_s2w_57893_v2.png||gpt_comp_s2w_57893_v4.png,57893,gpt_comp_s2w_57893_v2.png,gpt_comp_s2w_57893_v4.png,A > B,-1,2,0,no,2025-11-02T23:04:39.713869+00:00,T000412,57893::gpt_comp_s2w_57893_v2.png>>gpt_comp_s2w_57893_v4.png::T000412,,640,1920,953
57893::gpt_comp_s2w_57893_v3.png||gpt_comp_s2w_57893_v4.png,57893,gpt_comp_s2w_57893_v3.png,gpt_comp_s2w_57893_v4.png,A < B,1,3,0,no,2025-11-02T23:04:45.188699+00:00,T000413,57893::gpt_comp_s2w_57893_v3.png>>gpt_comp_s2w_57893_v4.png::T000413,,651,1920,953
58376::gemini_comp_s2w_58376_v1.png||gemini_comp_s2w_58376_v2.png,58376,gemini_comp_s2w_58376_v1.png,gemini_comp_s2w_58376_v2.png,A > B,-1,2,0,no,2025-11-02T23:05:08.055292+00:00,T000414,58376::gemini_comp_s2w_58376_v1.png>>gemini_comp_s2w_58376_v2.png::T000414,,1384,1920,953
58376::gemini_comp_s2w_58376_v1.png||gemini_comp_s2w_58376_v3.png,58376,gemini_comp_s2w_58376_v1.png,gemini_comp_s2w_58376_v3.png,A > B,-1,2,0,no,2025-11-02T23:04:53.688581+00:00,T000415,58376::gemini_comp_s2w_58376_v1.png>>gemini_comp_s2w_58376_v3.png::T000415,,2506,1920,953
58376::gemini_comp_s2w_58376_v1.png||gemini_comp_s2w_58376_v4.png,58376,gemini_comp_s2w_58376_v1.png,gemini_comp_s2w_58376_v4.png,A > B,-1,"3,2",1,no,2025-11-02T23:05:11.942026+00:00,T000416,58376::gemini_comp_s2w_58376_v1.png>>gemini_comp_s2w_58376_v4.png::T000416,,1373,1920,953
58376::gemini_comp_s2w_58376_v2.png||gemini_comp_s2w_58376_v3.png,58376,gemini_comp_s2w_58376_v2.png,gemini_comp_s2w_58376_v3.png,A < B,1,"3,2,3",2,no,2025-11-02T23:04:59.637028+00:00,T000417,58376::gemini_comp_s2w_58376_v2.png>>gemini_comp_s2w_58376_v3.png::T000417,,1737,1920,953
58376::gemini_comp_s2w_58376_v2.png||gemini_comp_s2w_58376_v4.png,58376,gemini_comp_s2w_58376_v2.png,gemini_comp_s2w_58376_v4.png,A < B,1,"2,3",1,no,2025-11-02T23:04:50.127244+00:00,T000418,58376::gemini_comp_s2w_58376_v2.png>>gemini_comp_s2w_58376_v4.png::T000418,,2762,1920,953
58376::gemini_comp_s2w_58376_v3.png||gemini_comp_s2w_58376_v4.png,58376,gemini_comp_s2w_58376_v3.png,gemini_comp_s2w_58376_v4.png,A < B,1,3,0,no,2025-11-02T23:05:05.600481+00:00,T000419,58376::gemini_comp_s2w_58376_v3.png>>gemini_comp_s2w_58376_v4.png::T000419,,5236,1920,953
59228::gpt_comp_s2w_59228_v1.png||gpt_comp_s2w_59228_v2.png,59228,gpt_comp_s2w_59228_v1.png,gpt_comp_s2w_59228_v2.png,A < B,1,3,0,no,2025-11-02T23:05:29.019714+00:00,T000420,59228::gpt_comp_s2w_59228_v1.png>>gpt_comp_s2w_59228_v2.png::T000420,,1066,1920,953
59228::gpt_comp_s2w_59228_v1.png||gpt_comp_s2w_59228_v3.png,59228,gpt_comp_s2w_59228_v1.png,gpt_comp_s2w_59228_v3.png,A << B,2,"3,4",1,no,2025-11-02T23:05:24.374820+00:00,T000421,59228::gpt_comp_s2w_59228_v1.png>>gpt_comp_s2w_59228_v3.png::T000421,,612,1920,953
59228::gpt_comp_s2w_59228_v1.png||gpt_comp_s2w_59228_v4.png,59228,gpt_comp_s2w_59228_v1.png,gpt_comp_s2w_59228_v4.png,A < B,1,3,0,no,2025-11-02T23:05:20.254406+00:00,T000422,59228::gpt_comp_s2w_59228_v1.png>>gpt_comp_s2w_59228_v4.png::T000422,,2149,1920,953
59228::gpt_comp_s2w_59228_v2.png||gpt_comp_s2w_59228_v3.png,59228,gpt_comp_s2w_59228_v2.png,gpt_comp_s2w_59228_v3.png,A < B,1,3,0,no,2025-11-02T23:05:26.821886+00:00,T000423,59228::gpt_comp_s2w_59228_v2.png>>gpt_comp_s2w_59228_v3.png::T000423,,1445,1920,953
59228::gpt_comp_s2w_59228_v2.png||gpt_comp_s2w_59228_v4.png,59228,gpt_comp_s2w_59228_v2.png,gpt_comp_s2w_59228_v4.png,A > B,-1,2,0,no,2025-11-02T23:05:31.154940+00:00,T000424,59228::gpt_comp_s2w_59228_v2.png>>gpt_comp_s2w_59228_v4.png::T000424,,1122,1920,953
59228::gpt_comp_s2w_59228_v3.png||gpt_comp_s2w_59228_v4.png,59228,gpt_comp_s2w_59228_v3.png,gpt_comp_s2w_59228_v4.png,A < B,1,"2,3",1,no,2025-11-02T23:05:17.298704+00:00,T000425,59228::gpt_comp_s2w_59228_v3.png>>gpt_comp_s2w_59228_v4.png::T000425,,1581,1920,953
59493::gemini_comp_s2w_59493_v1.png||gemini_comp_s2w_59493_v2.png,59493,gemini_comp_s2w_59493_v1.png,gemini_comp_s2w_59493_v2.png,A < B,1,3,0,no,2025-11-02T23:05:32.627818+00:00,T000426,59493::gemini_comp_s2w_59493_v1.png>>gemini_comp_s2w_59493_v2.png::T000426,,493,1920,953
59493::gemini_comp_s2w_59493_v1.png||gemini_comp_s2w_59493_v3.png,59493,gemini_comp_s2w_59493_v1.png,gemini_comp_s2w_59493_v3.png,A < B,1,3,0,no,2025-11-02T23:05:39.405626+00:00,T000427,59493::gemini_comp_s2w_59493_v1.png>>gemini_comp_s2w_59493_v3.png::T000427,,1485,1920,953
59493::gemini_comp_s2w_59493_v1.png||gemini_comp_s2w_59493_v4.png,59493,gemini_comp_s2w_59493_v1.png,gemini_comp_s2w_59493_v4.png,A << B,2,"1,4",1,no,2025-11-02T23:05:52.129001+00:00,T000428,59493::gemini_comp_s2w_59493_v1.png>>gemini_comp_s2w_59493_v4.png::T000428,,1470,1920,953
59493::gemini_comp_s2w_59493_v2.png||gemini_comp_s2w_59493_v3.png,59493,gemini_comp_s2w_59493_v2.png,gemini_comp_s2w_59493_v3.png,A < B,1,"3,3",0,no,2025-11-02T23:05:44.475712+00:00,T000429,59493::gemini_comp_s2w_59493_v2.png>>gemini_comp_s2w_59493_v3.png::T000429,,679,1920,953
59493::gemini_comp_s2w_59493_v2.png||gemini_comp_s2w_59493_v4.png,59493,gemini_comp_s2w_59493_v2.png,gemini_comp_s2w_59493_v4.png,A < B,1,3,0,no,2025-11-02T23:05:48.217499+00:00,T000430,59493::gemini_comp_s2w_59493_v2.png>>gemini_comp_s2w_59493_v4.png::T000430,,561,1920,953
59493::gemini_comp_s2w_59493_v3.png||gemini_comp_s2w_59493_v4.png,59493,gemini_comp_s2w_59493_v3.png,gemini_comp_s2w_59493_v4.png,A < B,1,3,0,no,2025-11-02T23:05:41.702099+00:00,T000431,59493::gemini_comp_s2w_59493_v3.png>>gemini_comp_s2w_59493_v4.png::T000431,,1234,1920,953
60062::gemini_comp_s2w_60062_v1.png||gemini_comp_s2w_60062_v2.png,60062,gemini_comp_s2w_60062_v1.png,gemini_comp_s2w_60062_v2.png,A > B,-1,"2,2",0,no,2025-11-02T23:06:02.037258+00:00,T000432,60062::gemini_comp_s2w_60062_v1.png>>gemini_comp_s2w_60062_v2.png::T000432,,796,1920,953
60062::gemini_comp_s2w_60062_v1.png||gemini_comp_s2w_60062_v3.png,60062,gemini_comp_s2w_60062_v1.png,gemini_comp_s2w_60062_v3.png,A > B,-1,"3,2",1,no,2025-11-02T23:05:57.652761+00:00,T000433,60062::gemini_comp_s2w_60062_v1.png>>gemini_comp_s2w_60062_v3.png::T000433,,1958,1920,953
60062::gemini_comp_s2w_60062_v1.png||gemini_comp_s2w_60062_v4.png,60062,gemini_comp_s2w_60062_v1.png,gemini_comp_s2w_60062_v4.png,A < B,1,3,0,no,2025-11-02T23:06:13.830129+00:00,T000434,60062::gemini_comp_s2w_60062_v1.png>>gemini_comp_s2w_60062_v4.png::T000434,,836,1920,953
60062::gemini_comp_s2w_60062_v2.png||gemini_comp_s2w_60062_v3.png,60062,gemini_comp_s2w_60062_v2.png,gemini_comp_s2w_60062_v3.png,A > B,-1,2,0,no,2025-11-02T23:06:06.242681+00:00,T000435,60062::gemini_comp_s2w_60062_v2.png>>gemini_comp_s2w_60062_v3.png::T000435,,1275,1920,953
60062::gemini_comp_s2w_60062_v2.png||gemini_comp_s2w_60062_v4.png,60062,gemini_comp_s2w_60062_v2.png,gemini_comp_s2w_60062_v4.png,A > B,-1,2,0,no,2025-11-02T23:06:03.714724+00:00,T000436,60062::gemini_comp_s2w_60062_v2.png>>gemini_comp_s2w_60062_v4.png::T000436,,1156,1920,953
60062::gemini_comp_s2w_60062_v3.png||gemini_comp_s2w_60062_v4.png,60062,gemini_comp_s2w_60062_v3.png,gemini_comp_s2w_60062_v4.png,A < B,1,3,0,no,2025-11-02T23:06:11.529241+00:00,T000437,60062::gemini_comp_s2w_60062_v3.png>>gemini_comp_s2w_60062_v4.png::T000437,,2541,1920,953
60089::gemini_comp_s2w_60089_v1.png||gemini_comp_s2w_60089_v2.png,60089,gemini_comp_s2w_60089_v1.png,gemini_comp_s2w_60089_v2.png,A < B,1,3,0,no,2025-11-02T23:06:24.233256+00:00,T000438,60089::gemini_comp_s2w_60089_v1.png>>gemini_comp_s2w_60089_v2.png::T000438,,833,1920,953
60089::gemini_comp_s2w_60089_v1.png||gemini_comp_s2w_60089_v3.png,60089,gemini_comp_s2w_60089_v1.png,gemini_comp_s2w_60089_v3.png,A < B,1,3,0,no,2025-11-02T23:06:18.874136+00:00,T000439,60089::gemini_comp_s2w_60089_v1.png>>gemini_comp_s2w_60089_v3.png::T000439,,4025,1920,953
60089::gemini_comp_s2w_60089_v1.png||gemini_comp_s2w_60089_v4.png,60089,gemini_comp_s2w_60089_v1.png,gemini_comp_s2w_60089_v4.png,A < B,1,3,0,no,2025-11-02T23:06:29.754187+00:00,T000440,60089::gemini_comp_s2w_60089_v1.png>>gemini_comp_s2w_60089_v4.png::T000440,,1038,1920,953
60089::gemini_comp_s2w_60089_v2.png||gemini_comp_s2w_60089_v3.png,60089,gemini_comp_s2w_60089_v2.png,gemini_comp_s2w_60089_v3.png,A < B,1,3,0,no,2025-11-02T23:06:27.705388+00:00,T000441,60089::gemini_comp_s2w_60089_v2.png>>gemini_comp_s2w_60089_v3.png::T000441,,691,1920,953
60089::gemini_comp_s2w_60089_v2.png||gemini_comp_s2w_60089_v4.png,60089,gemini_comp_s2w_60089_v2.png,gemini_comp_s2w_60089_v4.png,A < B,1,3,0,no,2025-11-02T23:06:21.603877+00:00,T000442,60089::gemini_comp_s2w_60089_v2.png>>gemini_comp_s2w_60089_v4.png::T000442,,1867,1920,953
60089::gemini_comp_s2w_60089_v3.png||gemini_comp_s2w_60089_v4.png,60089,gemini_comp_s2w_60089_v3.png,gemini_comp_s2w_60089_v4.png,A < B,1,3,0,no,2025-11-02T23:06:26.035291+00:00,T000443,60089::gemini_comp_s2w_60089_v3.png>>gemini_comp_s2w_60089_v4.png::T000443,,800,1920,953
60858::gemini_comp_s2w_60858_v1.png||gemini_comp_s2w_60858_v2.png,60858,gemini_comp_s2w_60858_v1.png,gemini_comp_s2w_60858_v2.png,A > B,-1,2,0,no,2025-11-02T23:06:34.398319+00:00,T000444,60858::gemini_comp_s2w_60858_v1.png>>gemini_comp_s2w_60858_v2.png::T000444,,3242,1920,953
60858::gemini_comp_s2w_60858_v1.png||gemini_comp_s2w_60858_v3.png,60858,gemini_comp_s2w_60858_v1.png,gemini_comp_s2w_60858_v3.png,A < B,1,3,0,no,2025-11-02T23:06:48.272138+00:00,T000445,60858::gemini_comp_s2w_60858_v1.png>>gemini_comp_s2w_60858_v3.png::T000445,,2013,1920,953
60858::gemini_comp_s2w_60858_v1.png||gemini_comp_s2w_60858_v4.png,60858,gemini_comp_s2w_60858_v1.png,gemini_comp_s2w_60858_v4.png,A > B,-1,2,0,no,2025-11-02T23:06:36.723000+00:00,T000446,60858::gemini_comp_s2w_60858_v1.png>>gemini_comp_s2w_60858_v4.png::T000446,,1653,1920,953
60858::gemini_comp_s2w_60858_v2.png||gemini_comp_s2w_60858_v3.png,60858,gemini_comp_s2w_60858_v2.png,gemini_comp_s2w_60858_v3.png,A > B,-1,2,0,no,2025-11-02T23:06:42.306711+00:00,T000447,60858::gemini_comp_s2w_60858_v2.png>>gemini_comp_s2w_60858_v3.png::T000447,,1176,1920,953
60858::gemini_comp_s2w_60858_v2.png||gemini_comp_s2w_60858_v4.png,60858,gemini_comp_s2w_60858_v2.png,gemini_comp_s2w_60858_v4.png,A > B,-1,2,0,no,2025-11-02T23:06:45.180241+00:00,T000448,60858::gemini_comp_s2w_60858_v2.png>>gemini_comp_s2w_60858_v4.png::T000448,,1762,1920,953
60858::gemini_comp_s2w_60858_v3.png||gemini_comp_s2w_60858_v4.png,60858,gemini_comp_s2w_60858_v3.png,gemini_comp_s2w_60858_v4.png,A << B,2,4,0,no,2025-11-02T23:06:39.361301+00:00,T000449,60858::gemini_comp_s2w_60858_v3.png>>gemini_comp_s2w_60858_v4.png::T000449,,1391,1920,953
62333::gemini_comp_s2w_62333_v1.png||gemini_comp_s2w_62333_v2.png,62333,gemini_comp_s2w_62333_v1.png,gemini_comp_s2w_62333_v2.png,A < B,1,3,0,no,2025-11-02T23:07:16.051811+00:00,T000450,62333::gemini_comp_s2w_62333_v1.png>>gemini_comp_s2w_62333_v2.png::T000450,,2174,1920,953
62333::gemini_comp_s2w_62333_v1.png||gemini_comp_s2w_62333_v3.png,62333,gemini_comp_s2w_62333_v1.png,gemini_comp_s2w_62333_v3.png,A > B,-1,2,0,no,2025-11-02T23:07:26.797963+00:00,T000451,62333::gemini_comp_s2w_62333_v1.png>>gemini_comp_s2w_62333_v3.png::T000451,,2038,1920,953
62333::gemini_comp_s2w_62333_v1.png||gemini_comp_s2w_62333_v4.png,62333,gemini_comp_s2w_62333_v1.png,gemini_comp_s2w_62333_v4.png,A < B,1,3,0,no,2025-11-02T23:07:23.712141+00:00,T000452,62333::gemini_comp_s2w_62333_v1.png>>gemini_comp_s2w_62333_v4.png::T000452,,1431,1920,953
62333::gemini_comp_s2w_62333_v2.png||gemini_comp_s2w_62333_v3.png,62333,gemini_comp_s2w_62333_v2.png,gemini_comp_s2w_62333_v3.png,A > B,-1,2,0,no,2025-11-02T23:07:29.091820+00:00,T000453,62333::gemini_comp_s2w_62333_v2.png>>gemini_comp_s2w_62333_v3.png::T000453,,1080,1920,953
62333::gemini_comp_s2w_62333_v2.png||gemini_comp_s2w_62333_v4.png,62333,gemini_comp_s2w_62333_v2.png,gemini_comp_s2w_62333_v4.png,A < B,1,3,0,no,2025-11-02T23:07:18.623990+00:00,T000454,62333::gemini_comp_s2w_62333_v2.png>>gemini_comp_s2w_62333_v4.png::T000454,,1540,1920,953
62333::gemini_comp_s2w_62333_v3.png||gemini_comp_s2w_62333_v4.png,62333,gemini_comp_s2w_62333_v3.png,gemini_comp_s2w_62333_v4.png,A < B,1,3,0,no,2025-11-02T23:07:21.290291+00:00,T000455,62333::gemini_comp_s2w_62333_v3.png>>gemini_comp_s2w_62333_v4.png::T000455,,1504,1920,953
62785::gpt_comp_s2w_62785_v1.png||gpt_comp_s2w_62785_v2.png,62785,gpt_comp_s2w_62785_v1.png,gpt_comp_s2w_62785_v2.png,A < B,1,3,0,no,2025-11-02T23:07:40.046037+00:00,T000456,62785::gpt_comp_s2w_62785_v1.png>>gpt_comp_s2w_62785_v2.png::T000456,,967,1920,953
62785::gpt_comp_s2w_62785_v1.png||gpt_comp_s2w_62785_v3.png,62785,gpt_comp_s2w_62785_v1.png,gpt_comp_s2w_62785_v3.png,A < B,1,3,0,no,2025-11-02T23:07:48.131740+00:00,T000457,62785::gpt_comp_s2w_62785_v1.png>>gpt_comp_s2w_62785_v3.png::T000457,,1040,1920,953
62785::gpt_comp_s2w_62785_v1.png||gpt_comp_s2w_62785_v4.png,62785,gpt_comp_s2w_62785_v1.png,gpt_comp_s2w_62785_v4.png,A < B,1,3,0,no,2025-11-02T23:07:50.239757+00:00,T000458,62785::gpt_comp_s2w_62785_v1.png>>gpt_comp_s2w_62785_v4.png::T000458,,939,1920,953
62785::gpt_comp_s2w_62785_v2.png||gpt_comp_s2w_62785_v3.png,62785,gpt_comp_s2w_62785_v2.png,gpt_comp_s2w_62785_v3.png,A < B,1,3,0,no,2025-11-02T23:07:38.101776+00:00,T000459,62785::gpt_comp_s2w_62785_v2.png>>gpt_comp_s2w_62785_v3.png::T000459,,7990,1920,953
62785::gpt_comp_s2w_62785_v2.png||gpt_comp_s2w_62785_v4.png,62785,gpt_comp_s2w_62785_v2.png,gpt_comp_s2w_62785_v4.png,A > B,-1,2,0,no,2025-11-02T23:07:43.525548+00:00,T000460,62785::gpt_comp_s2w_62785_v2.png>>gpt_comp_s2w_62785_v4.png::T000460,,2427,1920,953
62785::gpt_comp_s2w_62785_v3.png||gpt_comp_s2w_62785_v4.png,62785,gpt_comp_s2w_62785_v3.png,gpt_comp_s2w_62785_v4.png,A < B,1,3,0,no,2025-11-02T23:07:46.090822+00:00,T000461,62785::gpt_comp_s2w_62785_v3.png>>gpt_comp_s2w_62785_v4.png::T000461,,1688,1920,953
63085::gemini_comp_s2w_63085_v1.png||gemini_comp_s2w_63085_v2.png,63085,gemini_comp_s2w_63085_v1.png,gemini_comp_s2w_63085_v2.png,A << B,2,4,0,no,2025-11-02T23:07:56.640665+00:00,T000462,63085::gemini_comp_s2w_63085_v1.png>>gemini_comp_s2w_63085_v2.png::T000462,,3309,1920,953
63085::gemini_comp_s2w_63085_v1.png||gemini_comp_s2w_63085_v3.png,63085,gemini_comp_s2w_63085_v1.png,gemini_comp_s2w_63085_v3.png,A < B,1,"4,3",1,no,2025-11-02T23:08:06.483019+00:00,T000463,63085::gemini_comp_s2w_63085_v1.png>>gemini_comp_s2w_63085_v3.png::T000463,,1247,1920,953
63085::gemini_comp_s2w_63085_v1.png||gemini_comp_s2w_63085_v4.png,63085,gemini_comp_s2w_63085_v1.png,gemini_comp_s2w_63085_v4.png,A < B,1,3,0,no,2025-11-02T23:08:00.814356+00:00,T000464,63085::gemini_comp_s2w_63085_v1.png>>gemini_comp_s2w_63085_v4.png::T000464,,1077,1920,953
63085::gemini_comp_s2w_63085_v2.png||gemini_comp_s2w_63085_v3.png,63085,gemini_comp_s2w_63085_v2.png,gemini_comp_s2w_63085_v3.png,A < B,1,3,0,no,2025-11-02T23:08:08.590156+00:00,T000465,63085::gemini_comp_s2w_63085_v2.png>>gemini_comp_s2w_63085_v3.png::T000465,,568,1920,953
63085::gemini_comp_s2w_63085_v2.png||gemini_comp_s2w_63085_v4.png,63085,gemini_comp_s2w_63085_v2.png,gemini_comp_s2w_63085_v4.png,A < B,1,3,0,no,2025-11-02T23:07:58.729037+00:00,T000466,63085::gemini_comp_s2w_63085_v2.png>>gemini_comp_s2w_63085_v4.png::T000466,,933,1920,953
63085::gemini_comp_s2w_63085_v3.png||gemini_comp_s2w_63085_v4.png,63085,gemini_comp_s2w_63085_v3.png,gemini_comp_s2w_63085_v4.png,A < B,1,3,0,no,2025-11-02T23:07:52.136016+00:00,T000467,63085::gemini_comp_s2w_63085_v3.png>>gemini_comp_s2w_63085_v4.png::T000467,,909,1920,953
63614::gpt_comp_s2w_63614_v1.png||gpt_comp_s2w_63614_v2.png,63614,gpt_comp_s2w_63614_v1.png,gpt_comp_s2w_63614_v2.png,A > B,-1,2,0,no,2025-11-02T23:08:12.062278+00:00,T000468,63614::gpt_comp_s2w_63614_v1.png>>gpt_comp_s2w_63614_v2.png::T000468,,1117,1920,953
63614::gpt_comp_s2w_63614_v1.png||gpt_comp_s2w_63614_v3.png,63614,gpt_comp_s2w_63614_v1.png,gpt_comp_s2w_63614_v3.png,A >> B,-2,1,0,no,2025-11-02T23:08:13.580947+00:00,T000469,63614::gpt_comp_s2w_63614_v1.png>>gpt_comp_s2w_63614_v3.png::T000469,,546,1920,953
63614::gpt_comp_s2w_63614_v1.png||gpt_comp_s2w_63614_v4.png,63614,gpt_comp_s2w_63614_v1.png,gpt_comp_s2w_63614_v4.png,A < B,1,3,0,no,2025-11-02T23:08:16.306219+00:00,T000470,63614::gpt_comp_s2w_63614_v1.png>>gpt_comp_s2w_63614_v4.png::T000470,,531,1920,953
63614::gpt_comp_s2w_63614_v2.png||gpt_comp_s2w_63614_v3.png,63614,gpt_comp_s2w_63614_v2.png,gpt_comp_s2w_63614_v3.png,A > B,-1,2,0,no,2025-11-02T23:08:15.009197+00:00,T000471,63614::gpt_comp_s2w_63614_v2.png>>gpt_comp_s2w_63614_v3.png::T000471,,528,1920,953
63614::gpt_comp_s2w_63614_v2.png||gpt_comp_s2w_63614_v4.png,63614,gpt_comp_s2w_63614_v2.png,gpt_comp_s2w_63614_v4.png,A < B,1,3,0,no,2025-11-02T23:08:09.698469+00:00,T000472,63614::gpt_comp_s2w_63614_v2.png>>gpt_comp_s2w_63614_v4.png::T000472,,514,1920,953
63614::gpt_comp_s2w_63614_v3.png||gpt_comp_s2w_63614_v4.png,63614,gpt_comp_s2w_63614_v3.png,gpt_comp_s2w_63614_v4.png,A << B,2,4,0,no,2025-11-02T23:08:17.551672+00:00,T000473,63614::gpt_comp_s2w_63614_v3.png>>gpt_comp_s2w_63614_v4.png::T000473,,646,1920,953
63656::gemini_comp_s2w_63656_v1.png||gemini_comp_s2w_63656_v2.png,63656,gemini_comp_s2w_63656_v1.png,gemini_comp_s2w_63656_v2.png,A > B,-1,2,0,no,2025-11-02T23:08:20.381127+00:00,T000474,63656::gemini_comp_s2w_63656_v1.png>>gemini_comp_s2w_63656_v2.png::T000474,,643,1920,953
63656::gemini_comp_s2w_63656_v1.png||gemini_comp_s2w_63656_v3.png,63656,gemini_comp_s2w_63656_v1.png,gemini_comp_s2w_63656_v3.png,A < B,1,3,0,no,2025-11-02T23:08:29.604104+00:00,T000475,63656::gemini_comp_s2w_63656_v1.png>>gemini_comp_s2w_63656_v3.png::T000475,,1699,1920,953
63656::gemini_comp_s2w_63656_v1.png||gemini_comp_s2w_63656_v4.png,63656,gemini_comp_s2w_63656_v1.png,gemini_comp_s2w_63656_v4.png,A < B,1,3,0,no,2025-11-02T23:08:19.104210+00:00,T000476,63656::gemini_comp_s2w_63656_v1.png>>gemini_comp_s2w_63656_v4.png::T000476,,583,1920,953
63656::gemini_comp_s2w_63656_v2.png||gemini_comp_s2w_63656_v3.png,63656,gemini_comp_s2w_63656_v2.png,gemini_comp_s2w_63656_v3.png,A < B,1,3,0,no,2025-11-02T23:08:21.862416+00:00,T000477,63656::gemini_comp_s2w_63656_v2.png>>gemini_comp_s2w_63656_v3.png::T000477,,534,1920,953
63656::gemini_comp_s2w_63656_v2.png||gemini_comp_s2w_63656_v4.png,63656,gemini_comp_s2w_63656_v2.png,gemini_comp_s2w_63656_v4.png,A < B,1,3,0,no,2025-11-02T23:08:26.478183+00:00,T000478,63656::gemini_comp_s2w_63656_v2.png>>gemini_comp_s2w_63656_v4.png::T000478,,2134,1920,953
63656::gemini_comp_s2w_63656_v3.png||gemini_comp_s2w_63656_v4.png,63656,gemini_comp_s2w_63656_v3.png,gemini_comp_s2w_63656_v4.png,A << B,2,4,0,no,2025-11-02T23:08:23.311078+00:00,T000479,63656::gemini_comp_s2w_63656_v3.png>>gemini_comp_s2w_63656_v4.png::T000479,,739,1920,953
66612::gpt_comp_s2w_66612_v1.png||gpt_comp_s2w_66612_v2.png,66612,gpt_comp_s2w_66612_v1.png,gpt_comp_s2w_66612_v2.png,A > B,-1,2,0,no,2025-11-02T23:08:45.999449+00:00,T000480,66612::gpt_comp_s2w_66612_v1.png>>gpt_comp_s2w_66612_v2.png::T000480,,1053,1920,953
66612::gpt_comp_s2w_66612_v1.png||gpt_comp_s2w_66612_v3.png,66612,gpt_comp_s2w_66612_v1.png,gpt_comp_s2w_66612_v3.png,A > B,-1,2,0,no,2025-11-02T23:09:00.832871+00:00,T000481,66612::gpt_comp_s2w_66612_v1.png>>gpt_comp_s2w_66612_v3.png::T000481,,1690,1920,953
66612::gpt_comp_s2w_66612_v1.png||gpt_comp_s2w_66612_v4.png,66612,gpt_comp_s2w_66612_v1.png,gpt_comp_s2w_66612_v4.png,A > B,-1,2,0,no,2025-11-02T23:08:35.776192+00:00,T000482,66612::gpt_comp_s2w_66612_v1.png>>gpt_comp_s2w_66612_v4.png::T000482,,4128,1920,953
66612::gpt_comp_s2w_66612_v2.png||gpt_comp_s2w_66612_v3.png,66612,gpt_comp_s2w_66612_v2.png,gpt_comp_s2w_66612_v3.png,A < B,1,"2,3",1,no,2025-11-02T23:08:57.719866+00:00,T000483,66612::gpt_comp_s2w_66612_v2.png>>gpt_comp_s2w_66612_v3.png::T000483,,3850,1920,953
66612::gpt_comp_s2w_66612_v2.png||gpt_comp_s2w_66612_v4.png,66612,gpt_comp_s2w_66612_v2.png,gpt_comp_s2w_66612_v4.png,A > B,-1,2,0,no,2025-11-02T23:08:43.754128+00:00,T000484,66612::gpt_comp_s2w_66612_v2.png>>gpt_comp_s2w_66612_v4.png::T000484,,2680,1920,953
66612::gpt_comp_s2w_66612_v3.png||gpt_comp_s2w_66612_v4.png,66612,gpt_comp_s2w_66612_v3.png,gpt_comp_s2w_66612_v4.png,A > B,-1,2,0,no,2025-11-02T23:08:40.609625+00:00,T000485,66612::gpt_comp_s2w_66612_v3.png>>gpt_comp_s2w_66612_v4.png::T000485,,1270,1920,953
68018::gpt_comp_s2w_68018_v1.png||gpt_comp_s2w_68018_v2.png,68018,gpt_comp_s2w_68018_v1.png,gpt_comp_s2w_68018_v2.png,A >> B,-2,1,0,no,2025-11-02T23:09:22.705661+00:00,T000486,68018::gpt_comp_s2w_68018_v1.png>>gpt_comp_s2w_68018_v2.png::T000486,,5931,1920,953
68018::gpt_comp_s2w_68018_v1.png||gpt_comp_s2w_68018_v3.png,68018,gpt_comp_s2w_68018_v1.png,gpt_comp_s2w_68018_v3.png,A < B,1,3,0,no,2025-11-02T23:09:13.834148+00:00,T000487,68018::gpt_comp_s2w_68018_v1.png>>gpt_comp_s2w_68018_v3.png::T000487,,622,1920,953
68018::gpt_comp_s2w_68018_v1.png||gpt_comp_s2w_68018_v4.png,68018,gpt_comp_s2w_68018_v1.png,gpt_comp_s2w_68018_v4.png,A < B,1,3,0,no,2025-11-02T23:09:07.384812+00:00,T000488,68018::gpt_comp_s2w_68018_v1.png>>gpt_comp_s2w_68018_v4.png::T000488,,5451,1920,953
68018::gpt_comp_s2w_68018_v2.png||gpt_comp_s2w_68018_v3.png,68018,gpt_comp_s2w_68018_v2.png,gpt_comp_s2w_68018_v3.png,A < B,1,3,0,no,2025-11-02T23:09:10.349510+00:00,T000489,68018::gpt_comp_s2w_68018_v2.png>>gpt_comp_s2w_68018_v3.png::T000489,,1837,1920,953
68018::gpt_comp_s2w_68018_v2.png||gpt_comp_s2w_68018_v4.png,68018,gpt_comp_s2w_68018_v2.png,gpt_comp_s2w_68018_v4.png,A < B,1,3,0,no,2025-11-02T23:09:15.440713+00:00,T000490,68018::gpt_comp_s2w_68018_v2.png>>gpt_comp_s2w_68018_v4.png::T000490,,578,1920,953
68018::gpt_comp_s2w_68018_v3.png||gpt_comp_s2w_68018_v4.png,68018,gpt_comp_s2w_68018_v3.png,gpt_comp_s2w_68018_v4.png,A < B,1,3,0,no,2025-11-02T23:09:12.242910+00:00,T000491,68018::gpt_comp_s2w_68018_v3.png>>gpt_comp_s2w_68018_v4.png::T000491,,694,1920,953
68037::gemini_comp_s2w_68037_v1.png||gemini_comp_s2w_68037_v2.png,68037,gemini_comp_s2w_68037_v1.png,gemini_comp_s2w_68037_v2.png,A > B,-1,"3,2",1,no,2025-11-02T23:09:34.106705+00:00,T000492,68037::gemini_comp_s2w_68037_v1.png>>gemini_comp_s2w_68037_v2.png::T000492,,740,1920,953
68037::gemini_comp_s2w_68037_v1.png||gemini_comp_s2w_68037_v3.png,68037,gemini_comp_s2w_68037_v1.png,gemini_comp_s2w_68037_v3.png,A > B,-1,"3,2",1,no,2025-11-02T23:09:40.774246+00:00,T000493,68037::gemini_comp_s2w_68037_v1.png>>gemini_comp_s2w_68037_v3.png::T000493,,922,1920,953
68037::gemini_comp_s2w_68037_v1.png||gemini_comp_s2w_68037_v4.png,68037,gemini_comp_s2w_68037_v1.png,gemini_comp_s2w_68037_v4.png,A > B,-1,2,0,no,2025-11-02T23:09:43.392968+00:00,T000494,68037::gemini_comp_s2w_68037_v1.png>>gemini_comp_s2w_68037_v4.png::T000494,,1449,1920,953
68037::gemini_comp_s2w_68037_v2.png||gemini_comp_s2w_68037_v3.png,68037,gemini_comp_s2w_68037_v2.png,gemini_comp_s2w_68037_v3.png,A < B,1,3,0,no,2025-11-02T23:09:28.797582+00:00,T000495,68037::gemini_comp_s2w_68037_v2.png>>gemini_comp_s2w_68037_v3.png::T000495,,1109,1920,953
68037::gemini_comp_s2w_68037_v2.png||gemini_comp_s2w_68037_v4.png,68037,gemini_comp_s2w_68037_v2.png,gemini_comp_s2w_68037_v4.png,A < B,1,3,0,no,2025-11-02T23:09:26.629486+00:00,T000496,68037::gemini_comp_s2w_68037_v2.png>>gemini_comp_s2w_68037_v4.png::T000496,,2839,1920,953
68037::gemini_comp_s2w_68037_v3.png||gemini_comp_s2w_68037_v4.png,68037,gemini_comp_s2w_68037_v3.png,gemini_comp_s2w_68037_v4.png,A > B,-1,2,0,no,2025-11-02T23:09:35.966655+00:00,T000497,68037::gemini_comp_s2w_68037_v3.png>>gemini_comp_s2w_68037_v4.png::T000497,,872,1920,953
68136::gemini_comp_s2w_68136_v1.png||gemini_comp_s2w_68136_v2.png,68136,gemini_comp_s2w_68136_v1.png,gemini_comp_s2w_68136_v2.png,A < B,1,3,0,no,2025-11-02T23:09:59.018565+00:00,T000498,68136::gemini_comp_s2w_68136_v1.png>>gemini_comp_s2w_68136_v2.png::T000498,,513,1920,953
68136::gemini_comp_s2w_68136_v1.png||gemini_comp_s2w_68136_v3.png,68136,gemini_comp_s2w_68136_v1.png,gemini_comp_s2w_68136_v3.png,A >> B,-2,1,0,no,2025-11-02T23:09:54.809451+00:00,T000499,68136::gemini_comp_s2w_68136_v1.png>>gemini_comp_s2w_68136_v3.png::T000499,,949,1920,953
68136::gemini_comp_s2w_68136_v1.png||gemini_comp_s2w_68136_v4.png,68136,gemini_comp_s2w_68136_v1.png,gemini_comp_s2w_68136_v4.png,A << B,2,4,0,no,2025-11-02T23:09:53.144508+00:00,T000500,68136::gemini_comp_s2w_68136_v1.png>>gemini_comp_s2w_68136_v4.png::T000500,,478,1920,953
68136::gemini_comp_s2w_68136_v2.png||gemini_comp_s2w_68136_v3.png,68136,gemini_comp_s2w_68136_v2.png,gemini_comp_s2w_68136_v3.png,A < B,1,3,0,no,2025-11-02T23:09:51.627774+00:00,T000501,68136::gemini_comp_s2w_68136_v2.png>>gemini_comp_s2w_68136_v3.png::T000501,,2533,1920,953
68136::gemini_comp_s2w_68136_v2.png||gemini_comp_s2w_68136_v4.png,68136,gemini_comp_s2w_68136_v2.png,gemini_comp_s2w_68136_v4.png,A << B,2,4,0,no,2025-11-02T23:09:47.939098+00:00,T000502,68136::gemini_comp_s2w_68136_v2.png>>gemini_comp_s2w_68136_v4.png::T000502,,3716,1920,953
68136::gemini_comp_s2w_68136_v3.png||gemini_comp_s2w_68136_v4.png,68136,gemini_comp_s2w_68136_v3.png,gemini_comp_s2w_68136_v4.png,A > B,-1,2,0,no,2025-11-02T23:09:57.607383+00:00,T000503,68136::gemini_comp_s2w_68136_v3.png>>gemini_comp_s2w_68136_v4.png::T000503,,1689,1920,953
68809::gpt_comp_s2w_68809_v1.png||gpt_comp_s2w_68809_v2.png,68809,gpt_comp_s2w_68809_v1.png,gpt_comp_s2w_68809_v2.png,A >> B,-2,1,0,no,2025-11-02T23:10:07.360055+00:00,T000504,68809::gpt_comp_s2w_68809_v1.png>>gpt_comp_s2w_68809_v2.png::T000504,,985,1920,953
68809::gpt_comp_s2w_68809_v1.png||gpt_comp_s2w_68809_v3.png,68809,gpt_comp_s2w_68809_v1.png,gpt_comp_s2w_68809_v3.png,A > B,-1,2,0,no,2025-11-02T23:10:03.843468+00:00,T000505,68809::gpt_comp_s2w_68809_v1.png>>gpt_comp_s2w_68809_v3.png::T000505,,518,1920,953
68809::gpt_comp_s2w_68809_v1.png||gpt_comp_s2w_68809_v4.png,68809,gpt_comp_s2w_68809_v1.png,gpt_comp_s2w_68809_v4.png,A > B,-1,2,0,no,2025-11-02T23:10:08.448027+00:00,T000506,68809::gpt_comp_s2w_68809_v1.png>>gpt_comp_s2w_68809_v4.png::T000506,,347,1920,953
68809::gpt_comp_s2w_68809_v2.png||gpt_comp_s2w_68809_v3.png,68809,gpt_comp_s2w_68809_v2.png,gpt_comp_s2w_68809_v3.png,A << B,2,4,0,no,2025-11-02T23:10:00.796210+00:00,T000507,68809::gpt_comp_s2w_68809_v2.png>>gpt_comp_s2w_68809_v3.png::T000507,,634,1920,953
68809::gpt_comp_s2w_68809_v2.png||gpt_comp_s2w_68809_v4.png,68809,gpt_comp_s2w_68809_v2.png,gpt_comp_s2w_68809_v4.png,A < B,1,3,0,no,2025-11-02T23:10:05.527135+00:00,T000508,68809::gpt_comp_s2w_68809_v2.png>>gpt_comp_s2w_68809_v4.png::T000508,,621,1920,953
68809::gpt_comp_s2w_68809_v3.png||gpt_comp_s2w_68809_v4.png,68809,gpt_comp_s2w_68809_v3.png,gpt_comp_s2w_68809_v4.png,A < B,1,3,0,no,2025-11-02T23:10:02.235341+00:00,T000509,68809::gpt_comp_s2w_68809_v3.png>>gpt_comp_s2w_68809_v4.png::T000509,,631,1920,953
70410::gemini_comp_s2w_70410_v1.png||gemini_comp_s2w_70410_v2.png,70410,gemini_comp_s2w_70410_v1.png,gemini_comp_s2w_70410_v2.png,A < B,1,3,0,no,2025-11-02T23:10:09.614989+00:00,T000510,70410::gemini_comp_s2w_70410_v1.png>>gemini_comp_s2w_70410_v2.png::T000510,,520,1920,953
70410::gemini_comp_s2w_70410_v1.png||gemini_comp_s2w_70410_v3.png,70410,gemini_comp_s2w_70410_v1.png,gemini_comp_s2w_70410_v3.png,A < B,1,3,0,no,2025-11-02T23:10:13.408154+00:00,T000511,70410::gemini_comp_s2w_70410_v1.png>>gemini_comp_s2w_70410_v3.png::T000511,,1511,1920,953
70410::gemini_comp_s2w_70410_v1.png||gemini_comp_s2w_70410_v4.png,70410,gemini_comp_s2w_70410_v1.png,gemini_comp_s2w_70410_v4.png,A > B,-1,2,0,no,2025-11-02T23:10:11.166732+00:00,T000512,70410::gemini_comp_s2w_70410_v1.png>>gemini_comp_s2w_70410_v4.png::T000512,,1023,1920,953
70410::gemini_comp_s2w_70410_v2.png||gemini_comp_s2w_70410_v3.png,70410,gemini_comp_s2w_70410_v2.png,gemini_comp_s2w_70410_v3.png,A > B,-1,2,0,no,2025-11-02T23:10:17.592569+00:00,T000513,70410::gemini_comp_s2w_70410_v2.png>>gemini_comp_s2w_70410_v3.png::T000513,,509,1920,953
70410::gemini_comp_s2w_70410_v2.png||gemini_comp_s2w_70410_v4.png,70410,gemini_comp_s2w_70410_v2.png,gemini_comp_s2w_70410_v4.png,A < B,1,3,0,no,2025-11-02T23:10:16.178710+00:00,T000514,70410::gemini_comp_s2w_70410_v2.png>>gemini_comp_s2w_70410_v4.png::T000514,,590,1920,953
70410::gemini_comp_s2w_70410_v3.png||gemini_comp_s2w_70410_v4.png,70410,gemini_comp_s2w_70410_v3.png,gemini_comp_s2w_70410_v4.png,A > B,-1,2,0,no,2025-11-02T23:10:14.990552+00:00,T000515,70410::gemini_comp_s2w_70410_v3.png>>gemini_comp_s2w_70410_v4.png::T000515,,870,1920,953
70484::gpt_comp_s2w_70484_v1.png||gpt_comp_s2w_70484_v2.png,70484,gpt_comp_s2w_70484_v1.png,gpt_comp_s2w_70484_v2.png,A > B,-1,2,0,no,2025-11-02T23:10:22.880454+00:00,T000516,70484::gpt_comp_s2w_70484_v1.png>>gpt_comp_s2w_70484_v2.png::T000516,,476,1920,953
70484::gpt_comp_s2w_70484_v1.png||gpt_comp_s2w_70484_v3.png,70484,gpt_comp_s2w_70484_v1.png,gpt_comp_s2w_70484_v3.png,A < B,1,3,0,no,2025-11-02T23:10:18.900405+00:00,T000517,70484::gpt_comp_s2w_70484_v1.png>>gpt_comp_s2w_70484_v3.png::T000517,,688,1920,953
70484::gpt_comp_s2w_70484_v1.png||gpt_comp_s2w_70484_v4.png,70484,gpt_comp_s2w_70484_v1.png,gpt_comp_s2w_70484_v4.png,A < B,1,3,0,no,2025-11-02T23:10:21.469225+00:00,T000518,70484::gpt_comp_s2w_70484_v1.png>>gpt_comp_s2w_70484_v4.png::T000518,,621,1920,953
70484::gpt_comp_s2w_70484_v2.png||gpt_comp_s2w_70484_v3.png,70484,gpt_comp_s2w_70484_v2.png,gpt_comp_s2w_70484_v3.png,A > B,-1,2,0,no,2025-11-02T23:10:25.934221+00:00,T000519,70484::gpt_comp_s2w_70484_v2.png>>gpt_comp_s2w_70484_v3.png::T000519,,591,1920,953
70484::gpt_comp_s2w_70484_v2.png||gpt_comp_s2w_70484_v4.png,70484,gpt_comp_s2w_70484_v2.png,gpt_comp_s2w_70484_v4.png,A < B,1,3,0,no,2025-11-02T23:10:24.347196+00:00,T000520,70484::gpt_comp_s2w_70484_v2.png>>gpt_comp_s2w_70484_v4.png::T000520,,425,1920,953
70484::gpt_comp_s2w_70484_v3.png||gpt_comp_s2w_70484_v4.png,70484,gpt_comp_s2w_70484_v3.png,gpt_comp_s2w_70484_v4.png,A > B,-1,2,0,no,2025-11-02T23:10:20.256005+00:00,T000521,70484::gpt_comp_s2w_70484_v3.png>>gpt_comp_s2w_70484_v4.png::T000521,,479,1920,953
71030::gemini_comp_s2w_71030_v1.png||gemini_comp_s2w_71030_v2.png,71030,gemini_comp_s2w_71030_v1.png,gemini_comp_s2w_71030_v2.png,A < B,1,3,0,no,2025-11-02T23:10:31.115747+00:00,T000522,71030::gemini_comp_s2w_71030_v1.png>>gemini_comp_s2w_71030_v2.png::T000522,,2425,1920,953
71030::gemini_comp_s2w_71030_v1.png||gemini_comp_s2w_71030_v3.png,71030,gemini_comp_s2w_71030_v1.png,gemini_comp_s2w_71030_v3.png,A < B,1,3,0,no,2025-11-02T23:10:35.389184+00:00,T000523,71030::gemini_comp_s2w_71030_v1.png>>gemini_comp_s2w_71030_v3.png::T000523,,3467,1920,953
71030::gemini_comp_s2w_71030_v1.png||gemini_comp_s2w_71030_v4.png,71030,gemini_comp_s2w_71030_v1.png,gemini_comp_s2w_71030_v4.png,A < B,1,3,0,no,2025-11-02T23:11:04.299668+00:00,T000524,71030::gemini_comp_s2w_71030_v1.png>>gemini_comp_s2w_71030_v4.png::T000524,,3182,1920,953
71030::gemini_comp_s2w_71030_v2.png||gemini_comp_s2w_71030_v3.png,71030,gemini_comp_s2w_71030_v2.png,gemini_comp_s2w_71030_v3.png,A > B,-1,2,0,no,2025-11-02T23:10:57.512722+00:00,T000525,71030::gemini_comp_s2w_71030_v2.png>>gemini_comp_s2w_71030_v3.png::T000525,,8119,1920,953
71030::gemini_comp_s2w_71030_v2.png||gemini_comp_s2w_71030_v4.png,71030,gemini_comp_s2w_71030_v2.png,gemini_comp_s2w_71030_v4.png,A << B,2,4,0,no,2025-11-02T23:10:27.343407+00:00,T000526,71030::gemini_comp_s2w_71030_v2.png>>gemini_comp_s2w_71030_v4.png::T000526,,458,1920,953
71030::gemini_comp_s2w_71030_v3.png||gemini_comp_s2w_71030_v4.png,71030,gemini_comp_s2w_71030_v3.png,gemini_comp_s2w_71030_v4.png,A > B,-1,2,0,no,2025-11-02T23:11:00.124979+00:00,T000527,71030::gemini_comp_s2w_71030_v3.png>>gemini_comp_s2w_71030_v4.png::T000527,,1518,1920,953
71261::gemini_comp_s2w_71261_v1.png||gemini_comp_s2w_71261_v2.png,71261,gemini_comp_s2w_71261_v1.png,gemini_comp_s2w_71261_v2.png,A < B,1,3,0,no,2025-11-02T23:11:23.283361+00:00,T000528,71261::gemini_comp_s2w_71261_v1.png>>gemini_comp_s2w_71261_v2.png::T000528,,1331,1920,953
71261::gemini_comp_s2w_71261_v1.png||gemini_comp_s2w_71261_v3.png,71261,gemini_comp_s2w_71261_v1.png,gemini_comp_s2w_71261_v3.png,A > B,-1,2,0,no,2025-11-02T23:11:13.893428+00:00,T000529,71261::gemini_comp_s2w_71261_v1.png>>gemini_comp_s2w_71261_v3.png::T000529,,1838,1920,953
71261::gemini_comp_s2w_71261_v1.png||gemini_comp_s2w_71261_v4.png,71261,gemini_comp_s2w_71261_v1.png,gemini_comp_s2w_71261_v4.png,A > B,-1,2,0,no,2025-11-02T23:11:18.758453+00:00,T000530,71261::gemini_comp_s2w_71261_v1.png>>gemini_comp_s2w_71261_v4.png::T000530,,1745,1920,953
71261::gemini_comp_s2w_71261_v2.png||gemini_comp_s2w_71261_v3.png,71261,gemini_comp_s2w_71261_v2.png,gemini_comp_s2w_71261_v3.png,A > B,-1,"3,2",1,no,2025-11-02T23:11:10.970901+00:00,T000531,71261::gemini_comp_s2w_71261_v2.png>>gemini_comp_s2w_71261_v3.png::T000531,,587,1920,953
71261::gemini_comp_s2w_71261_v2.png||gemini_comp_s2w_71261_v4.png,71261,gemini_comp_s2w_71261_v2.png,gemini_comp_s2w_71261_v4.png,A > B,-1,2,0,no,2025-11-02T23:11:16.075521+00:00,T000532,71261::gemini_comp_s2w_71261_v2.png>>gemini_comp_s2w_71261_v4.png::T000532,,1170,1920,953
71261::gemini_comp_s2w_71261_v3.png||gemini_comp_s2w_71261_v4.png,71261,gemini_comp_s2w_71261_v3.png,gemini_comp_s2w_71261_v4.png,A < B,1,3,0,no,2025-11-02T23:11:21.189568+00:00,T000533,71261::gemini_comp_s2w_71261_v3.png>>gemini_comp_s2w_71261_v4.png::T000533,,1164,1920,953
71464::gemini_comp_s2w_71464_v1.png||gemini_comp_s2w_71464_v2.png,71464,gemini_comp_s2w_71464_v1.png,gemini_comp_s2w_71464_v2.png,A < B,1,3,0,no,2025-11-02T23:11:44.964317+00:00,T000534,71464::gemini_comp_s2w_71464_v1.png>>gemini_comp_s2w_71464_v2.png::T000534,,578,1920,953
71464::gemini_comp_s2w_71464_v1.png||gemini_comp_s2w_71464_v3.png,71464,gemini_comp_s2w_71464_v1.png,gemini_comp_s2w_71464_v3.png,A < B,1,3,0,no,2025-11-02T23:11:31.432086+00:00,T000535,71464::gemini_comp_s2w_71464_v1.png>>gemini_comp_s2w_71464_v3.png::T000535,,792,1920,953
71464::gemini_comp_s2w_71464_v1.png||gemini_comp_s2w_71464_v4.png,71464,gemini_comp_s2w_71464_v1.png,gemini_comp_s2w_71464_v4.png,A > B,-1,2,0,no,2025-11-02T23:11:46.669025+00:00,T000536,71464::gemini_comp_s2w_71464_v1.png>>gemini_comp_s2w_71464_v4.png::T000536,,766,1920,953
71464::gemini_comp_s2w_71464_v2.png||gemini_comp_s2w_71464_v3.png,71464,gemini_comp_s2w_71464_v2.png,gemini_comp_s2w_71464_v3.png,A << B,2,4,0,no,2025-11-02T23:11:24.728072+00:00,T000537,71464::gemini_comp_s2w_71464_v2.png>>gemini_comp_s2w_71464_v3.png::T000537,,644,1920,953
71464::gemini_comp_s2w_71464_v2.png||gemini_comp_s2w_71464_v4.png,71464,gemini_comp_s2w_71464_v2.png,gemini_comp_s2w_71464_v4.png,A > B,-1,2,0,no,2025-11-02T23:11:29.646243+00:00,T000538,71464::gemini_comp_s2w_71464_v2.png>>gemini_comp_s2w_71464_v4.png::T000538,,1808,1920,953
71464::gemini_comp_s2w_71464_v3.png||gemini_comp_s2w_71464_v4.png,71464,gemini_comp_s2w_71464_v3.png,gemini_comp_s2w_71464_v4.png,A < B,1,"2,3",1,no,2025-11-02T23:11:43.081690+00:00,T000539,71464::gemini_comp_s2w_71464_v3.png>>gemini_comp_s2w_71464_v4.png::T000539,,539,1920,953
71507::gemini_comp_s2w_71507_v1.png||gemini_comp_s2w_71507_v2.png,71507,gemini_comp_s2w_71507_v1.png,gemini_comp_s2w_71507_v2.png,A > B,-1,2,0,no,2025-11-02T23:11:56.205467+00:00,T000540,71507::gemini_comp_s2w_71507_v1.png>>gemini_comp_s2w_71507_v2.png::T000540,,993,1920,953
71507::gemini_comp_s2w_71507_v1.png||gemini_comp_s2w_71507_v3.png,71507,gemini_comp_s2w_71507_v1.png,gemini_comp_s2w_71507_v3.png,A < B,1,3,0,no,2025-11-02T23:11:48.461189+00:00,T000541,71507::gemini_comp_s2w_71507_v1.png>>gemini_comp_s2w_71507_v3.png::T000541,,605,1920,953
71507::gemini_comp_s2w_71507_v1.png||gemini_comp_s2w_71507_v4.png,71507,gemini_comp_s2w_71507_v1.png,gemini_comp_s2w_71507_v4.png,A << B,2,4,0,no,2025-11-02T23:11:52.720169+00:00,T000542,71507::gemini_comp_s2w_71507_v1.png>>gemini_comp_s2w_71507_v4.png::T000542,,754,1920,953
71507::gemini_comp_s2w_71507_v2.png||gemini_comp_s2w_71507_v3.png,71507,gemini_comp_s2w_71507_v2.png,gemini_comp_s2w_71507_v3.png,A > B,-1,2,0,no,2025-11-02T23:11:50.737939+00:00,T000543,71507::gemini_comp_s2w_71507_v2.png>>gemini_comp_s2w_71507_v3.png::T000543,,1060,1920,953
71507::gemini_comp_s2w_71507_v2.png||gemini_comp_s2w_71507_v4.png,71507,gemini_comp_s2w_71507_v2.png,gemini_comp_s2w_71507_v4.png,A < B,1,3,0,no,2025-11-02T23:11:58.253036+00:00,T000544,71507::gemini_comp_s2w_71507_v2.png>>gemini_comp_s2w_71507_v4.png::T000544,,585,1920,953
71507::gemini_comp_s2w_71507_v3.png||gemini_comp_s2w_71507_v4.png,71507,gemini_comp_s2w_71507_v3.png,gemini_comp_s2w_71507_v4.png,A < B,1,3,0,no,2025-11-02T23:11:54.510052+00:00,T000545,71507::gemini_comp_s2w_71507_v3.png>>gemini_comp_s2w_71507_v4.png::T000545,,544,1920,953
72157::gemini_comp_s2w_72157_v1.png||gemini_comp_s2w_72157_v2.png,72157,gemini_comp_s2w_72157_v1.png,gemini_comp_s2w_72157_v2.png,A < B,1,3,0,no,2025-11-02T23:12:09.925493+00:00,T000546,72157::gemini_comp_s2w_72157_v1.png>>gemini_comp_s2w_72157_v2.png::T000546,,2350,1920,953
72157::gemini_comp_s2w_72157_v1.png||gemini_comp_s2w_72157_v3.png,72157,gemini_comp_s2w_72157_v1.png,gemini_comp_s2w_72157_v3.png,A > B,-1,2,0,no,2025-11-02T23:12:15.938881+00:00,T000547,72157::gemini_comp_s2w_72157_v1.png>>gemini_comp_s2w_72157_v3.png::T000547,,1932,1920,953
72157::gemini_comp_s2w_72157_v1.png||gemini_comp_s2w_72157_v4.png,72157,gemini_comp_s2w_72157_v1.png,gemini_comp_s2w_72157_v4.png,A > B,-1,2,0,no,2025-11-02T23:12:06.335541+00:00,T000548,72157::gemini_comp_s2w_72157_v1.png>>gemini_comp_s2w_72157_v4.png::T000548,,1491,1920,953
72157::gemini_comp_s2w_72157_v2.png||gemini_comp_s2w_72157_v3.png,72157,gemini_comp_s2w_72157_v2.png,gemini_comp_s2w_72157_v3.png,A > B,-1,2,0,no,2025-11-02T23:12:12.873785+00:00,T000549,72157::gemini_comp_s2w_72157_v2.png>>gemini_comp_s2w_72157_v3.png::T000549,,1373,1920,953
72157::gemini_comp_s2w_72157_v2.png||gemini_comp_s2w_72157_v4.png,72157,gemini_comp_s2w_72157_v2.png,gemini_comp_s2w_72157_v4.png,A < B,1,3,0,no,2025-11-02T23:12:20.349828+00:00,T000550,72157::gemini_comp_s2w_72157_v2.png>>gemini_comp_s2w_72157_v4.png::T000550,,3241,1920,953
72157::gemini_comp_s2w_72157_v3.png||gemini_comp_s2w_72157_v4.png,72157,gemini_comp_s2w_72157_v3.png,gemini_comp_s2w_72157_v4.png,A > B,-1,"2,2",0,no,2025-11-02T23:12:03.066904+00:00,T000551,72157::gemini_comp_s2w_72157_v3.png>>gemini_comp_s2w_72157_v4.png::T000551,,82,1920,953
7606::gemini_comp_s2w_7606_v1.png||gemini_comp_s2w_7606_v2.png,7606,gemini_comp_s2w_7606_v1.png,gemini_comp_s2w_7606_v2.png,A > B,-1,2,0,no,2025-11-02T23:12:25.571426+00:00,T000552,7606::gemini_comp_s2w_7606_v1.png>>gemini_comp_s2w_7606_v2.png::T000552,,3967,1920,953
7606::gemini_comp_s2w_7606_v1.png||gemini_comp_s2w_7606_v3.png,7606,gemini_comp_s2w_7606_v1.png,gemini_comp_s2w_7606_v3.png,A << B,2,4,0,no,2025-11-02T23:12:37.092866+00:00,T000553,7606::gemini_comp_s2w_7606_v1.png>>gemini_comp_s2w_7606_v3.png::T000553,,693,1920,953
7606::gemini_comp_s2w_7606_v1.png||gemini_comp_s2w_7606_v4.png,7606,gemini_comp_s2w_7606_v1.png,gemini_comp_s2w_7606_v4.png,A < B,1,3,0,no,2025-11-02T23:12:35.408799+00:00,T000554,7606::gemini_comp_s2w_7606_v1.png>>gemini_comp_s2w_7606_v4.png::T000554,,941,1920,953
7606::gemini_comp_s2w_7606_v2.png||gemini_comp_s2w_7606_v3.png,7606,gemini_comp_s2w_7606_v2.png,gemini_comp_s2w_7606_v3.png,A < B,1,3,0,no,2025-11-02T23:12:33.395247+00:00,T000555,7606::gemini_comp_s2w_7606_v2.png>>gemini_comp_s2w_7606_v3.png::T000555,,1460,1920,953
7606::gemini_comp_s2w_7606_v2.png||gemini_comp_s2w_7606_v4.png,7606,gemini_comp_s2w_7606_v2.png,gemini_comp_s2w_7606_v4.png,A > B,-1,2,0,no,2025-11-02T23:12:30.821416+00:00,T000556,7606::gemini_comp_s2w_7606_v2.png>>gemini_comp_s2w_7606_v4.png::T000556,,939,1920,953
7606::gemini_comp_s2w_7606_v3.png||gemini_comp_s2w_7606_v4.png,7606,gemini_comp_s2w_7606_v3.png,gemini_comp_s2w_7606_v4.png,A < B,1,3,0,no,2025-11-02T23:12:28.816553+00:00,T000557,7606::gemini_comp_s2w_7606_v3.png>>gemini_comp_s2w_7606_v4.png::T000557,,2177,1920,953
8365::gpt_comp_s2w_8365_v1.png||gpt_comp_s2w_8365_v2.png,8365,gpt_comp_s2w_8365_v1.png,gpt_comp_s2w_8365_v2.png,A > B,-1,2,0,no,2025-11-02T23:12:51.801379+00:00,T000558,8365::gpt_comp_s2w_8365_v1.png>>gpt_comp_s2w_8365_v2.png::T000558,,1224,1920,953
8365::gpt_comp_s2w_8365_v1.png||gpt_comp_s2w_8365_v3.png,8365,gpt_comp_s2w_8365_v1.png,gpt_comp_s2w_8365_v3.png,A < B,1,3,0,no,2025-11-02T23:12:53.850235+00:00,T000559,8365::gpt_comp_s2w_8365_v1.png>>gpt_comp_s2w_8365_v3.png::T000559,,794,1920,953
8365::gpt_comp_s2w_8365_v1.png||gpt_comp_s2w_8365_v4.png,8365,gpt_comp_s2w_8365_v1.png,gpt_comp_s2w_8365_v4.png,A > B,-1,2,0,no,2025-11-02T23:12:39.340001+00:00,T000560,8365::gpt_comp_s2w_8365_v1.png>>gpt_comp_s2w_8365_v4.png::T000560,,1351,1920,953
8365::gpt_comp_s2w_8365_v2.png||gpt_comp_s2w_8365_v3.png,8365,gpt_comp_s2w_8365_v2.png,gpt_comp_s2w_8365_v3.png,A > B,-1,2,0,no,2025-11-02T23:12:55.605748+00:00,T000561,8365::gpt_comp_s2w_8365_v2.png>>gpt_comp_s2w_8365_v3.png::T000561,,675,1920,953
8365::gpt_comp_s2w_8365_v2.png||gpt_comp_s2w_8365_v4.png,8365,gpt_comp_s2w_8365_v2.png,gpt_comp_s2w_8365_v4.png,A > B,-1,2,0,no,2025-11-02T23:12:47.058669+00:00,T000562,8365::gpt_comp_s2w_8365_v2.png>>gpt_comp_s2w_8365_v4.png::T000562,,6623,1920,953
8365::gpt_comp_s2w_8365_v3.png||gpt_comp_s2w_8365_v4.png,8365,gpt_comp_s2w_8365_v3.png,gpt_comp_s2w_8365_v4.png,A > B,-1,2,0,no,2025-11-02T23:12:49.477472+00:00,T000563,8365::gpt_comp_s2w_8365_v3.png>>gpt_comp_s2w_8365_v4.png::T000563,,1332,1920,953
8548::gemini_comp_s2w_8548_v1.png||gemini_comp_s2w_8548_v2.png,8548,gemini_comp_s2w_8548_v1.png,gemini_comp_s2w_8548_v2.png,A < B,1,3,0,no,2025-11-02T23:13:09.459277+00:00,T000564,8548::gemini_comp_s2w_8548_v1.png>>gemini_comp_s2w_8548_v2.png::T000564,,637,1920,953
8548::gemini_comp_s2w_8548_v1.png||gemini_comp_s2w_8548_v3.png,8548,gemini_comp_s2w_8548_v1.png,gemini_comp_s2w_8548_v3.png,A > B,-1,2,0,no,2025-11-02T23:13:01.157523+00:00,T000565,8548::gemini_comp_s2w_8548_v1.png>>gemini_comp_s2w_8548_v3.png::T000565,,1909,1920,953
8548::gemini_comp_s2w_8548_v1.png||gemini_comp_s2w_8548_v4.png,8548,gemini_comp_s2w_8548_v1.png,gemini_comp_s2w_8548_v4.png,A << B,2,4,0,no,2025-11-02T23:12:57.818316+00:00,T000566,8548::gemini_comp_s2w_8548_v1.png>>gemini_comp_s2w_8548_v4.png::T000566,,1106,1920,953
8548::gemini_comp_s2w_8548_v2.png||gemini_comp_s2w_8548_v3.png,8548,gemini_comp_s2w_8548_v2.png,gemini_comp_s2w_8548_v3.png,A < B,1,3,0,no,2025-11-02T23:13:03.730301+00:00,T000567,8548::gemini_comp_s2w_8548_v2.png>>gemini_comp_s2w_8548_v3.png::T000567,,1203,1920,953
8548::gemini_comp_s2w_8548_v2.png||gemini_comp_s2w_8548_v4.png,8548,gemini_comp_s2w_8548_v2.png,gemini_comp_s2w_8548_v4.png,A > B,-1,2,0,no,2025-11-02T23:13:06.281224+00:00,T000568,8548::gemini_comp_s2w_8548_v2.png>>gemini_comp_s2w_8548_v4.png::T000568,,1218,1920,953
8548::gemini_comp_s2w_8548_v3.png||gemini_comp_s2w_8548_v4.png,8548,gemini_comp_s2w_8548_v3.png,gemini_comp_s2w_8548_v4.png,A > B,-1,2,0,no,2025-11-02T23:13:07.878028+00:00,T000569,8548::gemini_comp_s2w_8548_v3.png>>gemini_comp_s2w_8548_v4.png::T000569,,579,1920,953
9244::gemini_comp_s2w_9244_v1.png||gemini_comp_s2w_9244_v2.png,9244,gemini_comp_s2w_9244_v1.png,gemini_comp_s2w_9244_v2.png,A < B,1,3,0,no,2025-11-02T23:13:25.287984+00:00,T000570,9244::gemini_comp_s2w_9244_v1.png>>gemini_comp_s2w_9244_v2.png::T000570,,1068,1920,953
9244::gemini_comp_s2w_9244_v1.png||gemini_comp_s2w_9244_v3.png,9244,gemini_comp_s2w_9244_v1.png,gemini_comp_s2w_9244_v3.png,A < B,1,3,0,no,2025-11-02T23:13:12.433094+00:00,T000571,9244::gemini_comp_s2w_9244_v1.png>>gemini_comp_s2w_9244_v3.png::T000571,,1931,1920,953
9244::gemini_comp_s2w_9244_v1.png||gemini_comp_s2w_9244_v4.png,9244,gemini_comp_s2w_9244_v1.png,gemini_comp_s2w_9244_v4.png,A < B,1,3,0,no,2025-11-02T23:13:18.677114+00:00,T000572,9244::gemini_comp_s2w_9244_v1.png>>gemini_comp_s2w_9244_v4.png::T000572,,1788,1920,953
9244::gemini_comp_s2w_9244_v2.png||gemini_comp_s2w_9244_v3.png,9244,gemini_comp_s2w_9244_v2.png,gemini_comp_s2w_9244_v3.png,A > B,-1,2,0,no,2025-11-02T23:13:20.856129+00:00,T000573,9244::gemini_comp_s2w_9244_v2.png>>gemini_comp_s2w_9244_v3.png::T000573,,1203,1920,953
9244::gemini_comp_s2w_9244_v2.png||gemini_comp_s2w_9244_v4.png,9244,gemini_comp_s2w_9244_v2.png,gemini_comp_s2w_9244_v4.png,A < B,1,3,0,no,2025-11-02T23:13:15.771458+00:00,T000574,9244::gemini_comp_s2w_9244_v2.png>>gemini_comp_s2w_9244_v4.png::T000574,,2010,1920,953
9244::gemini_comp_s2w_9244_v3.png||gemini_comp_s2w_9244_v4.png,9244,gemini_comp_s2w_9244_v3.png,gemini_comp_s2w_9244_v4.png,A < B,1,3,0,no,2025-11-02T23:13:23.140189+00:00,T000575,9244::gemini_comp_s2w_9244_v3.png>>gemini_comp_s2w_9244_v4.png::T000575,,1166,1920,953
9249::gpt_comp_s2w_9249_v1.png||gpt_comp_s2w_9249_v2.png,9249,gpt_comp_s2w_9249_v1.png,gpt_comp_s2w_9249_v2.png,A > B,-1,"3,2",1,no,2025-11-02T23:13:35.973838+00:00,T000576,9249::gpt_comp_s2w_9249_v1.png>>gpt_comp_s2w_9249_v2.png::T000576,,546,1920,953
9249::gpt_comp_s2w_9249_v1.png||gpt_comp_s2w_9249_v3.png,9249,gpt_comp_s2w_9249_v1.png,gpt_comp_s2w_9249_v3.png,A > B,-1,2,0,no,2025-11-02T23:13:33.354976+00:00,T000577,9249::gpt_comp_s2w_9249_v1.png>>gpt_comp_s2w_9249_v3.png::T000577,,1198,1920,953
9249::gpt_comp_s2w_9249_v1.png||gpt_comp_s2w_9249_v4.png,9249,gpt_comp_s2w_9249_v1.png,gpt_comp_s2w_9249_v4.png,A > B,-1,2,0,no,2025-11-02T23:13:38.038480+00:00,T000578,9249::gpt_comp_s2w_9249_v1.png>>gpt_comp_s2w_9249_v4.png::T000578,,1005,1920,953
9249::gpt_comp_s2w_9249_v2.png||gpt_comp_s2w_9249_v3.png,9249,gpt_comp_s2w_9249_v2.png,gpt_comp_s2w_9249_v3.png,A > B,-1,2,0,no,2025-11-02T23:13:40.739192+00:00,T000579,9249::gpt_comp_s2w_9249_v2.png>>gpt_comp_s2w_9249_v3.png::T000579,,1641,1920,953
9249::gpt_comp_s2w_9249_v2.png||gpt_comp_s2w_9249_v4.png,9249,gpt_comp_s2w_9249_v2.png,gpt_comp_s2w_9249_v4.png,A > B,-1,2,0,no,2025-11-02T23:13:28.133766+00:00,T000580,9249::gpt_comp_s2w_9249_v2.png>>gpt_comp_s2w_9249_v4.png::T000580,,1939,1920,953
9249::gpt_comp_s2w_9249_v3.png||gpt_comp_s2w_9249_v4.png,9249,gpt_comp_s2w_9249_v3.png,gpt_comp_s2w_9249_v4.png,A > B,-1,2,0,no,2025-11-02T23:13:31.062199+00:00,T000581,9249::gpt_comp_s2w_9249_v3.png>>gpt_comp_s2w_9249_v4.png::T000581,,1846,1920,953
9347::gpt_comp_s2w_9347_v1.png||gpt_comp_s2w_9347_v2.png,9347,gpt_comp_s2w_9347_v1.png,gpt_comp_s2w_9347_v2.png,A < B,1,3,0,no,2025-11-02T23:13:53.691043+00:00,T000582,9347::gpt_comp_s2w_9347_v1.png>>gpt_comp_s2w_9347_v2.png::T000582,,10033,1920,953
9347::gpt_comp_s2w_9347_v1.png||gpt_comp_s2w_9347_v3.png,9347,gpt_comp_s2w_9347_v1.png,gpt_comp_s2w_9347_v3.png,A < B,1,3,0,no,2025-11-02T23:14:03.638590+00:00,T000583,9347::gpt_comp_s2w_9347_v1.png>>gpt_comp_s2w_9347_v3.png::T000583,,3578,1920,953
9347::gpt_comp_s2w_9347_v1.png||gpt_comp_s2w_9347_v4.png,9347,gpt_comp_s2w_9347_v1.png,gpt_comp_s2w_9347_v4.png,A < B,1,"3,3",0,no,2025-11-02T23:13:58.352748+00:00,T000584,9347::gpt_comp_s2w_9347_v1.png>>gpt_comp_s2w_9347_v4.png::T000584,,1207,1920,953
9347::gpt_comp_s2w_9347_v2.png||gpt_comp_s2w_9347_v3.png,9347,gpt_comp_s2w_9347_v2.png,gpt_comp_s2w_9347_v3.png,A > B,-1,"4,2",1,no,2025-11-02T23:14:19.005295+00:00,T000585,9347::gpt_comp_s2w_9347_v2.png>>gpt_comp_s2w_9347_v3.png::T000585,,1204,1920,953
9347::gpt_comp_s2w_9347_v2.png||gpt_comp_s2w_9347_v4.png,9347,gpt_comp_s2w_9347_v2.png,gpt_comp_s2w_9347_v4.png,A < B,1,3,0,no,2025-11-02T23:14:13.799875+00:00,T000586,9347::gpt_comp_s2w_9347_v2.png>>gpt_comp_s2w_9347_v4.png::T000586,,702,1920,953
9347::gpt_comp_s2w_9347_v3.png||gpt_comp_s2w_9347_v4.png,9347,gpt_comp_s2w_9347_v3.png,gpt_comp_s2w_9347_v4.png,A > B,-1,2,0,no,2025-11-02T23:14:08.649933+00:00,T000587,9347::gpt_comp_s2w_9347_v3.png>>gpt_comp_s2w_9347_v4.png::T000587,,1613,1920,953
9640::gpt_comp_s2w_9640_v1.png||gpt_comp_s2w_9640_v2.png,9640,gpt_comp_s2w_9640_v1.png,gpt_comp_s2w_9640_v2.png,A < B,1,3,0,no,2025-11-02T23:14:33.559876+00:00,T000588,9640::gpt_comp_s2w_9640_v1.png>>gpt_comp_s2w_9640_v2.png::T000588,,1661,1920,953
9640::gpt_comp_s2w_9640_v1.png||gpt_comp_s2w_9640_v3.png,9640,gpt_comp_s2w_9640_v1.png,gpt_comp_s2w_9640_v3.png,A > B,-1,2,0,no,2025-11-02T23:14:22.137775+00:00,T000589,9640::gpt_comp_s2w_9640_v1.png>>gpt_comp_s2w_9640_v3.png::T000589,,2073,1920,953
9640::gpt_comp_s2w_9640_v1.png||gpt_comp_s2w_9640_v4.png,9640,gpt_comp_s2w_9640_v1.png,gpt_comp_s2w_9640_v4.png,A < B,1,3,0,no,2025-11-02T23:14:30.656702+00:00,T000590,9640::gpt_comp_s2w_9640_v1.png>>gpt_comp_s2w_9640_v4.png::T000590,,3617,1920,953
9640::gpt_comp_s2w_9640_v2.png||gpt_comp_s2w_9640_v3.png,9640,gpt_comp_s2w_9640_v2.png,gpt_comp_s2w_9640_v3.png,A > B,-1,2,0,no,2025-11-02T23:14:25.258343+00:00,T000591,9640::gpt_comp_s2w_9640_v2.png>>gpt_comp_s2w_9640_v3.png::T000591,,1948,1920,953
9640::gpt_comp_s2w_9640_v2.png||gpt_comp_s2w_9640_v4.png,9640,gpt_comp_s2w_9640_v2.png,gpt_comp_s2w_9640_v4.png,A < B,1,3,0,no,2025-11-02T23:14:36.253634+00:00,T000592,9640::gpt_comp_s2w_9640_v2.png>>gpt_comp_s2w_9640_v4.png::T000592,,1185,1920,953
9640::gpt_comp_s2w_9640_v3.png||gpt_comp_s2w_9640_v4.png,9640,gpt_comp_s2w_9640_v3.png,gpt_comp_s2w_9640_v4.png,A < B,1,3,0,no,2025-11-02T23:14:38.410167+00:00,T000593,9640::gpt_comp_s2w_9640_v3.png>>gpt_comp_s2w_9640_v4.png::T000593,,1080,1920,953
9791::gpt_comp_s2w_9791_v1.png||gpt_comp_s2w_9791_v2.png,9791,gpt_comp_s2w_9791_v1.png,gpt_comp_s2w_9791_v2.png,A > B,-1,2,0,no,2025-11-02T23:14:57.566174+00:00,T000594,9791::gpt_comp_s2w_9791_v1.png>>gpt_comp_s2w_9791_v2.png::T000594,,2122,1920,953
9791::gpt_comp_s2w_9791_v1.png||gpt_comp_s2w_9791_v3.png,9791,gpt_comp_s2w_9791_v1.png,gpt_comp_s2w_9791_v3.png,A < B,1,3,0,no,2025-11-02T23:14:45.657194+00:00,T000595,9791::gpt_comp_s2w_9791_v1.png>>gpt_comp_s2w_9791_v3.png::T000595,,1931,1920,953
9791::gpt_comp_s2w_9791_v1.png||gpt_comp_s2w_9791_v4.png,9791,gpt_comp_s2w_9791_v1.png,gpt_comp_s2w_9791_v4.png,A < B,1,3,0,no,2025-11-02T23:14:41.476903+00:00,T000596,9791::gpt_comp_s2w_9791_v1.png>>gpt_comp_s2w_9791_v4.png::T000596,,1638,1920,953
9791::gpt_comp_s2w_9791_v2.png||gpt_comp_s2w_9791_v3.png,9791,gpt_comp_s2w_9791_v2.png,gpt_comp_s2w_9791_v3.png,A < B,1,3,0,no,2025-11-02T23:14:54.427251+00:00,T000597,9791::gpt_comp_s2w_9791_v2.png>>gpt_comp_s2w_9791_v3.png::T000597,,928,1920,953
9791::gpt_comp_s2w_9791_v2.png||gpt_comp_s2w_9791_v4.png,9791,gpt_comp_s2w_9791_v2.png,gpt_comp_s2w_9791_v4.png,A < B,1,3,0,no,2025-11-02T23:14:52.562005+00:00,T000598,9791::gpt_comp_s2w_9791_v2.png>>gpt_comp_s2w_9791_v4.png::T000598,,2298,1920,953
9791::gpt_comp_s2w_9791_v3.png||gpt_comp_s2w_9791_v4.png,9791,gpt_comp_s2w_9791_v3.png,gpt_comp_s2w_9791_v4.png,A > B,-1,2,0,no,2025-11-02T23:14:49.226212+00:00,T000599,9791::gpt_comp_s2w_9791_v3.png>>gpt_comp_s2w_9791_v4.png::T000599,,2022,1920,953
17058::gpt_comp_s2w_17058_v1.png||gpt_comp_s2w_17058_v3.png,17058,gpt_comp_s2w_17058_v1.png,gpt_comp_s2w_17058_v3.png,A < B,1,3,0,yes,2025-11-02T23:15:32.507706+00:00,DUP_T000067,17058::gpt_comp_s2w_17058_v1.png>>gpt_comp_s2w_17058_v3.png::DUP_T000067,T000067,6704,1920,953
1897::gemini_comp_s2w_1897_v1.png||gemini_comp_s2w_1897_v3.png,1897,gemini_comp_s2w_1897_v1.png,gemini_comp_s2w_1897_v3.png,A < B,1,3,0,yes,2025-11-02T23:15:02.710317+00:00,DUP_T000091,1897::gemini_comp_s2w_1897_v1.png>>gemini_comp_s2w_1897_v3.png::DUP_T000091,T000091,3972,1920,953
28040::gemini_comp_s2w_28040_v3.png||gemini_comp_s2w_28040_v4.png,28040,gemini_comp_s2w_28040_v3.png,gemini_comp_s2w_28040_v4.png,A > B,-1,2,0,yes,2025-11-02T23:15:17.270673+00:00,DUP_T000167,28040::gemini_comp_s2w_28040_v3.png>>gemini_comp_s2w_28040_v4.png::DUP_T000167,T000167,2394,1920,953
2962::gpt_comp_s2w_2962_v1.png||gpt_comp_s2w_2962_v2.png,2962,gpt_comp_s2w_2962_v1.png,gpt_comp_s2w_2962_v2.png,A < B,1,3,0,yes,2025-11-02T23:15:05.248170+00:00,DUP_T000192,2962::gpt_comp_s2w_2962_v1.png>>gpt_comp_s2w_2962_v2.png::DUP_T000192,T000192,1712,1920,953
2962::gpt_comp_s2w_2962_v1.png||gpt_comp_s2w_2962_v3.png,2962,gpt_comp_s2w_2962_v1.png,gpt_comp_s2w_2962_v3.png,A > B,-1,2,0,yes,2025-11-02T23:15:20.757449+00:00,DUP_T000193,2962::gpt_comp_s2w_2962_v1.png>>gpt_comp_s2w_2962_v3.png::DUP_T000193,T000193,2235,1920,953
51339::gpt_comp_s2w_51339_v1.png||gpt_comp_s2w_51339_v3.png,51339,gpt_comp_s2w_51339_v1.png,gpt_comp_s2w_51339_v3.png,A > B,-1,2,0,yes,2025-11-02T23:15:24.328416+00:00,DUP_T000361,51339::gpt_comp_s2w_51339_v1.png>>gpt_comp_s2w_51339_v3.png::DUP_T000361,T000361,2010,1920,953
5651::gpt_comp_s2w_5651_v2.png||gpt_comp_s2w_5651_v3.png,5651,gpt_comp_s2w_5651_v2.png,gpt_comp_s2w_5651_v3.png,A > B,-1,2,0,yes,2025-11-02T23:15:08.934727+00:00,DUP_T000393,5651::gpt_comp_s2w_5651_v2.png>>gpt_comp_s2w_5651_v3.png::DUP_T000393,T000393,2609,1920,953
57893::gpt_comp_s2w_57893_v2.png||gpt_comp_s2w_57893_v4.png,57893,gpt_comp_s2w_57893_v2.png,gpt_comp_s2w_57893_v4.png,A < B,1,3,0,yes,2025-11-02T23:15:13.668630+00:00,DUP_T000412,57893::gpt_comp_s2w_57893_v2.png>>gpt_comp_s2w_57893_v4.png::DUP_T000412,T000412,1171,1920,953
70410::gemini_comp_s2w_70410_v1.png||gemini_comp_s2w_70410_v2.png,70410,gemini_comp_s2w_70410_v1.png,gemini_comp_s2w_70410_v2.png,A >> B,-2,"2,4,1",2,yes,2025-11-02T23:15:46.153835+00:00,DUP_T000510,70410::gemini_comp_s2w_70410_v1.png>>gemini_comp_s2w_70410_v2.png::DUP_T000510,T000510,861,1920,953
9244::gemini_comp_s2w_9244_v2.png||gemini_comp_s2w_9244_v4.png,9244,gemini_comp_s2w_9244_v2.png,gemini_comp_s2w_9244_v4.png,A < B,1,3,0,yes,2025-11-02T23:15:11.316823+00:00,DUP_T000574,9244::gemini_comp_s2w_9244_v2.png>>gemini_comp_s2w_9244_v4.png::DUP_T000574,T000574,1183,1920,953
